submissionId,teamId,teamName,filename,score,usedPairs,processedAt
81d390ae-c753-4833-b781-6e980f171c85,14eeb594-591f-4e44-9aaa-350cbb94afde,resourceful-quiver,resourceful-quiver_v241.parquet,199.9065,24289,2025-11-29T05:22:21.640567Z
c138ad5f-9a29-4998-bb8d-7d1388b442be,14eeb594-591f-4e44-9aaa-350cbb94afde,resourceful-quiver,resourceful-quiver_v245.parquet,199.9065,24289,2025-11-29T05:39:58.49769Z
a2428efb-0da5-4d56-a7b6-4263c5d54f00,14eeb594-591f-4e44-9aaa-350cbb94afde,resourceful-quiver,resourceful-quiver_v247.parquet,199.9065,24289,2025-11-29T18:11:11.219534Z
6c83a01a-156f-4b0d-a0bd-15ca2a45ca98,14eeb594-591f-4e44-9aaa-350cbb94afde,resourceful-quiver,resourceful-quiver_v239.parquet,200.5484,24289,2025-11-29T05:11:52.418106Z
9ff74b6d-4ca1-46c7-812a-b5d5b12fb574,14eeb594-591f-4e44-9aaa-350cbb94afde,resourceful-quiver,resourceful-quiver_v242.parquet,201.0368,24289,2025-11-29T05:31:48.640773Z
2c95bf0e-d991-4411-8e4f-2f0b5cbff981,14eeb594-591f-4e44-9aaa-350cbb94afde,resourceful-quiver,resourceful-quiver_v246.parquet,201.0368,24289,2025-11-29T16:08:28.795305Z
72e4dd49-845f-4994-980d-38b2a969aa73,14eeb594-591f-4e44-9aaa-350cbb94afde,resourceful-quiver,resourceful-quiver_v238.parquet,201.1431,24289,2025-11-29T05:05:27.897284Z
9911fb7a-f617-4f9a-9320-e807566c7c6c,14eeb594-591f-4e44-9aaa-350cbb94afde,resourceful-quiver,resourceful-quiver_v234.parquet,201.6903,24289,2025-11-29T04:42:02.547296Z
4ab70c9c-d8bf-4c65-8f75-260325be43e2,14eeb594-591f-4e44-9aaa-350cbb94afde,resourceful-quiver,resourceful-quiver_v237.parquet,201.6903,24289,2025-11-29T05:02:02.283721Z
5dbfb2a3-2bea-4fae-90db-38847c8aa14c,14eeb594-591f-4e44-9aaa-350cbb94afde,resourceful-quiver,resourceful-quiver_v206.parquet,201.8176,24289,2025-11-26T19:36:35.432078Z
6d35a61f-8e60-40f4-b890-f8afa4f1cc26,14eeb594-591f-4e44-9aaa-350cbb94afde,resourceful-quiver,resourceful-quiver_v207.parquet,201.8176,24289,2025-11-26T19:39:51.568295Z
22a98d6a-379e-40aa-a91c-c3c883e8d51f,14eeb594-591f-4e44-9aaa-350cbb94afde,resourceful-quiver,resourceful-quiver_v214.parquet,201.8176,24289,2025-11-27T16:17:03.084222Z
8dedd5fd-5bda-42b7-a234-21a02e6de7e4,14eeb594-591f-4e44-9aaa-350cbb94afde,resourceful-quiver,resourceful-quiver_v187.parquet,201.8658,24289,2025-11-26T19:32:23.62634Z
4a15942a-b5c9-4344-ac28-39deb58b962e,14eeb594-591f-4e44-9aaa-350cbb94afde,resourceful-quiver,resourceful-quiver_v231.parquet,201.8853,24289,2025-11-29T04:32:23.057676Z
5a8fb2f2-043a-4e6c-b55a-1d2cbc6fae73,14eeb594-591f-4e44-9aaa-350cbb94afde,resourceful-quiver,resourceful-quiver_v232.parquet,201.8853,24289,2025-11-29T04:37:22.798776Z
a035848b-1325-48f0-9c8a-640bdf25acb4,14eeb594-591f-4e44-9aaa-350cbb94afde,resourceful-quiver,resourceful-quiver_v179.parquet,201.9757,24289,2025-11-26T11:03:43.738003Z
a43e003c-e036-4cbe-9021-736bf950b2fc,14eeb594-591f-4e44-9aaa-350cbb94afde,resourceful-quiver,resourceful-quiver_v186.parquet,202.2689,24289,2025-11-26T13:42:49.624697Z
b28518bf-2c17-4e0e-ac94-bf3584eb2fee,14eeb594-591f-4e44-9aaa-350cbb94afde,resourceful-quiver,resourceful-quiver_v212.parquet,202.4807,24289,2025-11-26T21:06:44.131727Z
8259a32a-3d15-491d-8396-a27d918678c1,14eeb594-591f-4e44-9aaa-350cbb94afde,resourceful-quiver,resourceful-quiver_v173.parquet,202.588,24289,2025-11-24T21:57:41.517359Z
1462a6e1-ab62-4274-992d-38b93db0cfa4,14eeb594-591f-4e44-9aaa-350cbb94afde,resourceful-quiver,resourceful-quiver_v235.parquet,203.0778,24289,2025-11-29T04:45:27.868597Z
98d4e4d4-5a0a-49d4-8b6c-3e4db78e76e2,14eeb594-591f-4e44-9aaa-350cbb94afde,resourceful-quiver,resourceful-quiver_v248.parquet,203.0903,24289,2025-11-29T20:40:23.824583Z
dedad97f-0e74-4968-af53-d8bbdcd44ad1,14eeb594-591f-4e44-9aaa-350cbb94afde,resourceful-quiver,resourceful-quiver_v199.parquet,203.1075,24289,2025-11-26T15:44:44.113263Z
79cb4ebf-eadc-42c8-8bd4-c68ca029d70f,14eeb594-591f-4e44-9aaa-350cbb94afde,resourceful-quiver,resourceful-quiver_v208.parquet,203.1677,24289,2025-11-26T20:15:30.201876Z
72094f04-8aa4-4980-9650-ba36266152c8,14eeb594-591f-4e44-9aaa-350cbb94afde,resourceful-quiver,resourceful-quiver_v174.parquet,203.182,24289,2025-11-25T14:21:47.342565Z
0728932d-a914-49a2-b0f4-56e53e3dedb6,14eeb594-591f-4e44-9aaa-350cbb94afde,resourceful-quiver,resourceful-quiver_v228.parquet,203.2704,24289,2025-11-29T04:05:30.494244Z
5725df0e-cd77-4036-b0c6-3092c92179be,14eeb594-591f-4e44-9aaa-350cbb94afde,resourceful-quiver,resourceful-quiver_v180.parquet,203.2914,24289,2025-11-26T11:12:44.899793Z
fc767cb6-8781-4256-a50e-6b5d01b55bab,14eeb594-591f-4e44-9aaa-350cbb94afde,resourceful-quiver,resourceful-quiver_v224.parquet,203.4234,24289,2025-11-29T03:36:23.230982Z
e499d07d-92bb-4d06-ac3b-6eef97db7bf4,14eeb594-591f-4e44-9aaa-350cbb94afde,resourceful-quiver,resourceful-quiver_v91.parquet,203.5482,24289,2025-11-12T18:31:19.393682Z
d7775de2-cdae-4d9b-8d9f-00367de25048,14eeb594-591f-4e44-9aaa-350cbb94afde,resourceful-quiver,resourceful-quiver_v169.parquet,203.5517,24289,2025-11-24T20:44:48.054518Z
02f3194e-ae6a-4754-a774-baec59dfdf13,14eeb594-591f-4e44-9aaa-350cbb94afde,resourceful-quiver,resourceful-quiver_v170.parquet,203.5517,24289,2025-11-24T21:18:15.992511Z
28dc8fb7-ce30-424f-bf77-99c98b31299b,14eeb594-591f-4e44-9aaa-350cbb94afde,resourceful-quiver,resourceful-quiver_v176.parquet,203.5517,24289,2025-11-26T09:47:52.83081Z
1bca126b-12c9-4038-b1ea-b6edaa1062c0,14eeb594-591f-4e44-9aaa-350cbb94afde,resourceful-quiver,resourceful-quiver_v90.parquet,203.5874,24289,2025-11-12T18:04:42.483676Z
6f4db42b-77a3-4974-8389-fae4b9162dc1,14eeb594-591f-4e44-9aaa-350cbb94afde,resourceful-quiver,resourceful-quiver_v165.parquet,203.6707,24289,2025-11-24T20:19:07.808843Z
ce9ddc77-ef26-4b6c-843a-7ca091037433,14eeb594-591f-4e44-9aaa-350cbb94afde,resourceful-quiver,resourceful-quiver_v192.parquet,203.7456,24289,2025-11-28T10:11:51.397156Z
3a8413d0-03ba-4aec-a38b-5066d4963faf,14eeb594-591f-4e44-9aaa-350cbb94afde,resourceful-quiver,resourceful-quiver_v222.parquet,203.7456,24289,2025-11-28T10:36:08.902306Z
508658cb-3444-4aa3-8043-a2d99342c585,14eeb594-591f-4e44-9aaa-350cbb94afde,resourceful-quiver,resourceful-quiver_v223.parquet,203.7456,24289,2025-11-28T10:59:55.485036Z
09e71c2c-1604-43bd-ab1e-52eed235c309,14eeb594-591f-4e44-9aaa-350cbb94afde,resourceful-quiver,resourceful-quiver_v93.parquet,203.8321,24289,2025-11-12T20:41:43.886436Z
414dc111-8771-4b7a-aa10-d14d981c57b7,14eeb594-591f-4e44-9aaa-350cbb94afde,resourceful-quiver,resourceful-quiver_v221.parquet,203.8751,24289,2025-11-28T10:34:43.37109Z
e3ede892-e676-4398-94c9-4d8ee36f7159,14eeb594-591f-4e44-9aaa-350cbb94afde,resourceful-quiver,resourceful-quiver_v190.parquet,203.9973,24289,2025-11-26T14:16:51.024525Z
50a69ab4-b16d-435f-83be-f48bf102d003,14eeb594-591f-4e44-9aaa-350cbb94afde,resourceful-quiver,resourceful-quiver_v164.parquet,204.102,24289,2025-11-24T20:17:47.526513Z
0aa945bb-9fa6-44e8-bbc0-1e0c82959ae6,14eeb594-591f-4e44-9aaa-350cbb94afde,resourceful-quiver,resourceful-quiver_v184.parquet,204.1391,24289,2025-11-26T13:28:42.482025Z
39d646e8-bc90-4bf3-96de-b51c9eb31226,14eeb594-591f-4e44-9aaa-350cbb94afde,resourceful-quiver,resourceful-quiver_v229.parquet,204.1926,24289,2025-11-29T04:12:47.44167Z
8ab43783-25e0-4662-91e0-d6ce6bc78aeb,14eeb594-591f-4e44-9aaa-350cbb94afde,resourceful-quiver,resourceful-quiver_v225.parquet,204.2424,24289,2025-11-29T03:47:23.190214Z
0afef815-8e80-471e-aebe-a64654ecfcc6,14eeb594-591f-4e44-9aaa-350cbb94afde,resourceful-quiver,resourceful-quiver_v226.parquet,204.2424,24289,2025-11-29T03:54:51.251056Z
8be8c454-c56e-4047-b1fb-999be3093756,14eeb594-591f-4e44-9aaa-350cbb94afde,resourceful-quiver,resourceful-quiver_v217.parquet,204.3335,24289,2025-11-27T16:47:23.204953Z
0963f565-920c-40af-920e-8487961bc6ce,14eeb594-591f-4e44-9aaa-350cbb94afde,resourceful-quiver,resourceful-quiver_v202.parquet,204.3457,24289,2025-11-26T19:13:46.789441Z
7caad994-bb14-44d7-9d11-c89b576e8418,14eeb594-591f-4e44-9aaa-350cbb94afde,resourceful-quiver,resourceful-quiver_v182.parquet,204.4401,24289,2025-11-26T11:24:40.169314Z
fdb34c8c-a25f-4f54-b2bd-407c17a683b5,14eeb594-591f-4e44-9aaa-350cbb94afde,resourceful-quiver,resourceful-quiver_v94.parquet,204.4938,24289,2025-11-12T21:49:13.364788Z
ed9ff2cd-b810-4e7f-b3ed-d228be8b0ab2,14eeb594-591f-4e44-9aaa-350cbb94afde,resourceful-quiver,resourceful-quiver_v175.parquet,204.5403,24289,2025-11-25T15:00:41.521097Z
9240d4da-ac9f-49ca-9412-412a49b354d2,14eeb594-591f-4e44-9aaa-350cbb94afde,resourceful-quiver,resourceful-quiver_v185.parquet,204.6088,24289,2025-11-26T13:38:14.1617Z
9e53bc6d-a36c-4fd2-aeca-70a429883d49,14eeb594-591f-4e44-9aaa-350cbb94afde,resourceful-quiver,resourceful-quiver_v201.parquet,204.6336,24289,2025-11-26T19:10:51.184468Z
25b03b31-421b-4220-8588-00de0ddce6be,14eeb594-591f-4e44-9aaa-350cbb94afde,resourceful-quiver,resourceful-quiver_v92.parquet,204.6498,24289,2025-11-12T20:06:25.026344Z
cc52c0e5-6bce-473a-8115-024d6678cbbd,14eeb594-591f-4e44-9aaa-350cbb94afde,resourceful-quiver,resourceful-quiver_v141.parquet,204.6791,24289,2025-11-26T10:02:30.268608Z
6104410f-9ebe-48ae-bd05-1a2ee831715f,14eeb594-591f-4e44-9aaa-350cbb94afde,resourceful-quiver,resourceful-quiver_v240.parquet,204.8347,24289,2025-11-29T05:18:22.667833Z
dccfd7fa-4cb8-4c9c-a784-2a0dcf304f15,14eeb594-591f-4e44-9aaa-350cbb94afde,resourceful-quiver,resourceful-quiver_v220.parquet,204.9002,24289,2025-11-28T08:31:34.294296Z
2e4561f2-7a54-4189-a08b-45915c1e5c4e,14eeb594-591f-4e44-9aaa-350cbb94afde,resourceful-quiver,resourceful-quiver_v166.parquet,204.9065,24289,2025-11-24T20:22:54.023648Z
36686fe5-e730-41e9-90fe-bcca33dfb6dc,14eeb594-591f-4e44-9aaa-350cbb94afde,resourceful-quiver,resourceful-quiver_v236.parquet,204.9081,24289,2025-11-29T04:49:24.473806Z
7ab8c6b6-3170-4e2e-b9b6-35315a359bfb,14eeb594-591f-4e44-9aaa-350cbb94afde,resourceful-quiver,resourceful-quiver_v216.parquet,204.9373,24289,2025-11-27T16:29:45.909358Z
dbd636e1-aeca-4483-9c1f-45c369b373fc,14eeb594-591f-4e44-9aaa-350cbb94afde,resourceful-quiver,resourceful-quiver_v89.parquet,204.9679,24289,2025-11-12T18:01:30.322896Z
d2ba46d6-7bf6-417e-86cf-c7a5d10c04dd,14eeb594-591f-4e44-9aaa-350cbb94afde,resourceful-quiver,resourceful-quiver_v210.parquet,205.0047,24289,2025-11-26T20:33:49.039997Z
4a413a6a-f187-43b0-bb30-18f8fb284f17,14eeb594-591f-4e44-9aaa-350cbb94afde,resourceful-quiver,resourceful-quiver_v177.parquet,205.0415,24289,2025-11-26T10:46:46.824642Z
47fa9934-07fe-4cb1-9e82-2ba49f37ed4b,14eeb594-591f-4e44-9aaa-350cbb94afde,resourceful-quiver,resourceful-quiver_v198.parquet,205.083,24289,2025-11-26T15:41:39.217193Z
07fa4fa5-25ac-4020-8786-b7174699827a,14eeb594-591f-4e44-9aaa-350cbb94afde,resourceful-quiver,resourceful-quiver_v233.parquet,205.2084,24289,2025-11-29T04:39:36.196726Z
ad124eea-5008-4853-9ab9-dff296b54544,14eeb594-591f-4e44-9aaa-350cbb94afde,resourceful-quiver,resourceful-quiver_v193.parquet,205.2494,24289,2025-11-28T05:23:31.718246Z
1e8fefce-2542-4538-91fb-cd4123dc1588,14eeb594-591f-4e44-9aaa-350cbb94afde,resourceful-quiver,resourceful-quiver_v106.parquet,205.3523,24289,2025-11-14T07:38:19.536985Z
c1c5965b-e811-4fc6-86d1-71b10d133647,14eeb594-591f-4e44-9aaa-350cbb94afde,resourceful-quiver,resourceful-quiver_v213.parquet,205.5421,24289,2025-11-27T13:49:19.50081Z
7d53e351-52ed-4ef1-9947-854ee1352a05,14eeb594-591f-4e44-9aaa-350cbb94afde,resourceful-quiver,resourceful-quiver_v230.parquet,205.6568,24289,2025-11-29T04:21:16.017888Z
3fd4700a-4af6-4b5c-9d16-a5fa1726cef7,14eeb594-591f-4e44-9aaa-350cbb94afde,resourceful-quiver,resourceful-quiver_v88.parquet,205.7156,24289,2025-11-12T16:53:36.474029Z
e71b653d-0d1e-4926-8aa6-079098d31f0e,14eeb594-591f-4e44-9aaa-350cbb94afde,resourceful-quiver,resourceful-quiver_v181.parquet,205.817,24289,2025-11-26T11:21:06.596008Z
c172120f-0cfc-42e9-a245-a847657de3ae,14eeb594-591f-4e44-9aaa-350cbb94afde,resourceful-quiver,resourceful-quiver_v163.parquet,205.8231,24289,2025-11-24T20:15:13.406159Z
b2c6cf99-cf3f-4594-9174-e276c5d23743,14eeb594-591f-4e44-9aaa-350cbb94afde,resourceful-quiver,resourceful-quiver_v188.parquet,205.8459,24289,2025-11-28T05:14:15.755078Z
9e45b7a8-5cd5-4137-ae5c-071347338273,14eeb594-591f-4e44-9aaa-350cbb94afde,resourceful-quiver,resourceful-quiver_v195.parquet,205.9495,24289,2025-11-26T15:13:48.504059Z
669360e8-b4fe-44bd-ae5c-a0102b27107f,14eeb594-591f-4e44-9aaa-350cbb94afde,resourceful-quiver,resourceful-quiver_v196.parquet,206.062,24289,2025-11-26T15:17:24.0244Z
6df96a54-1e76-47ed-a729-2f9c286709e4,14eeb594-591f-4e44-9aaa-350cbb94afde,resourceful-quiver,resourceful-quiver_v178.parquet,206.1166,24289,2025-11-26T10:57:05.250629Z
657d1def-8944-4907-906f-1882b30ebcab,14eeb594-591f-4e44-9aaa-350cbb94afde,resourceful-quiver,resourceful-quiver_v105.parquet,206.1718,24289,2025-11-13T23:27:14.692968Z
d7c82309-d2b1-4e07-a6ec-f302582a5d24,14eeb594-591f-4e44-9aaa-350cbb94afde,resourceful-quiver,resourceful-quiver_v197.parquet,206.2227,24289,2025-11-26T15:19:43.788294Z
ac313645-aa26-4d41-ab32-c62e93070aa9,14eeb594-591f-4e44-9aaa-350cbb94afde,resourceful-quiver,resourceful-quiver_v183.parquet,206.2934,24289,2025-11-26T13:33:47.121441Z
9fdde56d-a8bd-4114-9f2d-42f01e1142e8,14eeb594-591f-4e44-9aaa-350cbb94afde,resourceful-quiver,resourceful-quiver_v162.parquet,206.3336,24289,2025-11-24T20:05:05.020794Z
6b7d9b5d-9bcc-49a2-844d-045586164301,14eeb594-591f-4e44-9aaa-350cbb94afde,resourceful-quiver,resourceful-quiver_v147.parquet,206.337,24289,2025-11-24T10:13:13.254624Z
b5e6176b-0b75-4430-811b-1a8627ba23b6,14eeb594-591f-4e44-9aaa-350cbb94afde,resourceful-quiver,resourceful-quiver_v249.parquet,206.4849,24289,2025-11-29T20:43:22.291226Z
8270ce0f-686e-48e3-acfc-b82afa9e8961,14eeb594-591f-4e44-9aaa-350cbb94afde,resourceful-quiver,resourceful-quiver_v143.parquet,206.6315,24289,2025-11-23T22:01:59.687512Z
b919a2fc-972f-4bd6-891a-74573b0ccc52,14eeb594-591f-4e44-9aaa-350cbb94afde,resourceful-quiver,resourceful-quiver_v146.parquet,206.6315,24289,2025-11-24T09:51:14.33592Z
0bc5c202-14f9-4a1e-a994-d1d76473d4bb,14eeb594-591f-4e44-9aaa-350cbb94afde,resourceful-quiver,resourceful-quiver_v87.parquet,206.7343,24289,2025-11-12T16:26:49.372028Z
9d0c32af-e0f5-471f-9d0d-963127939f30,14eeb594-591f-4e44-9aaa-350cbb94afde,resourceful-quiver,resourceful-quiver_v142.parquet,206.8,24289,2025-11-26T10:07:02.24003Z
ab15eff4-b299-41cd-bd6e-56b8818c6d7f,14eeb594-591f-4e44-9aaa-350cbb94afde,resourceful-quiver,resourceful-quiver_v148.parquet,207.09,24289,2025-11-24T10:15:21.343122Z
76632eac-086c-48f4-ab2e-54440c308c47,14eeb594-591f-4e44-9aaa-350cbb94afde,resourceful-quiver,resourceful-quiver_v160.parquet,207.2342,24289,2025-11-24T15:04:33.556125Z
df7325cb-bb80-4d0e-a042-c818ab99aee9,14eeb594-591f-4e44-9aaa-350cbb94afde,resourceful-quiver,resourceful-quiver_v145.parquet,207.2679,24289,2025-11-24T09:40:04.003686Z
0b18f84a-bb1f-4e49-909c-0e08f308c2dc,14eeb594-591f-4e44-9aaa-350cbb94afde,resourceful-quiver,resourceful-quiver_v76.parquet,207.4842,24289,2025-11-08T16:40:56.523561Z
30b7acae-ef13-4b6c-a690-5c5d76011ec1,14eeb594-591f-4e44-9aaa-350cbb94afde,resourceful-quiver,resourceful-quiver_v75.parquet,207.5537,24289,2025-11-08T16:37:25.766216Z
db8427bd-2d73-499c-81a6-78c34bad4074,14eeb594-591f-4e44-9aaa-350cbb94afde,resourceful-quiver,resourceful-quiver_v42.parquet,207.5824,24289,2025-11-07T11:52:06.253317Z
cbe3c2cd-a20d-4942-9b56-30dd41a4f229,14eeb594-591f-4e44-9aaa-350cbb94afde,resourceful-quiver,resourceful-quiver_v74.parquet,207.6095,24289,2025-11-08T16:36:34.575362Z
2006b727-26b1-4054-8cec-a9c37f9fef34,14eeb594-591f-4e44-9aaa-350cbb94afde,resourceful-quiver,resourceful-quiver_v149.parquet,207.7219,24289,2025-11-24T10:29:47.334138Z
803269c9-cc1b-4d5a-bb70-1407117a45a2,14eeb594-591f-4e44-9aaa-350cbb94afde,resourceful-quiver,resourceful-quiver_v72.parquet,207.7964,24289,2025-11-08T16:32:04.018204Z
2ff1c8df-78f8-4b29-9208-9652ecac2e6b,14eeb594-591f-4e44-9aaa-350cbb94afde,resourceful-quiver,resourceful-quiver_v71.parquet,207.8891,24289,2025-11-08T16:27:51.202106Z
4fb3e2cf-8022-4b28-835a-d50a37966085,14eeb594-591f-4e44-9aaa-350cbb94afde,resourceful-quiver,resourceful-quiver_v39.parquet,207.9142,24289,2025-11-07T10:27:16.152287Z
049dda46-c42c-401b-925d-7e4b09dfcb2e,14eeb594-591f-4e44-9aaa-350cbb94afde,resourceful-quiver,resourceful-quiver_v41.parquet,207.9142,24289,2025-11-07T11:35:14.824951Z
d7238ae2-798a-46ba-9568-6bfa8cb44d95,14eeb594-591f-4e44-9aaa-350cbb94afde,resourceful-quiver,resourceful-quiver_v45.parquet,207.9239,24289,2025-11-07T13:49:54.713481Z
79dc897b-c756-44f8-b7e9-33c20b2e36c6,14eeb594-591f-4e44-9aaa-350cbb94afde,resourceful-quiver,resourceful-quiver_v69.parquet,207.9368,24289,2025-11-08T16:24:20.449703Z
5b87806c-d649-4f25-bbf4-867fa2616800,14eeb594-591f-4e44-9aaa-350cbb94afde,resourceful-quiver,resourceful-quiver_v70.parquet,207.9368,24289,2025-11-08T16:26:24.369647Z
1a89ef61-cb83-4b9d-bc11-681864a13372,14eeb594-591f-4e44-9aaa-350cbb94afde,resourceful-quiver,resourceful-quiver_v64.parquet,207.9731,24289,2025-11-08T15:57:13.39309Z
eada8724-0f37-45f7-a94a-1cb7f709b5d4,14eeb594-591f-4e44-9aaa-350cbb94afde,resourceful-quiver,resourceful-quiver_v53.parquet,208.0292,24289,2025-11-08T14:08:05.389124Z
18ef98bf-1f86-4cc7-8c9e-80d0a89b7d83,14eeb594-591f-4e44-9aaa-350cbb94afde,resourceful-quiver,resourceful-quiver_v211.parquet,208.157,24289,2025-11-26T20:39:57.269807Z
f81a447a-95ce-465a-ba5f-26fd16c9e300,14eeb594-591f-4e44-9aaa-350cbb94afde,resourceful-quiver,resourceful-quiver_v56.parquet,208.3332,24289,2025-11-08T15:39:08.411445Z
e398aeaa-a6a0-4314-81e6-f4cb6eb0fcab,14eeb594-591f-4e44-9aaa-350cbb94afde,resourceful-quiver,resourceful-quiver_v60.parquet,208.3332,24289,2025-11-08T15:46:52.676111Z
40cf453f-aeb3-4318-ad7d-99c27be96a72,14eeb594-591f-4e44-9aaa-350cbb94afde,resourceful-quiver,resourceful-quiver_v61.parquet,208.3332,24289,2025-11-08T15:49:56.066172Z
ed749d96-c306-4743-999b-07b30d1c26dd,14eeb594-591f-4e44-9aaa-350cbb94afde,resourceful-quiver,resourceful-quiver_v62.parquet,208.3332,24289,2025-11-08T15:52:40.272392Z
1b8c4230-e96e-4b1d-97ba-8bd3cce4f97d,14eeb594-591f-4e44-9aaa-350cbb94afde,resourceful-quiver,resourceful-quiver_v73.parquet,208.3365,24289,2025-11-08T16:34:25.531581Z
bad4308f-4c67-4e1c-9d36-4f3073ab6b76,14eeb594-591f-4e44-9aaa-350cbb94afde,resourceful-quiver,resourceful-quiver_v243.parquet,208.708,24289,2025-11-29T05:35:32.962217Z
e538b01a-9840-44db-89c4-59ccca7dbce1,14eeb594-591f-4e44-9aaa-350cbb94afde,resourceful-quiver,resourceful-quiver_v168.parquet,208.7225,24289,2025-11-24T20:42:35.298917Z
9abf03e1-177e-429a-97e9-c4bc4272b69e,14eeb594-591f-4e44-9aaa-350cbb94afde,resourceful-quiver,resourceful-quiver_v57.parquet,208.7238,24289,2025-11-08T15:42:11.943673Z
0ce89733-b8b8-4b0c-aed2-2b2339acd250,14eeb594-591f-4e44-9aaa-350cbb94afde,resourceful-quiver,resourceful-quiver_v58.parquet,208.7238,24289,2025-11-08T15:44:07.578081Z
795cdf98-0a3c-4caa-ba0f-6bd5d4e48dce,14eeb594-591f-4e44-9aaa-350cbb94afde,resourceful-quiver,resourceful-quiver_v59.parquet,208.7238,24289,2025-11-08T15:44:57.140824Z
56319d64-0950-4589-b6a1-e9ea7952b950,14eeb594-591f-4e44-9aaa-350cbb94afde,resourceful-quiver,resourceful-quiver_v86.parquet,208.8697,24289,2025-11-12T15:31:30.820684Z
49b2425b-d120-453d-af79-7e45d8743939,14eeb594-591f-4e44-9aaa-350cbb94afde,resourceful-quiver,resourceful-quiver_v40.parquet,208.8881,24289,2025-11-07T11:24:34.30587Z
0177f39c-9e4c-4cf9-95d4-20efbe78ba87,14eeb594-591f-4e44-9aaa-350cbb94afde,resourceful-quiver,resourceful-quiver_v191.parquet,209.0294,24289,2025-11-26T15:23:10.541281Z
4efa7eb0-54de-4974-874c-177b557d078a,14eeb594-591f-4e44-9aaa-350cbb94afde,resourceful-quiver,resourceful-quiver_v55.parquet,209.1528,24289,2025-11-08T14:10:51.857428Z
54dc5198-0de3-449a-bf43-049db9e6693c,14eeb594-591f-4e44-9aaa-350cbb94afde,resourceful-quiver,resourceful-quiver_v167.parquet,209.3684,24289,2025-11-24T20:29:45.924289Z
328179f3-de91-45d1-9ee2-32927cdcd04f,14eeb594-591f-4e44-9aaa-350cbb94afde,resourceful-quiver,resourceful-quiver_v48.parquet,209.5036,24289,2025-11-07T16:29:12.318531Z
02e5f321-6c33-47a7-89b5-31d3c6e5f3d6,14eeb594-591f-4e44-9aaa-350cbb94afde,resourceful-quiver,resourceful-quiver_v46.parquet,209.5532,24289,2025-11-07T15:29:12.867414Z
3a021771-2d8f-4262-9ef4-b7394e8e16aa,14eeb594-591f-4e44-9aaa-350cbb94afde,resourceful-quiver,resourceful-quiver_v54.parquet,209.9996,24289,2025-11-08T14:09:31.540421Z
46f1af64-4231-4a27-92ca-f21cc54b79dd,14eeb594-591f-4e44-9aaa-350cbb94afde,resourceful-quiver,resourceful-quiver_v152.parquet,210.2284,24289,2025-11-24T11:04:11.799977Z
2c31e6b5-a2fe-471e-a943-66f16e4b415c,14eeb594-591f-4e44-9aaa-350cbb94afde,resourceful-quiver,resourceful-quiver_v49.parquet,210.2891,24289,2025-11-07T16:31:11.162983Z
25d6d664-f6ec-4be9-a7ae-4296d3f43ae8,14eeb594-591f-4e44-9aaa-350cbb94afde,resourceful-quiver,resourceful-quiver_v200.parquet,210.7146,24289,2025-11-26T19:07:26.134352Z
fa7f1e63-3654-4653-8e63-3d694922e873,14eeb594-591f-4e44-9aaa-350cbb94afde,resourceful-quiver,resourceful-quiver_v47.parquet,210.7983,24289,2025-11-07T16:26:15.968468Z
dfe53cd6-0acf-43ae-8b6e-951ccc296cfb,14eeb594-591f-4e44-9aaa-350cbb94afde,resourceful-quiver,resourceful-quiver_v102.parquet,210.9067,24289,2025-11-13T14:57:42.62229Z
20853a67-6752-409f-8f7d-64321129f559,14eeb594-591f-4e44-9aaa-350cbb94afde,resourceful-quiver,resourceful-quiver_v156.parquet,210.9268,24289,2025-11-24T14:41:44.388521Z
a3af484c-f72a-4305-b381-477e75bd338b,14eeb594-591f-4e44-9aaa-350cbb94afde,resourceful-quiver,resourceful-quiver_v215.parquet,211.2008,24289,2025-11-27T15:42:42.91332Z
824c38f0-e4ea-4148-ad55-13825d8469f4,14eeb594-591f-4e44-9aaa-350cbb94afde,resourceful-quiver,resourceful-quiver_v37.parquet,211.2485,24289,2025-11-07T08:58:08.838112Z
8d856f85-fd59-4c68-a1fd-5166f782fd15,14eeb594-591f-4e44-9aaa-350cbb94afde,resourceful-quiver,resourceful-quiver_v194.parquet,211.4231,24289,2025-11-26T14:46:43.970687Z
286cabe4-932c-49e4-9b99-d6f6f5cba6ef,14eeb594-591f-4e44-9aaa-350cbb94afde,resourceful-quiver,resourceful-quiver_v36.parquet,211.4364,24289,2025-11-07T08:40:46.533382Z
81a95d68-54f0-4a0c-9e34-dfccfcc8f282,14eeb594-591f-4e44-9aaa-350cbb94afde,resourceful-quiver,resourceful-quiver_v34.parquet,211.5523,24289,2025-11-07T08:05:17.522396Z
0498f84c-c7c4-4477-83bb-ef7a92c18eb8,14eeb594-591f-4e44-9aaa-350cbb94afde,resourceful-quiver,resourceful-quiver_v7.parquet,211.9974,24289,2025-10-20T10:17:23.577612Z
8d56d4e4-8edc-42e3-9f9e-19ba79d3c21b,14eeb594-591f-4e44-9aaa-350cbb94afde,resourceful-quiver,resourceful-quiver_v33.parquet,212.0388,24289,2025-11-07T07:58:12.400756Z
bebcbfd5-85f2-46ad-814e-311fe5d030ad,14eeb594-591f-4e44-9aaa-350cbb94afde,resourceful-quiver,resourceful-quiver_v67.parquet,212.1271,24289,2025-11-08T16:04:09.77826Z
f1b863c6-fe25-40a1-a202-5bac9563f14f,14eeb594-591f-4e44-9aaa-350cbb94afde,resourceful-quiver,resourceful-quiver_v66.parquet,212.1739,24289,2025-11-08T16:02:13.791343Z
d55f1d79-a5c5-4035-a7b7-4051daa71a50,14eeb594-591f-4e44-9aaa-350cbb94afde,resourceful-quiver,resourceful-quiver_v65.parquet,212.2786,24289,2025-11-08T15:58:44.73029Z
b33fc1f4-a058-47ba-b7f1-6a618b05972f,14eeb594-591f-4e44-9aaa-350cbb94afde,resourceful-quiver,resourceful-quiver_v5.parquet,212.3199,24289,2025-10-20T08:20:51.643002Z
880aa44d-e93b-4294-916a-8476401fd0ef,14eeb594-591f-4e44-9aaa-350cbb94afde,resourceful-quiver,resourceful-quiver_v35.parquet,212.3981,24289,2025-11-07T08:17:44.710287Z
ebbd89b2-13a0-4369-b4d6-67e247dc26e2,14eeb594-591f-4e44-9aaa-350cbb94afde,resourceful-quiver,resourceful-quiver_v140.parquet,212.5799,24289,2025-11-23T21:22:53.385653Z
67cda574-612d-4499-b28f-9f4a72a0e53b,14eeb594-591f-4e44-9aaa-350cbb94afde,resourceful-quiver,resourceful-quiver_v219.parquet,212.6673,24289,2025-11-28T05:29:55.074993Z
b737b100-a149-449b-ac6b-45430bac552e,14eeb594-591f-4e44-9aaa-350cbb94afde,resourceful-quiver,resourceful-quiver_v218.parquet,212.8011,24289,2025-11-28T04:46:43.422064Z
e945b99b-d7fe-4918-81a7-7d31841b5733,14eeb594-591f-4e44-9aaa-350cbb94afde,resourceful-quiver,resourceful-quiver_v189.parquet,212.8011,24289,2025-11-28T05:18:00.980111Z
b445bab0-406b-408f-90ce-60a05783fa64,14eeb594-591f-4e44-9aaa-350cbb94afde,resourceful-quiver,resourceful-quiver_v32.parquet,212.843,24289,2025-11-07T07:52:26.49977Z
56bbaf7e-d5ca-4233-9bb9-6340435fc850,14eeb594-591f-4e44-9aaa-350cbb94afde,resourceful-quiver,resourceful-quiver_v155.parquet,212.8741,24289,2025-11-24T14:36:07.125763Z
2ab94c88-5567-4369-afa4-d31b68f22af8,14eeb594-591f-4e44-9aaa-350cbb94afde,resourceful-quiver,resourceful-quiver_v16.parquet,213.121,24289,2025-10-24T15:04:31.237854Z
bce53a2e-fd07-4c11-a32e-cb3557e2fe23,e81c868f-93fb-429b-9070-9007b6de76c8,bright-lobster,bright-lobster_v297.parquet,213.2376,24289,2025-11-29T11:19:01.3985Z
e7d0d7f5-ee64-43b8-a50b-31bda18edf2a,e81c868f-93fb-429b-9070-9007b6de76c8,bright-lobster,bright-lobster_v302.parquet,213.2376,24289,2025-11-29T16:11:15.494301Z
6df88883-b633-41b1-86e5-c0986fe5f9ac,e81c868f-93fb-429b-9070-9007b6de76c8,bright-lobster,bright-lobster_v316.parquet,213.2376,24289,2025-11-29T22:38:47.413149Z
3324f8d4-3e66-4513-a954-6ee45074ca3d,e81c868f-93fb-429b-9070-9007b6de76c8,bright-lobster,bright-lobster_v324.parquet,213.2376,24289,2025-11-30T13:57:46.859793Z
6f4b1173-a073-4e88-8253-d161e299e744,14eeb594-591f-4e44-9aaa-350cbb94afde,resourceful-quiver,resourceful-quiver_v100.parquet,213.2422,24289,2025-11-13T14:03:07.367993Z
84a8dbb0-11d0-4e7e-a626-90d751fb2c12,e81c868f-93fb-429b-9070-9007b6de76c8,bright-lobster,bright-lobster_v281.parquet,213.3097,24289,2025-11-28T22:59:36.903853Z
bf5e4ba2-faa1-4571-88ed-62b51083350a,e81c868f-93fb-429b-9070-9007b6de76c8,bright-lobster,bright-lobster_v296.parquet,213.3097,24289,2025-11-28T23:55:55.153209Z
08257c33-afbb-43fa-96bc-15e2a55205a9,14eeb594-591f-4e44-9aaa-350cbb94afde,resourceful-quiver,resourceful-quiver_v38.parquet,213.3669,24289,2025-11-07T09:02:36.406945Z
006ec0bf-e63d-48fe-8189-1cf04a4083be,e81c868f-93fb-429b-9070-9007b6de76c8,bright-lobster,bright-lobster_v322.parquet,213.7351,24289,2025-11-30T12:30:03.457479Z
ed199588-b842-4152-ae54-6562231c2cc5,14eeb594-591f-4e44-9aaa-350cbb94afde,resourceful-quiver,resourceful-quiver_v68.parquet,213.7685,24289,2025-11-08T16:06:11.039479Z
597e75ab-5122-4051-bf2f-f65aaba38d1a,14eeb594-591f-4e44-9aaa-350cbb94afde,resourceful-quiver,resourceful-quiver_v6.parquet,213.8779,24289,2025-10-20T10:09:07.839358Z
9b1cebec-9474-46e3-ab74-799e1ed6026d,29dabcd6-5a77-466a-8894-b6055fe45569,sincere-glacier,sincere-glacier_v53.parquet,214.3613,24289,2025-11-27T17:30:27.432259Z
2ff26483-f078-48ad-a09b-65cf72259040,29dabcd6-5a77-466a-8894-b6055fe45569,sincere-glacier,sincere-glacier_v63.parquet,214.387,24289,2025-11-29T05:01:07.481063Z
94d95993-f7df-4ade-98e5-734fbd93f475,e81c868f-93fb-429b-9070-9007b6de76c8,bright-lobster,bright-lobster_v230.parquet,214.4228,24289,2025-11-28T08:20:20.827682Z
b386cb49-27ff-4b0b-a358-fd3853ae5d88,e81c868f-93fb-429b-9070-9007b6de76c8,bright-lobster,bright-lobster_v269.parquet,214.4228,24289,2025-11-28T20:45:33.142476Z
4d8ee3d1-d039-4efa-9a78-b256ad858971,e81c868f-93fb-429b-9070-9007b6de76c8,bright-lobster,bright-lobster_v271.parquet,214.4228,24289,2025-11-28T21:08:35.987649Z
f3047478-e531-4990-88a0-6b5958d5f9f4,14eeb594-591f-4e44-9aaa-350cbb94afde,resourceful-quiver,resourceful-quiver_v13.parquet,214.5005,24289,2025-10-24T12:04:38.063653Z
f5e2b309-39bc-4b4f-96ac-94763fa96e14,14eeb594-591f-4e44-9aaa-350cbb94afde,resourceful-quiver,resourceful-quiver_v161.parquet,214.6269,24289,2025-11-24T15:19:50.562401Z
e440f215-4ea4-472d-963a-4a07b94a523f,29dabcd6-5a77-466a-8894-b6055fe45569,sincere-glacier,sincere-glacier_v76.parquet,214.6732,24289,2025-11-30T18:32:20.672703Z
709ecd23-60c1-46f5-8094-7f6fc9033052,14eeb594-591f-4e44-9aaa-350cbb94afde,resourceful-quiver,resourceful-quiver_v20.parquet,214.706,24289,2025-11-05T19:28:27.022147Z
603a0488-7310-4cc7-9594-ab7e78de94bb,14eeb594-591f-4e44-9aaa-350cbb94afde,resourceful-quiver,resourceful-quiver_v158.parquet,214.7328,24289,2025-11-24T14:56:03.755182Z
c2ec51c9-7e6b-40c0-a9e2-08fc69621bf7,e81c868f-93fb-429b-9070-9007b6de76c8,bright-lobster,bright-lobster_v280.parquet,214.7433,24289,2025-11-28T22:40:02.312914Z
0a8954e1-f36b-4fd8-9af8-e9357bb60804,e81c868f-93fb-429b-9070-9007b6de76c8,bright-lobster,bright-lobster_v282.parquet,214.7433,24289,2025-11-28T22:59:36.810658Z
a4a37967-4e76-4a88-864d-809705146581,e81c868f-93fb-429b-9070-9007b6de76c8,bright-lobster,bright-lobster_v295.parquet,214.7433,24289,2025-11-28T23:55:06.944356Z
8db5e68f-b246-4b93-bdf5-0ac2a422ce99,14eeb594-591f-4e44-9aaa-350cbb94afde,resourceful-quiver,resourceful-quiver_v27.parquet,215.017,24289,2025-11-06T10:18:13.723896Z
d0f5b0a6-38e8-43eb-997b-04f00707d85f,14eeb594-591f-4e44-9aaa-350cbb94afde,resourceful-quiver,resourceful-quiver_v25.parquet,215.0661,24289,2025-11-05T20:26:23.804651Z
d34ccba9-3cfe-4892-a865-3d65c9c172f4,14eeb594-591f-4e44-9aaa-350cbb94afde,resourceful-quiver,resourceful-quiver_v157.parquet,215.1316,24289,2025-11-24T14:53:16.452085Z
98ccc30e-26d2-4a92-b014-3f9c2250a72e,14eeb594-591f-4e44-9aaa-350cbb94afde,resourceful-quiver,resourceful-quiver_v21.parquet,215.1319,24289,2025-11-05T19:39:44.38869Z
36417875-1553-4b13-a6ef-3c9b5cd5ece0,14eeb594-591f-4e44-9aaa-350cbb94afde,resourceful-quiver,resourceful-quiver_v22.parquet,215.1705,24289,2025-11-05T19:49:19.422091Z
2ccb45a4-428f-42da-8e1d-88cf8fb49628,14eeb594-591f-4e44-9aaa-350cbb94afde,resourceful-quiver,resourceful-quiver_v26.parquet,215.2646,24289,2025-11-05T21:33:49.792764Z
6b120a01-3f4c-45ef-a20e-0a12dc21814e,14eeb594-591f-4e44-9aaa-350cbb94afde,resourceful-quiver,resourceful-quiver_v123.parquet,215.2729,24289,2025-11-20T21:32:00.977966Z
f21d6e40-06ab-4107-9012-e04c18f5af26,29dabcd6-5a77-466a-8894-b6055fe45569,sincere-glacier,sincere-glacier_v45.parquet,215.3459,24289,2025-11-27T08:44:53.42707Z
8c5e0697-1d06-4e82-acd9-c7ee9db02957,29dabcd6-5a77-466a-8894-b6055fe45569,sincere-glacier,sincere-glacier_v55.parquet,215.4633,24289,2025-11-27T18:41:19.203061Z
2642c2de-9193-48fc-8e4a-e830bc84d193,14eeb594-591f-4e44-9aaa-350cbb94afde,resourceful-quiver,resourceful-quiver_v122.parquet,215.4814,24289,2025-11-20T21:29:55.429509Z
3ee575a4-64ac-4cbc-a7ef-c810c398f962,14eeb594-591f-4e44-9aaa-350cbb94afde,resourceful-quiver,resourceful-quiver_v132.parquet,215.5927,24289,2025-11-21T11:02:58.962118Z
dcdc34d0-8c1f-4165-96b1-3e2bb8bf16b3,14eeb594-591f-4e44-9aaa-350cbb94afde,resourceful-quiver,resourceful-quiver_v134.parquet,215.5927,24289,2025-11-21T11:14:40.726339Z
f949a7a9-e979-4801-b6ba-13b097d47ba5,14eeb594-591f-4e44-9aaa-350cbb94afde,resourceful-quiver,resourceful-quiver_v138.parquet,215.6279,24289,2025-11-23T14:22:26.923044Z
e699d4d9-f2df-4f1d-8676-919cee785ef9,14eeb594-591f-4e44-9aaa-350cbb94afde,resourceful-quiver,resourceful-quiver_v139.parquet,215.6279,24289,2025-11-23T15:01:56.517585Z
c4a47837-c4fb-466f-a025-c52b8c5ee993,1463c574-53df-4b62-ac3a-cdf62a216420,wise-watermelon,wise-watermelon_v10.parquet,215.6774,24289,2025-11-08T17:50:24.184457Z
aae0c58b-5c37-4fe5-8dcd-f934ebe571b8,e81c868f-93fb-429b-9070-9007b6de76c8,bright-lobster,bright-lobster_v310.parquet,215.8892,24289,2025-11-29T21:13:08.593805Z
9dfe9ade-703b-4a7a-aa46-50f57f2ce636,1463c574-53df-4b62-ac3a-cdf62a216420,wise-watermelon,wise-watermelon_v12.parquet,215.9256,24289,2025-11-09T12:29:23.006056Z
773b842a-0876-495e-a206-03814f5c5d16,29dabcd6-5a77-466a-8894-b6055fe45569,sincere-glacier,sincere-glacier_v54.parquet,215.944,24289,2025-11-27T18:00:11.976102Z
2d3abe77-3d0d-44c9-aa61-cab84a435554,e81c868f-93fb-429b-9070-9007b6de76c8,bright-lobster,bright-lobster_v315.parquet,215.9759,24289,2025-11-29T22:32:43.004526Z
f3405fea-2703-4d1a-9076-9b3fc808348b,14eeb594-591f-4e44-9aaa-350cbb94afde,resourceful-quiver,resourceful-quiver_v4.parquet,216.0663,24289,2025-10-15T15:21:05.91121Z
41a9e6a3-5239-437d-806a-abaae541f474,29dabcd6-5a77-466a-8894-b6055fe45569,sincere-glacier,sincere-glacier_v47.parquet,216.2325,24289,2025-11-27T11:53:15.998571Z
fb90cedc-4e9e-46c7-8cfa-9a1228eb724b,e81c868f-93fb-429b-9070-9007b6de76c8,bright-lobster,bright-lobster_v307.parquet,216.2568,24289,2025-11-29T21:13:05.217525Z
6fcf29eb-da61-4a2c-9632-a03a79cfb2b9,e81c868f-93fb-429b-9070-9007b6de76c8,bright-lobster,bright-lobster_v313.parquet,216.3315,24289,2025-11-29T21:13:12.192564Z
29c3b9be-445f-46ab-955f-a143bcb27682,14eeb594-591f-4e44-9aaa-350cbb94afde,resourceful-quiver,resourceful-quiver_v1.parquet,216.3317,24289,2025-10-15T09:50:01.401062Z
7298c531-e319-40eb-9e51-4a77341bb06f,e81c868f-93fb-429b-9070-9007b6de76c8,bright-lobster,bright-lobster_v298.parquet,216.3567,24289,2025-11-29T13:10:08.961493Z
c28dc356-2958-4529-be51-dda7e0aa90df,29dabcd6-5a77-466a-8894-b6055fe45569,sincere-glacier,sincere-glacier_v46.parquet,216.3603,24289,2025-11-27T11:29:42.910105Z
35a392d6-767f-49cb-824f-f0e347a27e32,e81c868f-93fb-429b-9070-9007b6de76c8,bright-lobster,bright-lobster_v274.parquet,216.3623,24289,2025-11-28T21:50:40.441361Z
000d0bdb-1c2f-4b31-b60d-045071301353,14eeb594-591f-4e44-9aaa-350cbb94afde,resourceful-quiver,resourceful-quiver_v23.parquet,216.5154,24289,2025-11-05T20:00:20.992796Z
600897dd-0f5a-4453-84e8-2ec7a50e0b8b,29dabcd6-5a77-466a-8894-b6055fe45569,sincere-glacier,sincere-glacier_v56.parquet,216.5518,24289,2025-11-28T09:36:17.49835Z
de077def-5627-4c65-89f0-a91406fa7858,14eeb594-591f-4e44-9aaa-350cbb94afde,resourceful-quiver,resourceful-quiver_v159.parquet,216.6022,24289,2025-11-24T14:58:12.701158Z
986e4a25-2af7-46dd-b844-f147ae980be1,e81c868f-93fb-429b-9070-9007b6de76c8,bright-lobster,bright-lobster_v241.parquet,216.6148,24289,2025-11-28T11:48:50.303125Z
44cbe47a-b1c4-4d9a-b78e-9a6793235614,14eeb594-591f-4e44-9aaa-350cbb94afde,resourceful-quiver,resourceful-quiver_v151.parquet,216.645,24289,2025-11-24T10:40:26.128709Z
c6f05e38-3585-4091-b297-d35cdccb1982,e81c868f-93fb-429b-9070-9007b6de76c8,bright-lobster,bright-lobster_v272.parquet,216.7035,24289,2025-11-28T21:35:48.493824Z
38b2a235-b1dd-4f79-bb64-540af2982acc,14eeb594-591f-4e44-9aaa-350cbb94afde,resourceful-quiver,resourceful-quiver_v24.parquet,216.7399,24289,2025-11-05T20:05:52.366579Z
fc3e8bbd-505f-4736-9147-f21f32e0316d,14eeb594-591f-4e44-9aaa-350cbb94afde,resourceful-quiver,resourceful-quiver_v3.parquet,216.8449,24289,2025-10-15T11:13:42.502597Z
a3e37ad9-3057-4d2b-be64-3e18b640614b,e81c868f-93fb-429b-9070-9007b6de76c8,bright-lobster,bright-lobster_v244.parquet,216.8629,24289,2025-11-28T11:48:54.127564Z
541763b8-1b40-4179-a2c8-219043d2e264,e81c868f-93fb-429b-9070-9007b6de76c8,bright-lobster,bright-lobster_v258.parquet,216.9562,24289,2025-11-28T13:54:57.265125Z
bc550e51-37e8-4558-99da-14b78734520e,29dabcd6-5a77-466a-8894-b6055fe45569,sincere-glacier,sincere-glacier_v44.parquet,217.0389,24289,2025-11-27T06:18:49.774475Z
fc83d32c-a66f-43ce-8bde-0c12c432ef32,e81c868f-93fb-429b-9070-9007b6de76c8,bright-lobster,bright-lobster_v306.parquet,217.069,24289,2025-11-29T21:13:08.796169Z
1a95337f-c4c9-4d6d-ba26-b59c53533651,14eeb594-591f-4e44-9aaa-350cbb94afde,resourceful-quiver,resourceful-quiver_v144.parquet,217.0745,24289,2025-11-23T22:16:29.282532Z
d2d42d39-dee8-4499-b722-decb507ea5e3,e81c868f-93fb-429b-9070-9007b6de76c8,bright-lobster,bright-lobster_v283.parquet,217.1226,24289,2025-11-28T22:59:34.720718Z
e471c1b2-7ac6-47c9-b308-2f63efa9c84f,14eeb594-591f-4e44-9aaa-350cbb94afde,resourceful-quiver,resourceful-quiver_v124.parquet,217.2,24289,2025-11-20T21:59:23.328432Z
547222fc-f3a5-4697-9506-01df8ff72a80,29dabcd6-5a77-466a-8894-b6055fe45569,sincere-glacier,sincere-glacier_v61.parquet,217.2354,24289,2025-11-28T17:10:50.303575Z
b435e48b-125f-4556-9f6f-6cc1cadb1060,0c6a5825-cf0e-42bc-ae40-88a927db1ccc,genuine-zucchini,genuine-zucchini_v48.parquet,217.2536,24289,2025-11-20T13:18:24.69451Z
e0d98806-29f2-4472-abe9-b4c3efcda877,1463c574-53df-4b62-ac3a-cdf62a216420,wise-watermelon,wise-watermelon_v9.parquet,217.3094,24289,2025-11-07T17:29:01.654285Z
b2bff2da-d0ab-4a3c-90e0-e717c4e6d79b,29dabcd6-5a77-466a-8894-b6055fe45569,sincere-glacier,sincere-glacier_v9.parquet,217.3142,24289,2025-11-24T21:36:18.926427Z
a8d1bbfe-846e-4d66-9214-db2984c899a8,29dabcd6-5a77-466a-8894-b6055fe45569,sincere-glacier,sincere-glacier_v7.parquet,217.3374,24289,2025-11-24T21:26:04.590117Z
039b3eeb-2677-41db-addc-dff699878958,e81c868f-93fb-429b-9070-9007b6de76c8,bright-lobster,bright-lobster_v288.parquet,217.3635,24289,2025-11-28T23:51:44.992455Z
6959c997-d78c-47d4-a8d1-c3eb55e4d219,29dabcd6-5a77-466a-8894-b6055fe45569,sincere-glacier,sincere-glacier_v10.parquet,217.3778,24289,2025-11-24T22:18:45.6373Z
f09e4707-4195-4da6-9ac1-801695fb2b1b,14eeb594-591f-4e44-9aaa-350cbb94afde,resourceful-quiver,resourceful-quiver_v14.parquet,217.5419,24289,2025-10-24T12:20:42.124667Z
f114aa74-be39-4338-827d-6b925e9401c5,e81c868f-93fb-429b-9070-9007b6de76c8,bright-lobster,bright-lobster_v305.parquet,217.8641,24289,2025-11-29T21:13:12.217923Z
5bb146f7-34cf-4c9c-82b8-90113efe6a03,e81c868f-93fb-429b-9070-9007b6de76c8,bright-lobster,bright-lobster_v226.parquet,217.8837,24289,2025-11-28T08:20:14.914871Z
29a3c566-4859-4b35-87c0-69270ef0375e,e81c868f-93fb-429b-9070-9007b6de76c8,bright-lobster,bright-lobster_v308.parquet,217.9075,24289,2025-11-29T21:13:07.467288Z
ba8876fb-7522-4694-b349-91d8aeb5ee9a,e81c868f-93fb-429b-9070-9007b6de76c8,bright-lobster,bright-lobster_v284.parquet,218.1696,24289,2025-11-28T22:59:34.79192Z
7faac1d3-8c47-4394-ab8f-1d635e1e9998,14eeb594-591f-4e44-9aaa-350cbb94afde,resourceful-quiver,resourceful-quiver_v135.parquet,218.2733,24289,2025-11-21T14:15:22.520915Z
bcf37765-0214-410b-9fe8-4daa2bcccc46,e81c868f-93fb-429b-9070-9007b6de76c8,bright-lobster,bright-lobster_v287.parquet,218.3702,24289,2025-11-28T23:51:48.121978Z
5684c0b2-1ade-444a-9d2b-8de93d305cd1,14eeb594-591f-4e44-9aaa-350cbb94afde,resourceful-quiver,resourceful-quiver_v150.parquet,218.3985,24289,2025-11-24T10:32:28.997108Z
6ad5741c-325a-49d3-ba79-c138db6cdf2d,14eeb594-591f-4e44-9aaa-350cbb94afde,resourceful-quiver,resourceful-quiver_v205.parquet,218.4743,24289,2025-11-26T19:27:24.086668Z
ae4831b5-1995-4f0b-8db3-ebf951906b2c,1463c574-53df-4b62-ac3a-cdf62a216420,wise-watermelon,wise-watermelon_v14.parquet,218.5335,24289,2025-11-09T15:14:15.565808Z
848c8d15-e64e-49be-a0b2-6738ee205e41,14eeb594-591f-4e44-9aaa-350cbb94afde,resourceful-quiver,resourceful-quiver_v2.parquet,218.5388,24289,2025-10-15T11:05:00.708836Z
855fdd28-0ed5-4db2-a814-1c4f19d5fa91,e81c868f-93fb-429b-9070-9007b6de76c8,bright-lobster,bright-lobster_v235.parquet,218.585,24289,2025-11-28T08:23:43.761268Z
5117d535-4e4f-4fcd-9269-7e5b27cdcf04,29dabcd6-5a77-466a-8894-b6055fe45569,sincere-glacier,sincere-glacier_v13.parquet,218.6927,24289,2025-11-25T13:13:01.680592Z
cb59118e-d235-4b13-b393-9089c7b2c323,29dabcd6-5a77-466a-8894-b6055fe45569,sincere-glacier,sincere-glacier_v14.parquet,218.6927,24289,2025-11-25T16:08:47.551733Z
02fe0d61-7173-4aef-969d-bae990bbe7d9,29dabcd6-5a77-466a-8894-b6055fe45569,sincere-glacier,sincere-glacier_v15.parquet,218.6927,24289,2025-11-25T16:14:53.209356Z
0f85fbe7-f8fa-48cc-8a7b-0d150978b944,e81c868f-93fb-429b-9070-9007b6de76c8,bright-lobster,bright-lobster_v242.parquet,218.6994,24289,2025-11-28T11:48:54.062566Z
a3f2341c-64e8-4c6a-8117-2554b97a4f90,14eeb594-591f-4e44-9aaa-350cbb94afde,resourceful-quiver,resourceful-quiver_v31.parquet,218.8392,24289,2025-11-06T16:11:17.223958Z
e91a3bdb-9dff-4fde-8eba-c76c0d1df65e,e81c868f-93fb-429b-9070-9007b6de76c8,bright-lobster,bright-lobster_v239.parquet,218.9275,24289,2025-11-28T10:29:59.516688Z
bc51504b-b098-414a-a4cd-1663879a296a,e81c868f-93fb-429b-9070-9007b6de76c8,bright-lobster,bright-lobster_v314.parquet,218.9296,24289,2025-11-29T21:13:05.242161Z
42dd7d42-b783-4d76-b287-857687b50ca4,29dabcd6-5a77-466a-8894-b6055fe45569,sincere-glacier,sincere-glacier_v27.parquet,219.0147,24289,2025-11-26T11:50:57.218204Z
c84d6c9f-bd72-497b-80d7-786f859cafe7,29dabcd6-5a77-466a-8894-b6055fe45569,sincere-glacier,sincere-glacier_v48.parquet,219.1003,24289,2025-11-27T12:25:27.700493Z
2bb5b190-bbf2-4841-9faf-37a8fcd35bd7,29dabcd6-5a77-466a-8894-b6055fe45569,sincere-glacier,sincere-glacier_v18.parquet,219.1072,24289,2025-11-25T16:39:57.952341Z
a8fd9470-945c-492b-9a92-ff34f5131360,e81c868f-93fb-429b-9070-9007b6de76c8,bright-lobster,bright-lobster_v294.parquet,219.1226,24289,2025-11-28T23:51:49.168307Z
91683f6d-6201-4782-96d6-e7ba68a1b549,29dabcd6-5a77-466a-8894-b6055fe45569,sincere-glacier,sincere-glacier_v24.parquet,219.1242,24289,2025-11-26T11:27:35.942814Z
c1e923df-d407-43e7-818a-4c9649300b32,14eeb594-591f-4e44-9aaa-350cbb94afde,resourceful-quiver,resourceful-quiver_v204.parquet,219.134,24289,2025-11-26T19:25:14.163059Z
87732baf-d59d-40c4-9e15-02d2b874da06,29dabcd6-5a77-466a-8894-b6055fe45569,sincere-glacier,sincere-glacier_v17.parquet,219.2126,24289,2025-11-25T16:39:29.061392Z
f83b67d8-1fa8-4957-af17-a33bb5eb1581,1463c574-53df-4b62-ac3a-cdf62a216420,wise-watermelon,wise-watermelon_v19.parquet,219.3682,24289,2025-11-21T03:53:42.094912Z
8263e224-887e-44b7-af0b-34e958fa4131,29dabcd6-5a77-466a-8894-b6055fe45569,sincere-glacier,sincere-glacier_v6.parquet,219.3933,24289,2025-11-24T21:11:46.287027Z
91a1bfa5-d44f-4dd8-a5e7-63e73317881f,e81c868f-93fb-429b-9070-9007b6de76c8,bright-lobster,bright-lobster_v312.parquet,219.4522,24289,2025-11-29T21:13:08.545789Z
6ddd98a7-d103-4f52-93fa-ee260d79b0fd,e81c868f-93fb-429b-9070-9007b6de76c8,bright-lobster,bright-lobster_v255.parquet,219.4736,24289,2025-11-28T13:54:50.156783Z
6db8aa51-e92b-4f6b-bb6f-a05a74ae2b3c,0c6a5825-cf0e-42bc-ae40-88a927db1ccc,genuine-zucchini,genuine-zucchini_v52.parquet,219.5323,24289,2025-11-30T09:01:35.432066Z
6ff80259-709e-46e4-8eb5-825288cec936,14eeb594-591f-4e44-9aaa-350cbb94afde,resourceful-quiver,resourceful-quiver_v153.parquet,219.5612,24289,2025-11-24T14:29:13.202259Z
f62cb510-28c1-4779-962b-162ccb77636c,14eeb594-591f-4e44-9aaa-350cbb94afde,resourceful-quiver,resourceful-quiver_v154.parquet,219.6054,24289,2025-11-24T14:34:29.233761Z
9947b9cb-2f80-4c8b-8edc-01b3c5fb0626,e81c868f-93fb-429b-9070-9007b6de76c8,bright-lobster,bright-lobster_v249.parquet,219.6356,24289,2025-11-28T11:48:57.362373Z
33f2699d-e736-4946-b004-c7e472b70703,e81c868f-93fb-429b-9070-9007b6de76c8,bright-lobster,bright-lobster_v311.parquet,219.6637,24289,2025-11-29T21:13:09.676423Z
9120da87-98a5-4249-86c9-a96c43dc2550,e81c868f-93fb-429b-9070-9007b6de76c8,bright-lobster,bright-lobster_v259.parquet,219.6654,24289,2025-11-28T13:54:07.34642Z
fe7aa7db-5e72-4ba1-bee1-c00c4a628f52,29dabcd6-5a77-466a-8894-b6055fe45569,sincere-glacier,sincere-glacier_v21.parquet,219.7143,24289,2025-11-26T05:45:33.901205Z
03a3b10b-3ada-4654-a1ae-e6590a1ed5e2,e81c868f-93fb-429b-9070-9007b6de76c8,bright-lobster,bright-lobster_v286.parquet,219.8356,24289,2025-11-28T23:51:48.129465Z
411925c1-25fb-4d7f-b3db-717df75a907f,e81c868f-93fb-429b-9070-9007b6de76c8,bright-lobster,bright-lobster_v228.parquet,219.8862,24289,2025-11-28T08:20:21.90462Z
2aff79b6-eb9e-4152-ae42-5402c48785d7,29dabcd6-5a77-466a-8894-b6055fe45569,sincere-glacier,sincere-glacier_v28.parquet,219.9054,24289,2025-11-26T13:10:32.254916Z
a2caac44-79a7-4a13-a397-ae8b6423e74d,e81c868f-93fb-429b-9070-9007b6de76c8,bright-lobster,bright-lobster_v238.parquet,220.0304,24289,2025-11-28T10:22:04.595019Z
86147ef3-8986-43c9-a1bf-d26bedcbca4d,29dabcd6-5a77-466a-8894-b6055fe45569,sincere-glacier,sincere-glacier_v69.parquet,220.0978,24289,2025-11-29T19:47:19.613724Z
03275341-994c-47f7-bcbb-cd73347ab0fc,29dabcd6-5a77-466a-8894-b6055fe45569,sincere-glacier,sincere-glacier_v19.parquet,220.1394,24289,2025-11-25T16:40:36.599701Z
8df3f0bc-0b56-4637-a62f-66b32a41d745,e81c868f-93fb-429b-9070-9007b6de76c8,bright-lobster,bright-lobster_v245.parquet,220.1671,24289,2025-11-28T11:48:50.329026Z
21554c62-4670-4f1b-b69b-0f49dc4e7b50,29dabcd6-5a77-466a-8894-b6055fe45569,sincere-glacier,sincere-glacier_v5.parquet,220.1951,24289,2025-11-24T17:22:03.436808Z
0473295d-1adf-49fa-8780-2474f772f30a,29dabcd6-5a77-466a-8894-b6055fe45569,sincere-glacier,sincere-glacier_v36.parquet,220.2091,24289,2025-11-26T13:52:44.145389Z
6154c28b-4829-4429-a4ac-07849ad72475,29dabcd6-5a77-466a-8894-b6055fe45569,sincere-glacier,sincere-glacier_v35.parquet,220.2822,24289,2025-11-26T13:52:42.878555Z
39866566-9f04-48b7-8a05-d01adc9903c8,e81c868f-93fb-429b-9070-9007b6de76c8,bright-lobster,bright-lobster_v248.parquet,220.421,24289,2025-11-28T11:48:50.425302Z
816ca05b-2bad-4037-b798-ba555987b43a,29dabcd6-5a77-466a-8894-b6055fe45569,sincere-glacier,sincere-glacier_v31.parquet,220.426,24289,2025-11-26T13:33:56.189894Z
fbdd4397-66fe-489b-8343-724784f390dc,1463c574-53df-4b62-ac3a-cdf62a216420,wise-watermelon,wise-watermelon_v18.parquet,220.4577,24289,2025-11-20T13:58:24.087395Z
15f93264-cf24-46b6-bc89-70d5f74c293b,14eeb594-591f-4e44-9aaa-350cbb94afde,resourceful-quiver,resourceful-quiver_v203.parquet,220.5621,24289,2025-11-26T19:18:51.343096Z
ad7b8fe3-0f7e-4519-b4f0-56671568a43c,e81c868f-93fb-429b-9070-9007b6de76c8,bright-lobster,bright-lobster_v279.parquet,220.5949,24289,2025-11-28T22:40:07.468803Z
161774fe-98f8-4007-b381-f7ac1d008105,e81c868f-93fb-429b-9070-9007b6de76c8,bright-lobster,bright-lobster_v254.parquet,220.5969,24289,2025-11-28T13:54:42.742774Z
443bfa74-bc4f-49f6-bfb2-b093cb0e917b,0c6a5825-cf0e-42bc-ae40-88a927db1ccc,genuine-zucchini,genuine-zucchini_v31.parquet,220.6125,24289,2025-11-06T01:45:13.282523Z
603374dc-84a3-418f-a90d-ff98f031d82a,29dabcd6-5a77-466a-8894-b6055fe45569,sincere-glacier,sincere-glacier_v37.parquet,220.6475,24289,2025-11-26T13:52:46.6216Z
da907423-4686-407d-b246-79646410d3ac,e81c868f-93fb-429b-9070-9007b6de76c8,bright-lobster,bright-lobster_v299.parquet,220.7513,24289,2025-11-29T15:34:42.927474Z
9fb5c443-ecc5-4373-a7a4-10c98e350099,e81c868f-93fb-429b-9070-9007b6de76c8,bright-lobster,bright-lobster_v247.parquet,220.7531,24289,2025-11-28T11:48:57.373447Z
0fd1a55c-92dd-4a4f-ab05-b7e3284988a8,e81c868f-93fb-429b-9070-9007b6de76c8,bright-lobster,bright-lobster_v210.parquet,220.7869,24289,2025-11-25T11:36:30.285603Z
cff442cb-fc54-40e4-9615-db0dc1a82011,29dabcd6-5a77-466a-8894-b6055fe45569,sincere-glacier,sincere-glacier_v62.parquet,220.796,24289,2025-11-28T21:51:59.810243Z
21d410d8-b654-4eb7-b097-970833f41513,14eeb594-591f-4e44-9aaa-350cbb94afde,resourceful-quiver,resourceful-quiver_v121.parquet,220.8376,24289,2025-11-20T21:26:26.98814Z
f8800933-b63e-4e70-9489-209c6a970966,29dabcd6-5a77-466a-8894-b6055fe45569,sincere-glacier,sincere-glacier_v34.parquet,220.8662,24289,2025-11-26T13:52:33.639709Z
699c7c26-c1b5-4763-a6df-84f4188c26e1,1463c574-53df-4b62-ac3a-cdf62a216420,wise-watermelon,wise-watermelon_v15.parquet,220.8947,24289,2025-11-10T14:19:43.945188Z
e80acf8f-3945-46e5-856b-546c191e845b,14eeb594-591f-4e44-9aaa-350cbb94afde,resourceful-quiver,resourceful-quiver_v9.parquet,220.9708,24289,2025-10-20T20:24:55.789293Z
0fa4f248-fb3a-44c3-8999-4d6837dd2132,0c6a5825-cf0e-42bc-ae40-88a927db1ccc,genuine-zucchini,genuine-zucchini_v37.parquet,220.9794,24289,2025-11-09T15:32:56.107213Z
3c105251-0262-4dfe-ac35-51296635a71e,e81c868f-93fb-429b-9070-9007b6de76c8,bright-lobster,bright-lobster_v309.parquet,221.0056,24289,2025-11-29T21:13:07.651586Z
7e301937-0e04-4cf1-b938-772ab22722b3,29dabcd6-5a77-466a-8894-b6055fe45569,sincere-glacier,sincere-glacier_v75.parquet,221.0151,24289,2025-11-30T16:27:27.86438Z
535bcf3e-9f7e-4976-8b94-d0b95a77a3d5,e81c868f-93fb-429b-9070-9007b6de76c8,bright-lobster,bright-lobster_v224.parquet,221.0765,24289,2025-11-27T16:25:43.046336Z
5679d564-6cbc-49b2-9708-10dd4189d182,030a1edd-d392-432f-9609-50011531bbab,zestful-mango,zestful-mango_v104.parquet,221.0891,24289,2025-11-30T23:30:24.09732Z
74deb7a0-7abf-4f33-9af2-f650011963b9,e81c868f-93fb-429b-9070-9007b6de76c8,bright-lobster,bright-lobster_v273.parquet,221.0971,24289,2025-11-28T21:48:10.342724Z
c532f059-a793-40b3-8d54-df11133833e5,14eeb594-591f-4e44-9aaa-350cbb94afde,resourceful-quiver,resourceful-quiver_v227.parquet,221.1677,24289,2025-11-29T03:57:36.861029Z
f0fa4c21-e945-4d86-ae01-0804980b337e,e81c868f-93fb-429b-9070-9007b6de76c8,bright-lobster,bright-lobster_v275.parquet,221.1826,24289,2025-11-28T22:38:51.349596Z
60ef6bf3-556e-49b0-ba1c-312e22d05b58,14eeb594-591f-4e44-9aaa-350cbb94afde,resourceful-quiver,resourceful-quiver_v15.parquet,221.2048,24289,2025-10-24T12:31:42.749934Z
2950ff33-a09b-4073-ab5b-f00ffe7528fd,0c6a5825-cf0e-42bc-ae40-88a927db1ccc,genuine-zucchini,genuine-zucchini_v18.parquet,221.2551,24289,2025-10-30T19:34:30.143035Z
f820049d-16dc-4714-8ec8-5df9a4d1d552,0c6a5825-cf0e-42bc-ae40-88a927db1ccc,genuine-zucchini,genuine-zucchini_v29.parquet,221.2783,24289,2025-11-04T19:38:40.800158Z
36ab9f4c-2665-4275-9151-fec906e07a6e,1463c574-53df-4b62-ac3a-cdf62a216420,wise-watermelon,wise-watermelon_v17.parquet,221.4616,24289,2025-11-19T12:41:20.661368Z
71d0f3b1-242e-4c59-ade8-46b00657c6e6,e81c868f-93fb-429b-9070-9007b6de76c8,bright-lobster,bright-lobster_v246.parquet,221.4651,24289,2025-11-28T11:48:56.203206Z
b1a9e31f-ff88-4d1a-8af4-6718c2d3d477,e81c868f-93fb-429b-9070-9007b6de76c8,bright-lobster,bright-lobster_v213.parquet,221.4967,24289,2025-11-25T11:36:25.004128Z
4acd6d91-c373-45a1-8983-84007029c5c4,14eeb594-591f-4e44-9aaa-350cbb94afde,resourceful-quiver,resourceful-quiver_v172.parquet,221.4994,24289,2025-11-24T21:54:52.431768Z
cfbbf772-d619-4ed7-9996-42750d2d5942,29dabcd6-5a77-466a-8894-b6055fe45569,sincere-glacier,sincere-glacier_v52.parquet,221.5123,24289,2025-11-27T17:11:14.207911Z
b65363ee-2660-4647-b3ad-029189a3bdd2,e81c868f-93fb-429b-9070-9007b6de76c8,bright-lobster,bright-lobster_v225.parquet,221.5553,24289,2025-11-27T16:41:27.447558Z
4dde0773-589f-43cd-8296-ae559f5a1760,1463c574-53df-4b62-ac3a-cdf62a216420,wise-watermelon,wise-watermelon_v13.parquet,221.5894,24289,2025-11-09T12:34:33.495975Z
0f696e0f-abf9-4f1b-8116-02f6b8f68abf,29dabcd6-5a77-466a-8894-b6055fe45569,sincere-glacier,sincere-glacier_v38.parquet,221.5943,24289,2025-11-26T13:52:47.625183Z
05a6a30a-a82e-48f6-aed7-e2e270d06a2e,e81c868f-93fb-429b-9070-9007b6de76c8,bright-lobster,bright-lobster_v262.parquet,221.6071,24289,2025-11-28T20:00:18.946632Z
431a6c8c-35d7-40ea-aaca-2a79983abf5f,e81c868f-93fb-429b-9070-9007b6de76c8,bright-lobster,bright-lobster_v276.parquet,221.614,24289,2025-11-28T22:38:51.260909Z
37dd8053-8b03-4444-aef0-407eed224cd2,14eeb594-591f-4e44-9aaa-350cbb94afde,resourceful-quiver,resourceful-quiver_v136.parquet,221.6941,24289,2025-11-21T14:30:32.684744Z
21657b79-1689-44da-880f-b4e98d8618dc,e81c868f-93fb-429b-9070-9007b6de76c8,bright-lobster,bright-lobster_v300.parquet,221.8368,24289,2025-11-29T15:47:39.731537Z
381f1747-1099-46f6-b9fb-1161116eb0fc,030a1edd-d392-432f-9609-50011531bbab,zestful-mango,zestful-mango_v102.parquet,221.8741,24289,2025-11-30T22:43:15.496865Z
7970252f-fdd0-4338-9170-7f1c8cec7c2a,e81c868f-93fb-429b-9070-9007b6de76c8,bright-lobster,bright-lobster_v289.parquet,221.88,24289,2025-11-28T23:51:44.850478Z
9bfb48fa-f67e-48eb-9c42-9970227b0bf7,14eeb594-591f-4e44-9aaa-350cbb94afde,resourceful-quiver,resourceful-quiver_v126.parquet,221.8972,24289,2025-11-20T22:09:15.64339Z
c91f4016-3fc6-4f06-ad2d-774a468eee97,e81c868f-93fb-429b-9070-9007b6de76c8,bright-lobster,bright-lobster_v293.parquet,221.9206,24289,2025-11-28T23:51:44.066524Z
ed550d9e-e044-47e0-acb1-f320bbaf128a,0c6a5825-cf0e-42bc-ae40-88a927db1ccc,genuine-zucchini,genuine-zucchini_v17.parquet,221.9409,24289,2025-10-30T19:28:28.998199Z
6f0dfe6d-3c8f-407d-9044-6904d7e2d0fa,29dabcd6-5a77-466a-8894-b6055fe45569,sincere-glacier,sincere-glacier_v43.parquet,221.951,24289,2025-11-27T05:59:13.952592Z
ce1e9260-2e5a-492b-bf17-f52b9c4fa58d,29dabcd6-5a77-466a-8894-b6055fe45569,sincere-glacier,sincere-glacier_v33.parquet,221.9572,24289,2025-11-26T13:52:40.515316Z
d3babe4c-6e80-4318-944c-483937e68a24,030a1edd-d392-432f-9609-50011531bbab,zestful-mango,zestful-mango_v101.parquet,221.986,24289,2025-11-30T22:37:33.159308Z
cf5d01da-c43e-47e8-82b3-512cc5089435,e81c868f-93fb-429b-9070-9007b6de76c8,bright-lobster,bright-lobster_v221.parquet,222.0337,24289,2025-11-27T12:14:27.05969Z
779c0d57-84e3-44e7-9c72-6d8a239f9256,1463c574-53df-4b62-ac3a-cdf62a216420,wise-watermelon,wise-watermelon_v25.parquet,222.0845,24289,2025-11-29T01:38:13.230247Z
93f09ec1-0a24-4362-8002-1d5057218147,030a1edd-d392-432f-9609-50011531bbab,zestful-mango,zestful-mango_v94.parquet,222.106,24289,2025-11-30T21:57:22.947265Z
d3afb0d6-dae4-48f6-b992-512ce57b31e3,14eeb594-591f-4e44-9aaa-350cbb94afde,resourceful-quiver,resourceful-quiver_v125.parquet,222.1341,24289,2025-11-20T22:06:57.208688Z
ace58f8a-33c8-43d3-9343-0623c882b174,030a1edd-d392-432f-9609-50011531bbab,zestful-mango,zestful-mango_v99.parquet,222.1777,24289,2025-11-30T22:30:16.808604Z
e953d654-754c-45bc-9bbb-c0f12ae4e55a,29dabcd6-5a77-466a-8894-b6055fe45569,sincere-glacier,sincere-glacier_v49.parquet,222.2023,24289,2025-11-27T12:45:46.048253Z
cb7ce1b6-b6b9-4833-8085-0d3870df5ebc,030a1edd-d392-432f-9609-50011531bbab,zestful-mango,zestful-mango_v100.parquet,222.2583,24289,2025-11-30T22:34:23.840205Z
aae50e3c-5576-4c44-9b83-c437f46b2ce3,29dabcd6-5a77-466a-8894-b6055fe45569,sincere-glacier,sincere-glacier_v60.parquet,222.2837,24289,2025-11-28T16:38:35.233199Z
5a0b111f-4fba-456b-9bff-4b2ce13d5ecd,29dabcd6-5a77-466a-8894-b6055fe45569,sincere-glacier,sincere-glacier_v66.parquet,222.3584,24289,2025-11-29T08:11:02.344157Z
e95c36e4-2654-4ea4-b468-3a837c9ee004,030a1edd-d392-432f-9609-50011531bbab,zestful-mango,zestful-mango_v97.parquet,222.3647,24289,2025-11-30T22:12:44.30413Z
d306f637-4769-49cd-8432-bce2ff710b13,e81c868f-93fb-429b-9070-9007b6de76c8,bright-lobster,bright-lobster_v278.parquet,222.4076,24289,2025-11-28T22:38:51.267922Z
5dc9f991-e2f0-4b50-962c-ec491f00fbfc,0fb8ea0a-3880-4639-b056-6829f176b9a8,unique-guitar,unique-guitar_v11.parquet,222.5402,24289,2025-11-10T12:48:47.852811Z
8628a77d-7f7b-4ccc-903c-bc755ed1d1cd,e81c868f-93fb-429b-9070-9007b6de76c8,bright-lobster,bright-lobster_v243.parquet,222.5496,24289,2025-11-28T11:48:56.199251Z
36cc02a0-dd05-45aa-8010-463dc03a0804,e81c868f-93fb-429b-9070-9007b6de76c8,bright-lobster,bright-lobster_v290.parquet,222.5578,24289,2025-11-28T23:51:46.024051Z
dba42aeb-6d4c-4eb9-b9c3-3391ab654734,030a1edd-d392-432f-9609-50011531bbab,zestful-mango,zestful-mango_v98.parquet,222.5661,24289,2025-11-30T22:24:44.240715Z
17705dba-5158-43bd-8161-9451df5d7a02,29dabcd6-5a77-466a-8894-b6055fe45569,sincere-glacier,sincere-glacier_v74.parquet,222.6213,24289,2025-11-30T16:11:41.189461Z
ef5b2a6a-cb21-4fa8-9335-2409d0a5a03b,29dabcd6-5a77-466a-8894-b6055fe45569,sincere-glacier,sincere-glacier_v65.parquet,222.6608,24289,2025-11-29T05:40:49.558948Z
cfb8a895-f482-4954-87fd-295356a998f0,030a1edd-d392-432f-9609-50011531bbab,zestful-mango,zestful-mango_v79.parquet,222.7237,24289,2025-11-30T20:33:13.865799Z
fd834c6f-b055-48af-b983-6b9b4b9b6a09,030a1edd-d392-432f-9609-50011531bbab,zestful-mango,zestful-mango_v83.parquet,222.7237,24289,2025-11-30T20:55:06.305333Z
a679ec8d-4d89-4236-9aab-9964736b8b40,030a1edd-d392-432f-9609-50011531bbab,zestful-mango,zestful-mango_v90.parquet,222.7237,24289,2025-11-30T21:38:27.463481Z
f7536127-4ed2-4ab1-8d5b-4c71d8f9236b,14eeb594-591f-4e44-9aaa-350cbb94afde,resourceful-quiver,resourceful-quiver_v12.parquet,222.7289,24289,2025-10-21T19:09:53.909269Z
9035172b-59fb-4180-a8cc-e9ed2907f30a,030a1edd-d392-432f-9609-50011531bbab,zestful-mango,zestful-mango_v96.parquet,222.7733,24289,2025-11-30T22:07:54.964553Z
3d1feefe-742b-483a-9daf-04b39746f429,e81c868f-93fb-429b-9070-9007b6de76c8,bright-lobster,bright-lobster_v252.parquet,222.8211,24289,2025-11-28T13:54:04.408799Z
32549fd8-c1f6-4751-aaee-6715e05ef75b,030a1edd-d392-432f-9609-50011531bbab,zestful-mango,zestful-mango_v75.parquet,222.861,24289,2025-11-30T19:29:22.199171Z
aa9f35b8-18f9-4a31-b2b3-457dfa0a48a8,1463c574-53df-4b62-ac3a-cdf62a216420,wise-watermelon,wise-watermelon_v23.parquet,222.9123,24289,2025-11-26T07:34:36.246154Z
3cc84d87-bfcc-48f1-9283-082c9e037c21,030a1edd-d392-432f-9609-50011531bbab,zestful-mango,zestful-mango_v89.parquet,222.9421,24289,2025-11-30T21:36:04.088951Z
14f22f51-7d74-45e5-9c54-d0eb061421e7,e81c868f-93fb-429b-9070-9007b6de76c8,bright-lobster,bright-lobster_v181.parquet,222.9858,24289,2025-11-21T15:07:17.53854Z
2288d842-a5c2-434a-968b-297966b509c8,e81c868f-93fb-429b-9070-9007b6de76c8,bright-lobster,bright-lobster_v196.parquet,222.9858,24289,2025-11-24T10:29:44.996183Z
f7eb3fab-c4cc-4198-aecc-c1d524f3acda,e81c868f-93fb-429b-9070-9007b6de76c8,bright-lobster,bright-lobster_v199.parquet,223.0264,24289,2025-11-25T10:12:22.989533Z
7a2af6b9-cd91-4146-9f7d-117c720bdade,29dabcd6-5a77-466a-8894-b6055fe45569,sincere-glacier,sincere-glacier_v57.parquet,223.0315,24289,2025-11-28T10:02:21.139229Z
27b88f1d-fd2d-4676-89ed-81d0f19be9f5,29dabcd6-5a77-466a-8894-b6055fe45569,sincere-glacier,sincere-glacier_v39.parquet,223.0431,24289,2025-11-26T13:52:49.928737Z
d0b0cc32-9150-4da4-9107-8f10bc641910,29dabcd6-5a77-466a-8894-b6055fe45569,sincere-glacier,sincere-glacier_v42.parquet,223.0763,24289,2025-11-26T15:54:19.194513Z
ef53b424-5773-4c18-a2a9-ad0dd67324f1,030a1edd-d392-432f-9609-50011531bbab,zestful-mango,zestful-mango_v87.parquet,223.1048,24289,2025-11-30T21:15:45.576897Z
98ff1385-10a5-4567-a74d-56ff3fecc31f,e81c868f-93fb-429b-9070-9007b6de76c8,bright-lobster,bright-lobster_v256.parquet,223.1072,24289,2025-11-28T13:53:48.18286Z
f7134d18-4edf-49c6-97f1-5af866b67fe4,e81c868f-93fb-429b-9070-9007b6de76c8,bright-lobster,bright-lobster_v233.parquet,223.1092,24289,2025-11-28T08:23:55.948345Z
e1d8cb1f-3261-4cb0-8ab9-f55c6b03ad87,030a1edd-d392-432f-9609-50011531bbab,zestful-mango,zestful-mango_v88.parquet,223.1593,24289,2025-11-30T21:32:58.450888Z
78b30992-6fe1-4e4b-b806-e10478d0a4ff,1463c574-53df-4b62-ac3a-cdf62a216420,wise-watermelon,wise-watermelon_v21.parquet,223.165,24289,2025-11-24T05:20:54.698215Z
3edd1e94-fe5f-40b3-ac11-4ccd1298cff1,030a1edd-d392-432f-9609-50011531bbab,zestful-mango,zestful-mango_v85.parquet,223.3207,24289,2025-11-30T21:06:57.335776Z
3cf1be68-3d64-4a65-b228-daef218256cc,e81c868f-93fb-429b-9070-9007b6de76c8,bright-lobster,bright-lobster_v214.parquet,223.3328,24289,2025-11-25T11:36:26.640208Z
3ffc0cff-f6eb-4b3d-9276-80828459bb19,e81c868f-93fb-429b-9070-9007b6de76c8,bright-lobster,bright-lobster_v257.parquet,223.3506,24289,2025-11-28T13:53:55.24157Z
caff4f3b-673a-4228-89f2-1e5eba761560,e81c868f-93fb-429b-9070-9007b6de76c8,bright-lobster,bright-lobster_v180.parquet,223.352,24289,2025-11-21T15:07:18.573363Z
e5fe83df-ea8e-47a2-90b7-4cb6c7598c95,e81c868f-93fb-429b-9070-9007b6de76c8,bright-lobster,bright-lobster_v195.parquet,223.352,24289,2025-11-24T10:29:34.205906Z
81a287e7-4f65-4a00-8592-3dc615a6f0b7,e81c868f-93fb-429b-9070-9007b6de76c8,bright-lobster,bright-lobster_v220.parquet,223.3774,24289,2025-11-27T12:14:34.10076Z
b0d10059-3737-4957-8b1a-a20dfb1407ad,e81c868f-93fb-429b-9070-9007b6de76c8,bright-lobster,bright-lobster_v285.parquet,223.381,24289,2025-11-28T23:51:47.040222Z
3dbff205-134b-4393-aa99-1e956edf7226,14eeb594-591f-4e44-9aaa-350cbb94afde,resourceful-quiver,resourceful-quiver_v0.parquet,223.3899,24289,2025-10-14T00:03:33.692845Z
2c7d7181-7308-47ae-aa1e-e614faa03b6e,e81c868f-93fb-429b-9070-9007b6de76c8,bright-lobster,bright-lobster_v327.parquet,223.3983,24289,2025-11-30T18:37:21.47655Z
c47e60dc-e04e-479b-b044-7c21b230feb6,030a1edd-d392-432f-9609-50011531bbab,zestful-mango,zestful-mango_v78.parquet,223.4139,24289,2025-11-30T20:26:34.220341Z
b80e599d-3dc5-4b95-9768-c123b75ec977,29dabcd6-5a77-466a-8894-b6055fe45569,sincere-glacier,sincere-glacier_v64.parquet,223.4779,24289,2025-11-29T05:20:23.10766Z
d673b5ac-b8b1-4925-857f-f3333b5db142,e81c868f-93fb-429b-9070-9007b6de76c8,bright-lobster,bright-lobster_v236.parquet,223.496,24289,2025-11-28T10:02:32.248748Z
20c3d631-2ec4-446c-8668-ea7914da0023,e81c868f-93fb-429b-9070-9007b6de76c8,bright-lobster,bright-lobster_v169.parquet,223.5158,24289,2025-11-21T08:04:00.771793Z
983b7b1e-e40b-4933-a569-79ef76146e19,29dabcd6-5a77-466a-8894-b6055fe45569,sincere-glacier,sincere-glacier_v32.parquet,223.5477,24289,2025-11-26T13:52:33.690213Z
6aa8ad39-d713-4e45-8ded-e6e0d26cf315,030a1edd-d392-432f-9609-50011531bbab,zestful-mango,zestful-mango_v81.parquet,223.563,24289,2025-11-30T20:49:09.474524Z
ba5deee0-cd1a-43f2-bf96-6e12c9f83b82,e81c868f-93fb-429b-9070-9007b6de76c8,bright-lobster,bright-lobster_v227.parquet,223.6214,24289,2025-11-28T08:20:23.886487Z
92bb6d81-b203-445d-9b9a-11896ebbd242,e81c868f-93fb-429b-9070-9007b6de76c8,bright-lobster,bright-lobster_v270.parquet,223.6214,24289,2025-11-28T20:56:32.653666Z
0fb7f455-73aa-4c72-b514-403329ce5b4b,030a1edd-d392-432f-9609-50011531bbab,zestful-mango,zestful-mango_v76.parquet,223.679,24289,2025-11-30T19:33:57.045877Z
3ccea25e-77f9-49a0-abcd-a826a65874a3,030a1edd-d392-432f-9609-50011531bbab,zestful-mango,zestful-mango_v84.parquet,223.6795,24289,2025-11-30T21:02:12.942264Z
54e84715-3ab3-415b-b46b-9c2db9aaea57,030a1edd-d392-432f-9609-50011531bbab,zestful-mango,zestful-mango_v41.parquet,223.7048,24289,2025-11-30T01:11:30.216049Z
4aa87b7a-8669-4d1c-91d2-51e7799a9022,030a1edd-d392-432f-9609-50011531bbab,zestful-mango,zestful-mango_v45.parquet,223.7048,24289,2025-11-30T01:52:14.680359Z
5509f9bf-7142-4fcb-aad1-6e05be0b063d,030a1edd-d392-432f-9609-50011531bbab,zestful-mango,zestful-mango_v71.parquet,223.7154,24289,2025-11-30T19:12:32.054789Z
94822692-326d-401e-8636-e16467fa7553,030a1edd-d392-432f-9609-50011531bbab,zestful-mango,zestful-mango_v74.parquet,223.7154,24289,2025-11-30T19:25:44.057478Z
92b391e7-a4d5-4e3f-ab38-ef27e3f0ff57,1ecdc902-d28a-4c7f-830f-e007fa2ceb4a,friendly-raccoon,friendly-raccoon_v15.parquet,223.7283,24289,2025-11-03T19:29:47.867527Z
e33dffd9-3ea5-414e-ada3-4f48235cc9f6,e81c868f-93fb-429b-9070-9007b6de76c8,bright-lobster,bright-lobster_v292.parquet,223.741,24289,2025-11-28T23:51:44.811954Z
54bb9c7e-a78d-4fe3-8c00-554da1e44fc8,030a1edd-d392-432f-9609-50011531bbab,zestful-mango,zestful-mango_v48.parquet,223.7549,24289,2025-11-30T02:09:36.621316Z
ced2d45b-0565-45db-8440-0c28da607bda,030a1edd-d392-432f-9609-50011531bbab,zestful-mango,zestful-mango_v57.parquet,223.7847,24289,2025-11-30T17:44:57.611968Z
cfd148a5-3c6c-4b86-80ea-e193d198f0b3,030a1edd-d392-432f-9609-50011531bbab,zestful-mango,zestful-mango_v58.parquet,223.7847,24289,2025-11-30T17:55:27.902003Z
7bde8d4d-96a8-4db1-b96d-648850505613,030a1edd-d392-432f-9609-50011531bbab,zestful-mango,zestful-mango_v59.parquet,223.7847,24289,2025-11-30T18:00:35.954218Z
7161ed65-c5b3-4834-9464-e5d9e35b0db4,030a1edd-d392-432f-9609-50011531bbab,zestful-mango,zestful-mango_v65.parquet,223.7847,24289,2025-11-30T18:35:27.285315Z
5158c2a4-5f4b-4b51-be18-216058860d38,e81c868f-93fb-429b-9070-9007b6de76c8,bright-lobster,bright-lobster_v237.parquet,223.8635,24289,2025-11-28T10:22:03.415693Z
75609fba-806c-441c-95bb-ae8266b5564b,e81c868f-93fb-429b-9070-9007b6de76c8,bright-lobster,bright-lobster_v265.parquet,223.8965,24289,2025-11-28T14:43:17.155298Z
ceaad0e8-c721-474a-a45c-889ec6b3069d,e81c868f-93fb-429b-9070-9007b6de76c8,bright-lobster,bright-lobster_v166.parquet,223.8973,24289,2025-11-21T08:04:10.224617Z
9531641f-656f-4987-a2fb-7c66c1985e7a,e81c868f-93fb-429b-9070-9007b6de76c8,bright-lobster,bright-lobster_v176.parquet,223.8973,24289,2025-11-21T13:22:47.383541Z
f83f0eb1-d423-4820-a182-049f940483bb,e81c868f-93fb-429b-9070-9007b6de76c8,bright-lobster,bright-lobster_v240.parquet,223.9635,24289,2025-11-28T11:48:57.366157Z
4b21c1ce-24ca-47bf-b0fb-97b292f501f5,e81c868f-93fb-429b-9070-9007b6de76c8,bright-lobster,bright-lobster_v253.parquet,224.0198,24289,2025-11-28T13:54:11.660927Z
1975cf8d-9ead-4241-8dba-d78d524fa5ed,e81c868f-93fb-429b-9070-9007b6de76c8,bright-lobster,bright-lobster_v232.parquet,224.0242,24289,2025-11-28T08:23:53.966005Z
902cc45d-5ef6-445d-85ca-fd2e3be32b8e,e81c868f-93fb-429b-9070-9007b6de76c8,bright-lobster,bright-lobster_v229.parquet,224.0316,24289,2025-11-28T08:20:15.731524Z
2350b0a9-a928-4979-b901-43e4eed3546d,030a1edd-d392-432f-9609-50011531bbab,zestful-mango,zestful-mango_v82.parquet,224.0754,24289,2025-11-30T20:52:01.849852Z
d751d4cf-7361-4624-894d-f764ea50f1f7,030a1edd-d392-432f-9609-50011531bbab,zestful-mango,zestful-mango_v52.parquet,224.1345,24289,2025-11-30T08:52:28.600491Z
8ac2e831-6385-4fe3-8f85-0ea4a1ea2b81,030a1edd-d392-432f-9609-50011531bbab,zestful-mango,zestful-mango_v56.parquet,224.1346,24289,2025-11-30T17:28:32.569238Z
b8784d0b-9352-4301-b58c-a5831496a844,0c6a5825-cf0e-42bc-ae40-88a927db1ccc,genuine-zucchini,genuine-zucchini_v47.parquet,224.1427,24289,2025-11-18T16:31:36.142807Z
c7a8a928-4c61-41b8-be86-21fa732cec03,030a1edd-d392-432f-9609-50011531bbab,zestful-mango,zestful-mango_v86.parquet,224.1903,24289,2025-11-30T21:10:02.290987Z
9e6dc878-7c45-4fa0-ad6a-df62cdaa3f17,030a1edd-d392-432f-9609-50011531bbab,zestful-mango,zestful-mango_v91.parquet,224.2385,24289,2025-11-30T21:42:25.288142Z
e467fd27-deaf-4d54-b73a-4729492c0b22,e81c868f-93fb-429b-9070-9007b6de76c8,bright-lobster,bright-lobster_v211.parquet,224.2396,24289,2025-11-25T11:36:23.646749Z
cc52b3f1-312f-454d-82be-a91ed03cbbd4,030a1edd-d392-432f-9609-50011531bbab,zestful-mango,zestful-mango_v77.parquet,224.2537,24289,2025-11-30T19:42:42.13446Z
db7a3799-f394-4f6a-a0a2-ba0d35c560f0,030a1edd-d392-432f-9609-50011531bbab,zestful-mango,zestful-mango_v70.parquet,224.3447,24289,2025-11-30T19:04:36.710132Z
3c371d79-07b0-4790-b3f7-e44a37f508a7,e81c868f-93fb-429b-9070-9007b6de76c8,bright-lobster,bright-lobster_v277.parquet,224.362,24289,2025-11-28T22:38:51.26395Z
43864972-f68f-4959-8e3d-ebedc534cdf3,030a1edd-d392-432f-9609-50011531bbab,zestful-mango,zestful-mango_v60.parquet,224.3629,24289,2025-11-30T18:11:57.507422Z
405db6cc-355c-424d-a188-ef5a79cdfbea,030a1edd-d392-432f-9609-50011531bbab,zestful-mango,zestful-mango_v72.parquet,224.477,24289,2025-11-30T19:18:20.685503Z
92a1e162-ff55-4afc-a27a-8f74017ead21,030a1edd-d392-432f-9609-50011531bbab,zestful-mango,zestful-mango_v80.parquet,224.4836,24289,2025-11-30T20:45:56.002097Z
01f640ef-ccb0-4790-bc47-fa6486b2cb8b,e81c868f-93fb-429b-9070-9007b6de76c8,bright-lobster,bright-lobster_v184.parquet,224.4856,24289,2025-11-22T11:38:48.046741Z
cf0334c0-1956-4b64-90b1-9f68f7ec14db,e81c868f-93fb-429b-9070-9007b6de76c8,bright-lobster,bright-lobster_v189.parquet,224.4856,24289,2025-11-24T10:25:23.171142Z
a0b1cfe0-76fc-4bfb-9d74-d1f29fd7c070,0c6a5825-cf0e-42bc-ae40-88a927db1ccc,genuine-zucchini,genuine-zucchini_v51.parquet,224.5805,24289,2025-11-30T04:40:55.626309Z
b3291538-0141-4e50-a8fe-950680b02945,e81c868f-93fb-429b-9070-9007b6de76c8,bright-lobster,bright-lobster_v171.parquet,224.6309,24289,2025-11-21T13:21:14.004338Z
146780d1-ccdb-4b48-982d-88d51c84c37a,030a1edd-d392-432f-9609-50011531bbab,zestful-mango,zestful-mango_v73.parquet,224.6656,24289,2025-11-30T19:22:15.822382Z
0036bf2c-788e-4ef7-9728-5d745010d471,855d2583-cb26-42eb-90bb-c637baad7b95,jubilant-vase,jubilant-vase_v8.parquet,224.6894,24289,2025-11-28T14:03:25.795477Z
f5a36a5d-699c-4e6f-87bb-4be47669eb16,030a1edd-d392-432f-9609-50011531bbab,zestful-mango,zestful-mango_v93.parquet,224.7318,24289,2025-11-30T21:49:45.031058Z
d293dfd0-8cd5-4361-8a9c-c93a31055cd5,1463c574-53df-4b62-ac3a-cdf62a216420,wise-watermelon,wise-watermelon_v26.parquet,224.8061,24289,2025-11-29T12:41:56.393005Z
72dee41b-98a5-4cb7-83c6-3cf7ddd20897,030a1edd-d392-432f-9609-50011531bbab,zestful-mango,zestful-mango_v46.parquet,224.8147,24289,2025-11-30T01:56:57.280862Z
edd8a0dc-ca4c-4304-a09c-9bda2bcb02ea,e81c868f-93fb-429b-9070-9007b6de76c8,bright-lobster,bright-lobster_v200.parquet,224.8269,24289,2025-11-25T10:53:44.771406Z
e4e2cb39-5edb-482c-bda0-78d0ea865467,e81c868f-93fb-429b-9070-9007b6de76c8,bright-lobster,bright-lobster_v205.parquet,224.8269,24289,2025-11-25T11:00:05.237066Z
adaacbe8-6de5-4712-93ff-c4d8c76eda51,030a1edd-d392-432f-9609-50011531bbab,zestful-mango,zestful-mango_v40.parquet,224.8653,24289,2025-11-29T17:36:13.346175Z
5d904c99-2e20-474c-886a-a40221be0a00,030a1edd-d392-432f-9609-50011531bbab,zestful-mango,zestful-mango_v63.parquet,224.8706,24289,2025-11-30T18:26:53.038087Z
2b765b83-eb9a-4138-8761-623b9150f084,14eeb594-591f-4e44-9aaa-350cbb94afde,resourceful-quiver,resourceful-quiver_v120.parquet,224.9371,24289,2025-11-20T16:06:26.051688Z
d28fa239-417e-45ce-8306-b1633bf39abb,29dabcd6-5a77-466a-8894-b6055fe45569,sincere-glacier,sincere-glacier_v23.parquet,224.9673,24289,2025-11-26T11:11:08.656264Z
7714f56d-c6bc-4910-adf4-0435a1b101e8,29dabcd6-5a77-466a-8894-b6055fe45569,sincere-glacier,sincere-glacier_v40.parquet,224.9841,24289,2025-11-26T13:52:52.486305Z
08eef5f5-5856-4345-8d60-247a90a492dd,030a1edd-d392-432f-9609-50011531bbab,zestful-mango,zestful-mango_v92.parquet,225.0169,24289,2025-11-30T21:44:56.5353Z
4e84bbf6-73d8-4e3d-9b29-4446caf77216,cf800513-ba74-4229-88c0-36d4e37c8a14,outspoken-tornado,outspoken-tornado_v13.parquet,225.0856,24289,2025-11-26T20:17:24.281829Z
45682cc2-8913-4680-9eb3-dd38b02cf3db,030a1edd-d392-432f-9609-50011531bbab,zestful-mango,zestful-mango_v64.parquet,225.092,24289,2025-11-30T18:31:32.950922Z
89856fde-47b3-4122-aeca-0057b12cdd50,e81c868f-93fb-429b-9070-9007b6de76c8,bright-lobster,bright-lobster_v186.parquet,225.0934,24289,2025-11-22T11:38:51.215316Z
118f0f3c-97e5-46fd-ad3f-94f55e78b07d,e81c868f-93fb-429b-9070-9007b6de76c8,bright-lobster,bright-lobster_v191.parquet,225.0934,24289,2025-11-24T10:25:17.98359Z
9f6c267e-83ec-4cd2-b7aa-7b978a9a274e,1ecdc902-d28a-4c7f-830f-e007fa2ceb4a,friendly-raccoon,friendly-raccoon_v14.parquet,225.1009,24289,2025-10-31T18:04:30.582111Z
b75d528d-bc8a-4aa5-a913-88607e9f7984,e81c868f-93fb-429b-9070-9007b6de76c8,bright-lobster,bright-lobster_v183.parquet,225.1464,24289,2025-11-21T15:07:33.199877Z
56266380-8b25-4e0c-98d1-9aebcb589970,1ecdc902-d28a-4c7f-830f-e007fa2ceb4a,friendly-raccoon,friendly-raccoon_v13.parquet,225.1984,24289,2025-10-31T04:44:12.821242Z
6bfe9277-32e3-4ff0-b2b6-4837a2379932,0c6a5825-cf0e-42bc-ae40-88a927db1ccc,genuine-zucchini,genuine-zucchini_v45.parquet,225.2375,24289,2025-11-15T01:55:03.216014Z
248d7711-a132-4da2-9339-211533d3d8ae,1ecdc902-d28a-4c7f-830f-e007fa2ceb4a,friendly-raccoon,friendly-raccoon_v12.parquet,225.2743,24289,2025-10-31T03:59:52.065223Z
864e3009-ced6-45d8-96ba-72ef16650782,29dabcd6-5a77-466a-8894-b6055fe45569,sincere-glacier,sincere-glacier_v59.parquet,225.286,24289,2025-11-28T11:59:32.423979Z
057cedee-fae8-4162-a615-98d3810d4b4f,030a1edd-d392-432f-9609-50011531bbab,zestful-mango,zestful-mango_v67.parquet,225.3067,24289,2025-11-30T18:43:46.451096Z
b9e2821d-b05a-4c8b-8393-753d1a1977f6,030a1edd-d392-432f-9609-50011531bbab,zestful-mango,zestful-mango_v47.parquet,225.3108,24289,2025-11-30T02:02:29.734787Z
2518b22b-5c69-404a-bae2-eaf19a3bed2e,14eeb594-591f-4e44-9aaa-350cbb94afde,resourceful-quiver,resourceful-quiver_v171.parquet,225.3367,24289,2025-11-24T21:45:57.960584Z
5709850a-4fa5-4832-8b55-1310f28eb063,e81c868f-93fb-429b-9070-9007b6de76c8,bright-lobster,bright-lobster_v264.parquet,225.3701,24289,2025-11-28T20:00:09.790284Z
80e22ea7-95b6-40a2-9245-74d5b8135e32,030a1edd-d392-432f-9609-50011531bbab,zestful-mango,zestful-mango_v49.parquet,225.402,24289,2025-11-30T02:17:55.14692Z
4437ac4a-d6c6-4bc6-8704-717bae1acdec,e81c868f-93fb-429b-9070-9007b6de76c8,bright-lobster,bright-lobster_v222.parquet,225.4804,24289,2025-11-27T12:28:14.385968Z
28259da0-68de-4bad-bc04-ad869e171736,14eeb594-591f-4e44-9aaa-350cbb94afde,resourceful-quiver,resourceful-quiver_v101.parquet,225.5996,24289,2025-11-13T14:33:46.511569Z
307cc9a5-3471-401e-9dce-6b7c04eab846,e81c868f-93fb-429b-9070-9007b6de76c8,bright-lobster,bright-lobster_v231.parquet,225.61,24289,2025-11-28T08:23:53.972665Z
d0b462a8-589c-4ce8-ab7b-8b150bd5eb75,e81c868f-93fb-429b-9070-9007b6de76c8,bright-lobster,bright-lobster_v267.parquet,225.61,24289,2025-11-28T20:29:13.476248Z
5b738b5d-1d4d-4a54-b6cd-4a7c80ba2752,e81c868f-93fb-429b-9070-9007b6de76c8,bright-lobster,bright-lobster_v268.parquet,225.61,24289,2025-11-28T20:43:02.516007Z
3dbf50e1-d774-44b6-96e4-893fed60928c,e81c868f-93fb-429b-9070-9007b6de76c8,bright-lobster,bright-lobster_v168.parquet,225.7754,24289,2025-11-21T08:04:01.177427Z
98bfc299-fe93-4002-b945-f0e98b1c39d6,e81c868f-93fb-429b-9070-9007b6de76c8,bright-lobster,bright-lobster_v173.parquet,225.8492,24289,2025-11-21T13:21:13.997852Z
137db8c4-7885-47e0-94a1-670cd441a916,29dabcd6-5a77-466a-8894-b6055fe45569,sincere-glacier,sincere-glacier_v2.parquet,225.862,24289,2025-11-24T12:19:12.058769Z
e95b7a57-ccaf-4c43-9de7-cf9ee512aaa0,e81c868f-93fb-429b-9070-9007b6de76c8,bright-lobster,bright-lobster_v260.parquet,225.9169,24289,2025-11-28T14:41:23.377595Z
40339750-144d-41a5-a22b-3d32581c917a,0c6a5825-cf0e-42bc-ae40-88a927db1ccc,genuine-zucchini,genuine-zucchini_v41.parquet,225.9188,24289,2025-11-11T18:18:02.771754Z
358663d7-6a8c-401a-a295-c07dd2a6fec8,e81c868f-93fb-429b-9070-9007b6de76c8,bright-lobster,bright-lobster_v234.parquet,226.0443,24289,2025-11-28T08:23:57.034978Z
9943a72a-e11f-4e17-9060-13b67ab62652,14eeb594-591f-4e44-9aaa-350cbb94afde,resourceful-quiver,resourceful-quiver_v10.parquet,226.0511,24289,2025-10-20T20:53:33.487547Z
44c495a2-f3e6-429d-8e16-a2737285f001,1ecdc902-d28a-4c7f-830f-e007fa2ceb4a,friendly-raccoon,friendly-raccoon_v17.parquet,226.0597,24289,2025-11-03T14:25:39.258133Z
7b7de83a-5b38-4266-bf74-c6c9fc27d546,e81c868f-93fb-429b-9070-9007b6de76c8,bright-lobster,bright-lobster_v182.parquet,226.0808,24289,2025-11-21T15:07:18.412675Z
ab4f1776-582a-4c4f-be1b-1d5ec06b3c94,e81c868f-93fb-429b-9070-9007b6de76c8,bright-lobster,bright-lobster_v250.parquet,226.1159,24289,2025-11-28T13:53:51.224901Z
c6efb032-417b-4257-b4cf-8f50f3d34bc7,030a1edd-d392-432f-9609-50011531bbab,zestful-mango,zestful-mango_v50.parquet,226.1766,24289,2025-11-30T02:21:34.21895Z
f8d72081-2d3e-47a6-a2fc-5e0fce5cd9ea,e81c868f-93fb-429b-9070-9007b6de76c8,bright-lobster,bright-lobster_v175.parquet,226.2075,24289,2025-11-21T13:21:13.99902Z
94406394-2e08-49ce-986d-a970def837ff,e81c868f-93fb-429b-9070-9007b6de76c8,bright-lobster,bright-lobster_v53.parquet,226.2126,24289,2025-11-06T14:57:14.463782Z
bc7cef54-33b3-4eb8-a2fe-21736bf78163,e81c868f-93fb-429b-9070-9007b6de76c8,bright-lobster,bright-lobster_v56.parquet,226.2126,24289,2025-11-06T15:26:26.371564Z
d9114919-8881-4f8a-a923-bbc64245893a,e81c868f-93fb-429b-9070-9007b6de76c8,bright-lobster,bright-lobster_v71.parquet,226.2126,24289,2025-11-07T11:20:42.060626Z
674dcdfe-2f39-4811-83b9-c5f69e5f9ed2,e81c868f-93fb-429b-9070-9007b6de76c8,bright-lobster,bright-lobster_v105.parquet,226.2126,24289,2025-11-10T13:25:31.879141Z
e91be2ed-777d-4218-962b-0578a5f10b2c,e81c868f-93fb-429b-9070-9007b6de76c8,bright-lobster,bright-lobster_v119.parquet,226.2126,24289,2025-11-11T15:36:53.233217Z
0453aa5a-3d42-4dbb-ba5b-4db58c353a35,e81c868f-93fb-429b-9070-9007b6de76c8,bright-lobster,bright-lobster_v125.parquet,226.2126,24289,2025-11-12T08:26:52.950507Z
2bd76a00-5a8f-41f3-badc-d8d5513a3d28,e81c868f-93fb-429b-9070-9007b6de76c8,bright-lobster,bright-lobster_v149.parquet,226.2126,24289,2025-11-17T13:07:28.445682Z
7493f7da-96c8-43c4-843d-94e01ba4d0f3,030a1edd-d392-432f-9609-50011531bbab,zestful-mango,zestful-mango_v53.parquet,226.2392,24289,2025-11-30T11:47:04.519671Z
24188e27-feb4-46f3-ba83-92570c993777,1ecdc902-d28a-4c7f-830f-e007fa2ceb4a,friendly-raccoon,friendly-raccoon_v19.parquet,226.2949,24289,2025-11-03T04:50:33.20674Z
c3f53e7d-fe34-4d5e-9436-6241a86f2f26,1ecdc902-d28a-4c7f-830f-e007fa2ceb4a,friendly-raccoon,friendly-raccoon_v11.parquet,226.3428,24289,2025-10-31T02:54:46.06389Z
ecfe12c3-3375-45d7-a4a1-61406514891a,030a1edd-d392-432f-9609-50011531bbab,zestful-mango,zestful-mango_v51.parquet,226.3753,24289,2025-11-30T08:41:12.748703Z
775826d0-266d-4832-aac2-7c4d805bec88,1ecdc902-d28a-4c7f-830f-e007fa2ceb4a,friendly-raccoon,friendly-raccoon_v18.parquet,226.3834,24289,2025-11-03T19:29:37.636652Z
b80cf6a2-319e-485b-8b1f-5abb83168be0,855d2583-cb26-42eb-90bb-c637baad7b95,jubilant-vase,jubilant-vase_v9.parquet,226.392,24289,2025-11-28T16:47:56.383344Z
91ec33b6-183b-47fa-ade7-03352de80816,030a1edd-d392-432f-9609-50011531bbab,zestful-mango,zestful-mango_v61.parquet,226.4325,24289,2025-11-30T18:18:59.898782Z
a6448bac-908b-4eb8-981c-d540290e9956,29dabcd6-5a77-466a-8894-b6055fe45569,sincere-glacier,sincere-glacier_v4.parquet,226.4898,24289,2025-11-24T16:45:36.60218Z
f1a53897-16af-4d86-b923-a3730cde2921,1ecdc902-d28a-4c7f-830f-e007fa2ceb4a,friendly-raccoon,friendly-raccoon_v10.parquet,226.5781,24289,2025-10-31T02:52:52.814409Z
2fd35b2d-75f8-4669-8555-c39793e373f7,e81c868f-93fb-429b-9070-9007b6de76c8,bright-lobster,bright-lobster_v291.parquet,226.6124,24289,2025-11-28T23:51:43.980302Z
eddf410e-d775-4946-b1bd-9affbe57f981,14eeb594-591f-4e44-9aaa-350cbb94afde,resourceful-quiver,resourceful-quiver_v137.parquet,226.6248,24289,2025-11-21T14:51:25.460002Z
bbace8d3-82d5-4197-a3bd-22292ae607c5,030a1edd-d392-432f-9609-50011531bbab,zestful-mango,zestful-mango_v38.parquet,226.6629,24289,2025-11-29T17:17:51.136647Z
62f0d143-29de-4804-a9e8-dfb5206c9edc,030a1edd-d392-432f-9609-50011531bbab,zestful-mango,zestful-mango_v39.parquet,226.6629,24289,2025-11-29T17:27:15.442584Z
d72e5776-e769-4006-ae3e-ce9272c24c59,29dabcd6-5a77-466a-8894-b6055fe45569,sincere-glacier,sincere-glacier_v11.parquet,226.7448,24289,2025-11-24T22:24:35.233155Z
fa69e89b-1e3c-42a3-b6ca-09f99bb09909,0c6a5825-cf0e-42bc-ae40-88a927db1ccc,genuine-zucchini,genuine-zucchini_v40.parquet,226.8073,24289,2025-11-11T16:06:53.682186Z
813d11ce-b946-45bf-8f96-f2e7bc7282e7,030a1edd-d392-432f-9609-50011531bbab,zestful-mango,zestful-mango_v68.parquet,226.8184,24289,2025-11-30T18:50:44.93908Z
e1eb2df9-1080-42c4-b09e-38a30e63d50c,e81c868f-93fb-429b-9070-9007b6de76c8,bright-lobster,bright-lobster_v187.parquet,226.8735,24289,2025-11-22T11:38:43.670717Z
5a3ccf17-e45c-44bb-bd22-03fc6655ba2b,e81c868f-93fb-429b-9070-9007b6de76c8,bright-lobster,bright-lobster_v192.parquet,226.8735,24289,2025-11-24T10:25:15.547368Z
51821a6b-267f-4b0c-a39b-a2c3e7606bb3,e81c868f-93fb-429b-9070-9007b6de76c8,bright-lobster,bright-lobster_v301.parquet,226.8873,24289,2025-11-29T15:53:01.152907Z
3407c50d-c498-48b8-b201-0798cb1dbd28,e81c868f-93fb-429b-9070-9007b6de76c8,bright-lobster,bright-lobster_v167.parquet,226.9295,24289,2025-11-21T08:04:01.837085Z
a5b962f3-f921-4186-8910-c8db6f2b6725,e81c868f-93fb-429b-9070-9007b6de76c8,bright-lobster,bright-lobster_v197.parquet,226.95,24289,2025-11-24T17:56:33.679988Z
288d0cd2-785d-45ac-a7c0-484ce115f289,e81c868f-93fb-429b-9070-9007b6de76c8,bright-lobster,bright-lobster_v261.parquet,226.9719,24289,2025-11-28T20:00:15.902915Z
505b2d6d-8676-4957-a118-d215c8ee8799,e81c868f-93fb-429b-9070-9007b6de76c8,bright-lobster,bright-lobster_v212.parquet,226.989,24289,2025-11-25T11:36:25.615167Z
ea8ddf5e-8cc3-47b1-8e3e-b0d6be39ee16,e81c868f-93fb-429b-9070-9007b6de76c8,bright-lobster,bright-lobster_v179.parquet,227.0321,24289,2025-11-21T15:07:23.900509Z
fb8e920d-d716-4031-ba10-60b2490033c6,e81c868f-93fb-429b-9070-9007b6de76c8,bright-lobster,bright-lobster_v194.parquet,227.0321,24289,2025-11-24T10:28:56.240964Z
33a31aeb-3109-4598-be5d-efa6811d5203,68b66eaf-8215-40ca-9aad-64364c2c3d2e,likable-ant,likable-ant_v173.parquet,227.0503,24289,2025-11-23T08:41:20.543786Z
8c42f691-8fc8-4ea3-bec9-a1f957c37b4c,030a1edd-d392-432f-9609-50011531bbab,zestful-mango,zestful-mango_v62.parquet,227.1279,24289,2025-11-30T18:23:17.099878Z
ba9a9f91-ed3c-4dc4-9401-bc72d2a2c1a6,e81c868f-93fb-429b-9070-9007b6de76c8,bright-lobster,bright-lobster_v251.parquet,227.1441,24289,2025-11-28T13:54:11.488829Z
710c81a3-958d-45ff-8c1f-f7e1456be5f8,1ecdc902-d28a-4c7f-830f-e007fa2ceb4a,friendly-raccoon,friendly-raccoon_v9.parquet,227.1919,24289,2025-10-30T19:54:50.098336Z
b41ee6f4-587a-45bb-a11e-d1c13704429f,cf800513-ba74-4229-88c0-36d4e37c8a14,outspoken-tornado,outspoken-tornado_v7.parquet,227.2324,24289,2025-11-19T14:15:23.659439Z
2d7f1b6b-633c-44d4-9665-76124c631550,030a1edd-d392-432f-9609-50011531bbab,zestful-mango,zestful-mango_v69.parquet,227.2385,24289,2025-11-30T18:57:50.108143Z
227e9b03-ef4b-4247-9419-28ec50ddf505,cf800513-ba74-4229-88c0-36d4e37c8a14,outspoken-tornado,outspoken-tornado_v11.parquet,227.2522,24289,2025-11-26T13:04:31.947627Z
4c8cf903-37bb-4192-8e4a-0dd196ad83d9,cf800513-ba74-4229-88c0-36d4e37c8a14,outspoken-tornado,outspoken-tornado_v16.parquet,227.332,24289,2025-11-27T09:01:32.0737Z
9b01dcb7-83f5-4e10-8b17-49449586b4cb,e81c868f-93fb-429b-9070-9007b6de76c8,bright-lobster,bright-lobster_v201.parquet,227.3443,24289,2025-11-25T10:53:50.263331Z
9437e8f1-87e8-4235-8ac9-66a9c3049fdc,e81c868f-93fb-429b-9070-9007b6de76c8,bright-lobster,bright-lobster_v206.parquet,227.3443,24289,2025-11-25T11:00:03.036021Z
fc720ba1-4b7e-45a7-b8ab-034094670866,e81c868f-93fb-429b-9070-9007b6de76c8,bright-lobster,bright-lobster_v86.parquet,227.3446,24289,2025-11-08T12:11:43.936191Z
4d4112a3-b273-49cc-a880-2ef0c8bc66c1,1ecdc902-d28a-4c7f-830f-e007fa2ceb4a,friendly-raccoon,friendly-raccoon_v16.parquet,227.3523,24289,2025-11-05T00:47:29.479677Z
766eaaf4-5c1e-4763-924c-61434fde0ade,030a1edd-d392-432f-9609-50011531bbab,zestful-mango,zestful-mango_v66.parquet,227.366,24289,2025-11-30T18:39:47.243916Z
2beecf70-3406-4daf-af69-7ab705581cb0,030a1edd-d392-432f-9609-50011531bbab,zestful-mango,zestful-mango_v42.parquet,227.3812,24289,2025-11-30T01:32:23.195486Z
c022dc0d-f521-442f-86d0-5386b6f2bbf4,29dabcd6-5a77-466a-8894-b6055fe45569,sincere-glacier,sincere-glacier_v29.parquet,227.4049,24289,2025-11-26T13:13:33.66878Z
7c2ea8fa-90c3-4952-9273-5b6f00633608,29dabcd6-5a77-466a-8894-b6055fe45569,sincere-glacier,sincere-glacier_v30.parquet,227.4049,24289,2025-11-26T13:32:21.923932Z
9a12ae57-5705-43f4-ab45-a9f5fb104c11,29dabcd6-5a77-466a-8894-b6055fe45569,sincere-glacier,sincere-glacier_v50.parquet,227.4049,24289,2025-11-27T14:21:13.269722Z
62e9796b-72d4-4cc0-8e30-7d6c197e530d,e81c868f-93fb-429b-9070-9007b6de76c8,bright-lobster,bright-lobster_v85.parquet,227.4306,24289,2025-11-08T11:55:00.551056Z
8424b8e5-4fe3-4724-8e5f-0d852f6b63da,29dabcd6-5a77-466a-8894-b6055fe45569,sincere-glacier,sincere-glacier_v41.parquet,227.4531,24289,2025-11-26T15:43:06.357812Z
dd6bd4d2-2fe9-42f6-8bde-00864571a6ea,e81c868f-93fb-429b-9070-9007b6de76c8,bright-lobster,bright-lobster_v317.parquet,227.6254,24289,2025-11-30T11:39:05.955095Z
3b12668f-724f-4f9a-b70e-18beeaa74d7f,e81c868f-93fb-429b-9070-9007b6de76c8,bright-lobster,bright-lobster_v84.parquet,227.6909,24289,2025-11-07T17:07:16.170982Z
cd7e28b3-73d6-457f-89fa-7b8bab998e2e,46837dc7-445a-43e5-b76d-07d48bfb5960,unique-honey,unique-honey_v57.parquet,227.6957,24289,2025-11-30T20:33:29.247027Z
85ad0325-0c0a-4974-b95e-f1c0129ce1fe,14eeb594-591f-4e44-9aaa-350cbb94afde,resourceful-quiver,resourceful-quiver_v50.parquet,227.7754,24289,2025-11-07T16:55:13.435325Z
cbdc61b0-881a-499c-ab53-d33e638a2a3d,14eeb594-591f-4e44-9aaa-350cbb94afde,resourceful-quiver,resourceful-quiver_v51.parquet,227.7754,24289,2025-11-07T17:07:46.838868Z
7d8a8cb7-54a3-4414-8ac1-8d9cb10244bd,0c6a5825-cf0e-42bc-ae40-88a927db1ccc,genuine-zucchini,genuine-zucchini_v46.parquet,227.7964,24289,2025-11-18T16:26:05.470814Z
a066116b-1ed6-4aab-bb7f-eb2b5764a54a,0c6a5825-cf0e-42bc-ae40-88a927db1ccc,genuine-zucchini,genuine-zucchini_v42.parquet,227.8612,24289,2025-11-15T01:20:32.126681Z
8ee67813-1249-428a-9f4f-640fb72135fc,0c6a5825-cf0e-42bc-ae40-88a927db1ccc,genuine-zucchini,genuine-zucchini_v43.parquet,227.8612,24289,2025-11-15T01:24:25.595667Z
d66eaec1-8d0d-4a10-a5e1-7440110679aa,030a1edd-d392-432f-9609-50011531bbab,zestful-mango,zestful-mango_v43.parquet,227.9067,24289,2025-11-30T01:38:01.509929Z
cd5de479-6f4a-4b34-b643-93af4e491d2c,46837dc7-445a-43e5-b76d-07d48bfb5960,unique-honey,unique-honey_v56.parquet,227.9514,24289,2025-11-30T08:46:30.50651Z
592c7e68-46f7-4892-90c6-a20ca8c4fdd7,030a1edd-d392-432f-9609-50011531bbab,zestful-mango,zestful-mango_v44.parquet,227.9682,24289,2025-11-30T01:43:24.855908Z
c6519868-6682-4c7f-a54f-c5b09a4ab64d,14eeb594-591f-4e44-9aaa-350cbb94afde,resourceful-quiver,resourceful-quiver_v209.parquet,228.0501,24289,2025-11-26T20:31:20.032312Z
0e77a864-df63-4d36-a6a1-0255a750f383,14eeb594-591f-4e44-9aaa-350cbb94afde,resourceful-quiver,resourceful-quiver_v119.parquet,228.1026,24289,2025-11-20T16:00:34.0074Z
48532d62-fa62-4e37-8e00-23cbde5a2f1a,e9f5d4ab-8177-46a0-839d-7e7fe0a5cd3d,gracious-jacket,gracious-jacket_v70.parquet,228.195,24289,2025-10-26T19:03:18.841152Z
6c5731aa-2765-4337-b5e0-1fcc2b02407c,0fb8ea0a-3880-4639-b056-6829f176b9a8,unique-guitar,unique-guitar_v12.parquet,228.2096,24289,2025-11-30T22:34:54.384771Z
3ed5fb28-fe46-4a49-a877-a33176401717,0c6a5825-cf0e-42bc-ae40-88a927db1ccc,genuine-zucchini,genuine-zucchini_v22.parquet,228.2182,24289,2025-10-30T21:04:03.044652Z
ec8acf9c-2e8d-4494-a9eb-b200931f5ced,030a1edd-d392-432f-9609-50011531bbab,zestful-mango,zestful-mango_v35.parquet,228.2304,24289,2025-11-28T08:24:25.818786Z
727837bc-c60e-41b0-9162-3e70f2d6a9a9,e81c868f-93fb-429b-9070-9007b6de76c8,bright-lobster,bright-lobster_v215.parquet,228.2925,24289,2025-11-26T07:56:08.997531Z
aba68cb0-2e0b-4498-9753-1d0dd49e32f2,e81c868f-93fb-429b-9070-9007b6de76c8,bright-lobster,bright-lobster_v170.parquet,228.3135,24289,2025-11-21T08:04:00.789032Z
5d88568c-4120-4936-9c9a-46ac67d9dedf,e81c868f-93fb-429b-9070-9007b6de76c8,bright-lobster,bright-lobster_v218.parquet,228.321,24289,2025-11-26T07:56:38.662811Z
ad10c5cc-3f52-4805-93b7-6dd6a347b6be,29dabcd6-5a77-466a-8894-b6055fe45569,sincere-glacier,sincere-glacier_v22.parquet,228.327,24289,2025-11-26T06:18:17.358035Z
43d13bb6-677c-4abe-a55b-47fe1faf55e8,0c6a5825-cf0e-42bc-ae40-88a927db1ccc,genuine-zucchini,genuine-zucchini_v21.parquet,228.4137,24289,2025-10-30T20:57:26.461462Z
f79d22d1-b0e3-4b29-8bfa-af0fd46629ef,e81c868f-93fb-429b-9070-9007b6de76c8,bright-lobster,bright-lobster_v174.parquet,228.4203,24289,2025-11-21T13:21:05.640837Z
ca7080b7-8ca8-4df3-87af-faf8f1a2276a,e81c868f-93fb-429b-9070-9007b6de76c8,bright-lobster,bright-lobster_v127.parquet,228.4558,24289,2025-11-12T08:50:26.397504Z
76d33795-72af-45da-a4b6-ab6a42d6c75d,1463c574-53df-4b62-ac3a-cdf62a216420,wise-watermelon,wise-watermelon_v28.parquet,228.5379,24289,2025-11-30T17:29:05.942515Z
6460055e-9881-4bb0-8adb-b996c0f05bf4,e81c868f-93fb-429b-9070-9007b6de76c8,bright-lobster,bright-lobster_v131.parquet,228.5705,24289,2025-11-12T09:39:36.009574Z
a99a5bc2-f41b-4bfb-96fb-5dd2d0cb8a44,1463c574-53df-4b62-ac3a-cdf62a216420,wise-watermelon,wise-watermelon_v11.parquet,228.6213,24289,2025-11-09T12:00:33.826624Z
749cd64c-f9e5-4dd0-ba8b-f8eb823aab7c,0c6a5825-cf0e-42bc-ae40-88a927db1ccc,genuine-zucchini,genuine-zucchini_v44.parquet,228.6233,24289,2025-11-15T01:46:33.978214Z
b2e9bf0b-5933-4db2-bf89-80d3beaf6a74,709f6250-a8dc-4cfc-8fab-c577b348b124,witty-orchid,witty-orchid_v3.parquet,228.6274,24289,2025-11-24T07:22:32.309475Z
db5cccb9-c73f-4ba6-a6bf-84d16e1fcaf0,1463c574-53df-4b62-ac3a-cdf62a216420,wise-watermelon,wise-watermelon_v22.parquet,228.6944,24289,2025-11-25T03:31:54.541302Z
5599efe3-7d01-40e9-9ef6-5be5527e7670,e81c868f-93fb-429b-9070-9007b6de76c8,bright-lobster,bright-lobster_v188.parquet,228.7032,24289,2025-11-22T11:38:38.426779Z
31e27c08-bb72-47bf-a0f5-cb991b63d0e1,e81c868f-93fb-429b-9070-9007b6de76c8,bright-lobster,bright-lobster_v193.parquet,228.7032,24289,2025-11-24T10:25:18.864279Z
2b5d3ece-e6c8-4db0-bcc1-14bbde63e097,e81c868f-93fb-429b-9070-9007b6de76c8,bright-lobster,bright-lobster_v185.parquet,228.7099,24289,2025-11-22T11:38:50.330398Z
4664b185-a174-48a3-9c0c-b6fc9e57e1b5,e81c868f-93fb-429b-9070-9007b6de76c8,bright-lobster,bright-lobster_v190.parquet,228.7099,24289,2025-11-24T10:25:29.798965Z
e4964189-cad1-4705-b50c-c8f6a8d89fff,68b66eaf-8215-40ca-9aad-64364c2c3d2e,likable-ant,likable-ant_v179.parquet,228.726,24289,2025-11-23T14:47:33.371135Z
99da8a2a-eef8-4f2a-8799-c59ec22aaa6e,e81c868f-93fb-429b-9070-9007b6de76c8,bright-lobster,bright-lobster_v219.parquet,228.9426,24289,2025-11-26T07:56:08.998781Z
b01bdd67-5f66-4209-9727-445f95edd7ee,1463c574-53df-4b62-ac3a-cdf62a216420,wise-watermelon,wise-watermelon_v24.parquet,229.0567,24289,2025-11-27T19:12:44.110978Z
660efa92-d118-4301-a816-a591a27ef593,29dabcd6-5a77-466a-8894-b6055fe45569,sincere-glacier,sincere-glacier_v3.parquet,229.0944,24289,2025-11-24T15:59:33.499714Z
c903d2b0-da68-4dcd-ad58-15d39000afb4,030a1edd-d392-432f-9609-50011531bbab,zestful-mango,zestful-mango_v36.parquet,229.1103,24289,2025-11-28T09:55:46.374694Z
520cb447-441b-45f4-90a8-8fe28ba88740,29dabcd6-5a77-466a-8894-b6055fe45569,sincere-glacier,sincere-glacier_v58.parquet,229.1682,24289,2025-11-28T11:46:35.166966Z
f0ec3b7b-80b8-4a2b-a939-ddd5f7082304,46837dc7-445a-43e5-b76d-07d48bfb5960,unique-honey,unique-honey_v52.parquet,229.2725,24289,2025-11-29T00:24:56.906539Z
eb9ef10a-30f4-47d0-bdcb-05e053f7eb7a,030a1edd-d392-432f-9609-50011531bbab,zestful-mango,zestful-mango_v34.parquet,229.3188,24289,2025-11-27T22:40:46.476161Z
b07b0119-1ce6-4509-91e8-4cdec087a140,e81c868f-93fb-429b-9070-9007b6de76c8,bright-lobster,bright-lobster_v132.parquet,229.3226,24289,2025-11-12T09:45:00.817475Z
da818616-077e-456a-91ba-31a67187bb21,68b66eaf-8215-40ca-9aad-64364c2c3d2e,likable-ant,likable-ant_v17.parquet,229.4702,24289,2025-11-20T19:23:20.360728Z
edc39c90-179b-4f52-b76c-66b4cf8d9780,e81c868f-93fb-429b-9070-9007b6de76c8,bright-lobster,bright-lobster_v266.parquet,229.553,24289,2025-11-28T19:58:54.192405Z
14019ea2-c644-4396-a22e-1c428460f02c,1463c574-53df-4b62-ac3a-cdf62a216420,wise-watermelon,wise-watermelon_v20.parquet,229.5655,24289,2025-11-23T11:13:52.454266Z
8a2fdec6-6262-4aa1-9127-925288af2669,e81c868f-93fb-429b-9070-9007b6de76c8,bright-lobster,bright-lobster_v204.parquet,229.6498,24289,2025-11-25T10:53:34.632579Z
08b06d30-7e28-49bd-92ef-f684aef25257,e81c868f-93fb-429b-9070-9007b6de76c8,bright-lobster,bright-lobster_v209.parquet,229.6498,24289,2025-11-25T11:00:14.93188Z
8e258ec5-1570-4587-a6cf-4751dcb06333,e81c868f-93fb-429b-9070-9007b6de76c8,bright-lobster,bright-lobster_v172.parquet,229.6662,24289,2025-11-21T13:21:09.649445Z
525fe920-ff18-4333-9aec-3b01976514cd,e9f5d4ab-8177-46a0-839d-7e7fe0a5cd3d,gracious-jacket,gracious-jacket_v50.parquet,229.6671,24289,2025-10-23T14:08:19.85817Z
b9f1c045-20fd-47fd-b48a-7e4bc8e29ae7,606dc3bc-ca68-44a2-960f-2b9d2fb0de66,zesty-raccoon,zesty-raccoon_v70.parquet,229.6714,24289,2025-11-30T12:52:01.595939Z
8befb893-6cf9-4418-b901-1103184f5261,e81c868f-93fb-429b-9070-9007b6de76c8,bright-lobster,bright-lobster_v88.parquet,229.765,24289,2025-11-08T12:51:39.389933Z
b5068c41-ae5a-4d20-b323-8da1dc9ebf97,68b66eaf-8215-40ca-9aad-64364c2c3d2e,likable-ant,likable-ant_v170.parquet,229.8052,24289,2025-11-23T01:20:25.961388Z
ea06bb36-5293-4b67-a950-e288781508b3,e81c868f-93fb-429b-9070-9007b6de76c8,bright-lobster,bright-lobster_v82.parquet,229.8213,24289,2025-11-07T16:51:56.384859Z
7fb41375-d44b-4031-ae84-fb03ff80fe08,0c6a5825-cf0e-42bc-ae40-88a927db1ccc,genuine-zucchini,genuine-zucchini_v23.parquet,229.8336,24289,2025-10-30T22:14:55.153855Z
137f4c8e-6604-40d5-9c4f-4a86cea50d1a,e81c868f-93fb-429b-9070-9007b6de76c8,bright-lobster,bright-lobster_v216.parquet,229.8953,24289,2025-11-26T07:56:38.763766Z
561149b4-43e6-421f-97fb-01b076737426,855d2583-cb26-42eb-90bb-c637baad7b95,jubilant-vase,jubilant-vase_v10.parquet,229.8991,24289,2025-11-29T19:57:56.362695Z
1a934c57-f7bc-4fed-bea7-2b3e7f965caa,e81c868f-93fb-429b-9070-9007b6de76c8,bright-lobster,bright-lobster_v106.parquet,230.0253,24289,2025-11-10T14:02:48.325882Z
388dfc8f-827c-4cef-bc16-1fe91ac6caed,e81c868f-93fb-429b-9070-9007b6de76c8,bright-lobster,bright-lobster_v26.parquet,230.0367,24289,2025-11-05T12:59:16.834305Z
6487d08d-e3e4-4bbd-8d00-85875e3ee13a,e81c868f-93fb-429b-9070-9007b6de76c8,bright-lobster,bright-lobster_v29.parquet,230.0367,24289,2025-11-05T14:24:05.075635Z
ccd793fe-2a80-4037-b46d-a7bb1b68043e,e81c868f-93fb-429b-9070-9007b6de76c8,bright-lobster,bright-lobster_v32.parquet,230.0367,24289,2025-11-06T09:05:50.552993Z
c241bfac-d976-4eb2-ad95-302ec74d9063,8a5be54d-007c-42aa-91bd-4069148dc68c,merry-jacket,merry-jacket_v17.parquet,230.2534,24289,2025-11-26T18:56:03.88951Z
5c5d75bf-e858-4ce8-9993-a73f06c9256e,8a5be54d-007c-42aa-91bd-4069148dc68c,merry-jacket,merry-jacket_v23.parquet,230.2534,24289,2025-11-30T18:15:20.909684Z
4345224d-2d0b-4583-bc50-102b65a80ae2,8a5be54d-007c-42aa-91bd-4069148dc68c,merry-jacket,merry-jacket_v25.parquet,230.2534,24289,2025-11-30T18:18:40.33228Z
a745dd03-98b4-4c34-88b0-edb24238e0bf,e9f5d4ab-8177-46a0-839d-7e7fe0a5cd3d,gracious-jacket,gracious-jacket_v55.parquet,230.2719,24289,2025-10-23T20:26:26.988106Z
24624afb-b1c3-43f3-8935-d30b1b3f9f8b,030a1edd-d392-432f-9609-50011531bbab,zestful-mango,zestful-mango_v54.parquet,230.3124,24289,2025-11-30T12:58:48.192098Z
a3df92e9-1f65-4ea9-9474-0628247a0be6,030a1edd-d392-432f-9609-50011531bbab,zestful-mango,zestful-mango_v55.parquet,230.3373,24289,2025-11-30T13:02:39.657272Z
6be12e71-f2c4-48ef-be70-114acca8ceba,030a1edd-d392-432f-9609-50011531bbab,zestful-mango,zestful-mango_v103.parquet,230.3392,24289,2025-11-30T23:24:25.500326Z
14cb683b-3fc8-42dd-824b-49f0a479ac1d,4e534bf9-644c-4c1a-8043-eeceaa76d67f,outgoing-orange,outgoing-orange_v11.parquet,230.3591,24289,2025-11-28T17:07:57.392641Z
62ff6451-69a8-4ae8-a405-29a2ac64b7ca,cf800513-ba74-4229-88c0-36d4e37c8a14,outspoken-tornado,outspoken-tornado_v9.parquet,230.3649,24289,2025-11-20T07:22:54.257932Z
8e3edb1c-8ccc-4222-982e-b06324c248c5,8a5be54d-007c-42aa-91bd-4069148dc68c,merry-jacket,merry-jacket_v27.parquet,230.3664,24289,2025-11-30T18:21:57.802136Z
f2a8ff2b-767e-48bf-83a8-7a380d83eacd,46837dc7-445a-43e5-b76d-07d48bfb5960,unique-honey,unique-honey_v51.parquet,230.3875,24289,2025-11-28T21:49:10.854221Z
45619799-d7c3-4826-b0ec-5d760e975e79,68b66eaf-8215-40ca-9aad-64364c2c3d2e,likable-ant,likable-ant_v174.parquet,230.4432,24289,2025-11-23T11:19:39.657551Z
d9faadd1-550e-4d56-922f-785a35f77941,e81c868f-93fb-429b-9070-9007b6de76c8,bright-lobster,bright-lobster_v198.parquet,230.464,24289,2025-11-24T20:53:43.893316Z
d7820fb8-102e-4fdd-b4b7-1b15dca4cc1f,0c6a5825-cf0e-42bc-ae40-88a927db1ccc,genuine-zucchini,genuine-zucchini_v25.parquet,230.4735,24289,2025-11-04T14:42:21.419039Z
b769e4bb-627b-43a3-ae81-874382b7fbc8,e9f5d4ab-8177-46a0-839d-7e7fe0a5cd3d,gracious-jacket,gracious-jacket_v72.parquet,230.5165,24289,2025-10-27T19:50:31.20874Z
1eac2964-283d-456b-9d4d-d27907a499cc,8a5be54d-007c-42aa-91bd-4069148dc68c,merry-jacket,merry-jacket_v28.parquet,230.5575,24289,2025-11-30T19:00:54.797129Z
d0a026bd-b8b0-4ce8-a29f-dec81446cbec,8a5be54d-007c-42aa-91bd-4069148dc68c,merry-jacket,merry-jacket_v16.parquet,230.582,24289,2025-11-26T18:49:42.122835Z
7cbcf047-4cc7-4f54-8bfa-e2eb7324c0a9,8a5be54d-007c-42aa-91bd-4069148dc68c,merry-jacket,merry-jacket_v24.parquet,230.582,24289,2025-11-30T18:17:04.061685Z
23fbd4e9-892a-4de6-8402-3ce19c86c6fa,e81c868f-93fb-429b-9070-9007b6de76c8,bright-lobster,bright-lobster_v133.parquet,230.6157,24289,2025-11-12T09:48:52.641175Z
6bd0e2a3-dcdf-4481-a17f-63086a24ad53,e81c868f-93fb-429b-9070-9007b6de76c8,bright-lobster,bright-lobster_v203.parquet,230.6159,24289,2025-11-25T10:53:44.765564Z
98d42fc5-f068-4760-9636-79dda0257455,e81c868f-93fb-429b-9070-9007b6de76c8,bright-lobster,bright-lobster_v208.parquet,230.6159,24289,2025-11-25T11:00:03.056446Z
08b55748-56a2-4374-bf22-f68590e3f2fc,14eeb594-591f-4e44-9aaa-350cbb94afde,resourceful-quiver,resourceful-quiver_v11.parquet,230.7036,24289,2025-10-21T18:03:14.149199Z
4378abe5-e860-4533-b589-a2059403ae3c,e81c868f-93fb-429b-9070-9007b6de76c8,bright-lobster,bright-lobster_v128.parquet,230.7243,24289,2025-11-12T09:01:27.601982Z
e16fca40-b1bf-4222-99ab-8f742beebabe,e81c868f-93fb-429b-9070-9007b6de76c8,bright-lobster,bright-lobster_v27.parquet,230.7306,24289,2025-11-05T13:14:52.007769Z
b0b83a6b-4770-4a9d-b044-49d01a762712,0c6a5825-cf0e-42bc-ae40-88a927db1ccc,genuine-zucchini,genuine-zucchini_v53.parquet,230.7393,24289,2025-11-30T12:08:27.351193Z
7cdf7a93-ee8e-4387-8f92-fbbb75d0eaba,e81c868f-93fb-429b-9070-9007b6de76c8,bright-lobster,bright-lobster_v263.parquet,230.7559,24289,2025-11-28T20:00:12.708209Z
d281c991-958d-4179-9c8e-419d6f8d4e59,0c6a5825-cf0e-42bc-ae40-88a927db1ccc,genuine-zucchini,genuine-zucchini_v20.parquet,230.7697,24289,2025-10-30T19:55:40.911358Z
7811e31a-e71b-41a1-b6a0-da12e924dab4,46837dc7-445a-43e5-b76d-07d48bfb5960,unique-honey,unique-honey_v55.parquet,230.8868,24289,2025-11-30T00:15:29.981428Z
37186238-516c-4e7f-bf51-175061c5f8ca,8a04baf5-b796-4e91-85d3-53885ec570d8,nurturing-telephone,nurturing-telephone_v10.parquet,230.9487,24289,2025-11-30T12:04:32.209395Z
740ac12b-6446-4b90-b1f0-0daf45df4976,0c6a5825-cf0e-42bc-ae40-88a927db1ccc,genuine-zucchini,genuine-zucchini_v49.parquet,230.9725,24289,2025-11-20T13:24:43.698326Z
1a08e366-8b46-4afb-9327-86131f494a2d,8a5be54d-007c-42aa-91bd-4069148dc68c,merry-jacket,merry-jacket_v32.parquet,230.9969,24289,2025-11-30T20:02:24.258723Z
41dd3892-416b-4163-9f2b-98849f73172e,e81c868f-93fb-429b-9070-9007b6de76c8,bright-lobster,bright-lobster_v109.parquet,231.0942,24289,2025-11-11T11:01:51.945119Z
5d909059-a655-4d1c-b10b-77e0ac4e9187,606dc3bc-ca68-44a2-960f-2b9d2fb0de66,zesty-raccoon,zesty-raccoon_v63.parquet,231.1252,24289,2025-11-30T08:00:50.096206Z
e10b127e-d199-4319-ac07-9cbe0b2998be,030a1edd-d392-432f-9609-50011531bbab,zestful-mango,zestful-mango_v37.parquet,231.1715,24289,2025-11-28T10:05:10.888327Z
b6642988-2576-445f-b8f6-ccebc2b1adf1,e81c868f-93fb-429b-9070-9007b6de76c8,bright-lobster,bright-lobster_v115.parquet,231.1885,24289,2025-11-11T15:09:35.238484Z
973788f4-15da-4f1d-a001-ef675dfa5ce5,e9f5d4ab-8177-46a0-839d-7e7fe0a5cd3d,gracious-jacket,gracious-jacket_v73.parquet,231.2454,24289,2025-10-27T21:01:32.574525Z
97486132-6e83-4ed1-ba95-a4b8a191532b,e9f5d4ab-8177-46a0-839d-7e7fe0a5cd3d,gracious-jacket,gracious-jacket_v53.parquet,231.2571,24289,2025-10-23T18:56:50.95549Z
e499bcb3-93b8-4b6f-95db-8f4ea33aa60e,606dc3bc-ca68-44a2-960f-2b9d2fb0de66,zesty-raccoon,zesty-raccoon_v76.parquet,231.2895,24289,2025-11-30T17:47:16.512396Z
85a5c0dc-81df-4b47-b6b7-76c4355c7691,0c6a5825-cf0e-42bc-ae40-88a927db1ccc,genuine-zucchini,genuine-zucchini_v24.parquet,231.2967,24289,2025-10-30T22:55:46.066012Z
ad8d32c2-b9a1-4002-92de-91b97b409b96,8a5be54d-007c-42aa-91bd-4069148dc68c,merry-jacket,merry-jacket_v18.parquet,231.3035,24289,2025-11-30T17:00:44.014128Z
9b9ebf0a-7a2b-4e02-880a-3ea786f49a8b,68b66eaf-8215-40ca-9aad-64364c2c3d2e,likable-ant,likable-ant_v14.parquet,231.3203,24289,2025-11-07T10:34:06.357664Z
5f8ebb98-b2e3-4755-b4e1-9abd1cc8efbe,cf800513-ba74-4229-88c0-36d4e37c8a14,outspoken-tornado,outspoken-tornado_v8.parquet,231.3615,24289,2025-11-19T15:47:02.615337Z
1fc953c8-594e-4433-8304-603a663edbeb,68b66eaf-8215-40ca-9aad-64364c2c3d2e,likable-ant,likable-ant_v178.parquet,231.4016,24289,2025-11-23T12:42:22.249363Z
6dd5e5d9-5ac6-4d5d-909f-1be5d40f2811,e81c868f-93fb-429b-9070-9007b6de76c8,bright-lobster,bright-lobster_v153.parquet,231.4173,24289,2025-11-18T07:40:16.65899Z
2f04bdbb-d371-4b94-a6fd-bb01d0503a41,e9f5d4ab-8177-46a0-839d-7e7fe0a5cd3d,gracious-jacket,gracious-jacket_v49.parquet,231.4241,24289,2025-10-23T12:00:21.535075Z
4030eb2d-b804-4ac2-98c5-d2a8abf09786,4e534bf9-644c-4c1a-8043-eeceaa76d67f,outgoing-orange,outgoing-orange_v10.parquet,231.5079,24289,2025-11-28T15:16:42.998653Z
02094c68-9e31-4f99-98c5-fa6e5a84f7b1,e9f5d4ab-8177-46a0-839d-7e7fe0a5cd3d,gracious-jacket,gracious-jacket_v62.parquet,231.5934,24289,2025-10-25T14:07:06.013554Z
3eef08d2-4974-4daa-8611-f1db01978cc4,030a1edd-d392-432f-9609-50011531bbab,zestful-mango,zestful-mango_v32.parquet,231.6529,24289,2025-11-27T09:09:36.930799Z
1a7773b5-3682-43b2-8a3a-cf13f0959620,8a04baf5-b796-4e91-85d3-53885ec570d8,nurturing-telephone,nurturing-telephone_v7.parquet,231.714,24289,2025-11-29T15:09:21.874336Z
53b5c9e4-e581-4b4a-aecf-7900211e9157,e81c868f-93fb-429b-9070-9007b6de76c8,bright-lobster,bright-lobster_v157.parquet,231.7231,24289,2025-11-20T07:42:32.180624Z
eb340768-aee5-44a8-8c05-643a4aac297c,606dc3bc-ca68-44a2-960f-2b9d2fb0de66,zesty-raccoon,zesty-raccoon_v75.parquet,231.7683,24289,2025-11-30T17:21:22.857759Z
bf249f2e-05c0-4c94-9458-bb247d1128cb,8a04baf5-b796-4e91-85d3-53885ec570d8,nurturing-telephone,nurturing-telephone_v11.parquet,231.806,24289,2025-11-30T15:20:55.385956Z
442413a5-23ae-4ba1-b7b2-968d681c42a8,e9f5d4ab-8177-46a0-839d-7e7fe0a5cd3d,gracious-jacket,gracious-jacket_v69.parquet,231.8136,24289,2025-10-26T18:03:37.733761Z
24d5cf64-e090-4e8f-b02d-662ab0b5dcc3,030a1edd-d392-432f-9609-50011531bbab,zestful-mango,zestful-mango_v33.parquet,231.8612,24289,2025-11-27T09:48:32.125152Z
e452e619-69a1-488f-bf78-b5bb5eadbc2a,e81c868f-93fb-429b-9070-9007b6de76c8,bright-lobster,bright-lobster_v130.parquet,231.9465,24289,2025-11-12T09:31:13.01585Z
672271b1-633f-4fd3-a156-316e215190f1,606dc3bc-ca68-44a2-960f-2b9d2fb0de66,zesty-raccoon,zesty-raccoon_v58.parquet,231.9674,24289,2025-11-29T19:26:06.438972Z
5f713ee6-962f-4f0c-842d-ad03abc20c14,cf800513-ba74-4229-88c0-36d4e37c8a14,outspoken-tornado,outspoken-tornado_v22.parquet,231.9688,24289,2025-11-30T14:55:52.071141Z
7c1cdc9a-efff-4fde-86ee-9b84c8331c48,29dabcd6-5a77-466a-8894-b6055fe45569,sincere-glacier,sincere-glacier_v71.parquet,232.0176,24289,2025-11-30T13:40:49.898269Z
f7c5d22f-21d5-4816-a632-8accb7929221,29dabcd6-5a77-466a-8894-b6055fe45569,sincere-glacier,sincere-glacier_v72.parquet,232.0176,24289,2025-11-30T14:04:58.714981Z
3014268a-7461-442a-a51e-53b8d962677a,8a5be54d-007c-42aa-91bd-4069148dc68c,merry-jacket,merry-jacket_v14.parquet,232.096,24289,2025-11-25T21:28:52.065538Z
bc77d0ec-45d1-4995-8055-f4fc7e8fdbb8,4ad66ed5-9214-49a9-bea4-0e8c6da82d48,amazing-pillow,amazing-pillow_v20.parquet,232.1071,24289,2025-10-30T15:59:05.028158Z
79f8e61a-0659-44a9-9fae-efa5e1c0f5ae,606dc3bc-ca68-44a2-960f-2b9d2fb0de66,zesty-raccoon,zesty-raccoon_v72.parquet,232.1655,24289,2025-11-30T14:28:35.005268Z
e5ba50b3-d453-4269-88c7-4434d40662a6,e9f5d4ab-8177-46a0-839d-7e7fe0a5cd3d,gracious-jacket,gracious-jacket_v59.parquet,232.1727,24289,2025-10-24T15:21:44.361246Z
b4592bee-de4a-4e28-90e6-a9234b0db39a,e81c868f-93fb-429b-9070-9007b6de76c8,bright-lobster,bright-lobster_v155.parquet,232.1751,24289,2025-11-19T09:03:23.397827Z
7af22e0a-a4d2-4328-b579-032ab67eb1e3,e81c868f-93fb-429b-9070-9007b6de76c8,bright-lobster,bright-lobster_v223.parquet,232.1815,24289,2025-11-27T12:54:31.412789Z
28db6766-f982-47b7-8380-24a126c28495,709f6250-a8dc-4cfc-8fab-c577b348b124,witty-orchid,witty-orchid_v2.parquet,232.3216,24289,2025-11-24T07:08:40.962863Z
7943a104-c76d-4b7c-b0b1-800153761c28,46837dc7-445a-43e5-b76d-07d48bfb5960,unique-honey,unique-honey_v50.parquet,232.3225,24289,2025-11-28T10:04:35.302199Z
0b806665-4f9f-44ea-9f3e-1f550dab65da,030a1edd-d392-432f-9609-50011531bbab,zestful-mango,zestful-mango_v26.parquet,232.3765,24289,2025-11-26T23:47:31.049393Z
ca3308e8-e08b-4216-8586-bedb1ce27263,68b66eaf-8215-40ca-9aad-64364c2c3d2e,likable-ant,likable-ant_v176.parquet,232.5691,24289,2025-11-23T11:52:43.657669Z
96dad8ad-9e29-49fc-842c-1b4534511be7,68b66eaf-8215-40ca-9aad-64364c2c3d2e,likable-ant,likable-ant_v175.parquet,232.5695,24289,2025-11-23T11:48:22.571421Z
ce7f356a-2be1-4bd2-825b-b1726fdddd3a,4ad66ed5-9214-49a9-bea4-0e8c6da82d48,amazing-pillow,amazing-pillow_v16.parquet,232.5905,24289,2025-10-30T13:21:22.940323Z
93d2b7c6-dd2d-4414-bc69-b84681b775b2,8a04baf5-b796-4e91-85d3-53885ec570d8,nurturing-telephone,nurturing-telephone_v13.parquet,232.6046,24289,2025-11-30T20:19:49.736291Z
e2de43d9-e73a-49a2-8d72-d1bcd03996cb,e9f5d4ab-8177-46a0-839d-7e7fe0a5cd3d,gracious-jacket,gracious-jacket_v68.parquet,232.6198,24289,2025-10-26T12:07:54.394043Z
0007d1fd-47a1-401a-8e39-1302bcee29e9,1463c574-53df-4b62-ac3a-cdf62a216420,wise-watermelon,wise-watermelon_v8.parquet,232.6505,24289,2025-11-06T09:44:41.932377Z
39c8f3b1-a022-4a84-8672-e3d6713c85ab,4ad66ed5-9214-49a9-bea4-0e8c6da82d48,amazing-pillow,amazing-pillow_v28.parquet,232.6569,24289,2025-11-02T19:58:55.316255Z
ebc95402-ec08-452c-b682-8e1bd6d59eac,606dc3bc-ca68-44a2-960f-2b9d2fb0de66,zesty-raccoon,zesty-raccoon_v69.parquet,232.7123,24289,2025-11-30T12:26:54.789087Z
bb1ebbcb-0f1a-403a-bb76-85f20a4ecb37,8a5be54d-007c-42aa-91bd-4069148dc68c,merry-jacket,merry-jacket_v19.parquet,232.7209,24289,2025-11-30T17:17:51.081383Z
4442e5de-db3a-4ef6-a6fa-646c124c3630,e9f5d4ab-8177-46a0-839d-7e7fe0a5cd3d,gracious-jacket,gracious-jacket_v63.parquet,232.8605,24289,2025-10-25T15:35:04.789824Z
f33490be-bf6b-43b2-a34f-602c7759f9d5,e81c868f-93fb-429b-9070-9007b6de76c8,bright-lobster,bright-lobster_v104.parquet,232.8837,24289,2025-11-10T13:16:23.459029Z
bc97b7fa-d150-45b2-b1d7-0894b49b61a2,e9f5d4ab-8177-46a0-839d-7e7fe0a5cd3d,gracious-jacket,gracious-jacket_v51.parquet,232.8997,24289,2025-10-23T15:21:27.267161Z
d3db5877-768e-477a-a2e4-205d83903bde,29dabcd6-5a77-466a-8894-b6055fe45569,sincere-glacier,sincere-glacier_v67.parquet,232.9289,24289,2025-11-29T13:25:35.275039Z
59fd34c7-bf04-4748-82ff-31cf390bdd2d,29dabcd6-5a77-466a-8894-b6055fe45569,sincere-glacier,sincere-glacier_v68.parquet,232.9289,24289,2025-11-29T13:39:47.993642Z
03646f66-d77d-40eb-ade2-6004325e86fe,e9f5d4ab-8177-46a0-839d-7e7fe0a5cd3d,gracious-jacket,gracious-jacket_v65.parquet,233.0311,24289,2025-10-25T16:32:12.639069Z
c5799342-c804-4921-918c-8ec3bf3fb74d,46837dc7-445a-43e5-b76d-07d48bfb5960,unique-honey,unique-honey_v47.parquet,233.0853,24289,2025-11-27T20:57:33.916799Z
a2cb47df-55b0-4cd8-83fa-63346deff8e3,606dc3bc-ca68-44a2-960f-2b9d2fb0de66,zesty-raccoon,zesty-raccoon_v74.parquet,233.0967,24289,2025-11-30T16:27:28.597229Z
cdd80255-eb83-438a-9ebf-778b6da45d40,e81c868f-93fb-429b-9070-9007b6de76c8,bright-lobster,bright-lobster_v202.parquet,233.2366,24289,2025-11-25T10:53:28.949795Z
3d419225-684b-4a9f-99df-cd99823ce084,e81c868f-93fb-429b-9070-9007b6de76c8,bright-lobster,bright-lobster_v207.parquet,233.2366,24289,2025-11-25T11:00:17.07737Z
ca5b3995-2c26-48bb-b1ea-8a5f4140edb9,8a04baf5-b796-4e91-85d3-53885ec570d8,nurturing-telephone,nurturing-telephone_v14.parquet,233.241,24289,2025-11-30T20:23:30.533648Z
9df2c76b-5f9d-4a50-861f-0077a2575a32,606dc3bc-ca68-44a2-960f-2b9d2fb0de66,zesty-raccoon,zesty-raccoon_v73.parquet,233.2538,24289,2025-11-30T14:47:04.797196Z
fb7652cb-86e9-4b8c-9c4e-af6a9f2259a8,4ad66ed5-9214-49a9-bea4-0e8c6da82d48,amazing-pillow,amazing-pillow_v17.parquet,233.2541,24289,2025-10-30T14:02:34.685101Z
adbb4801-cd22-4f0f-b678-1e660cd50eaf,14eeb594-591f-4e44-9aaa-350cbb94afde,resourceful-quiver,resourceful-quiver_v43.parquet,233.2806,24289,2025-11-07T11:56:05.43474Z
dea1cd44-9f09-414f-9385-8cd273ee47f8,e81c868f-93fb-429b-9070-9007b6de76c8,bright-lobster,bright-lobster_v116.parquet,233.322,24289,2025-11-11T15:23:07.060588Z
c26ccc06-7c07-442a-9cc4-ac5503deb558,4e534bf9-644c-4c1a-8043-eeceaa76d67f,outgoing-orange,outgoing-orange_v9.parquet,233.3847,24289,2025-11-28T15:05:55.866288Z
a0ef5738-3630-4376-b4b7-c41b9084203b,e9f5d4ab-8177-46a0-839d-7e7fe0a5cd3d,gracious-jacket,gracious-jacket_v71.parquet,233.423,24289,2025-10-27T19:27:55.493336Z
88d79661-537f-4813-9c18-7acd6fcf898e,46837dc7-445a-43e5-b76d-07d48bfb5960,unique-honey,unique-honey_v48.parquet,233.4585,24289,2025-11-27T23:26:34.314241Z
45aa92b1-30a4-4640-a07a-7985cff97f97,e9f5d4ab-8177-46a0-839d-7e7fe0a5cd3d,gracious-jacket,gracious-jacket_v78.parquet,233.5227,24289,2025-10-28T21:45:53.942714Z
172a5062-798b-4714-84d2-f7e150512d74,e81c868f-93fb-429b-9070-9007b6de76c8,bright-lobster,bright-lobster_v129.parquet,233.5366,24289,2025-11-12T09:29:58.092853Z
f154070f-29d7-421e-bc0b-2734c57ae272,606dc3bc-ca68-44a2-960f-2b9d2fb0de66,zesty-raccoon,zesty-raccoon_v57.parquet,233.5385,24289,2025-11-29T18:15:46.106734Z
b5cc71b8-d257-4b8f-80ce-2b07661354b6,68b66eaf-8215-40ca-9aad-64364c2c3d2e,likable-ant,likable-ant_v18.parquet,233.5432,24289,2025-11-08T22:05:44.335314Z
43b3c3df-544a-43b9-93e4-c3997ac62c57,e81c868f-93fb-429b-9070-9007b6de76c8,bright-lobster,bright-lobster_v143.parquet,233.5837,24289,2025-11-14T08:29:57.618944Z
dc3e068a-fe28-4575-9be8-70f19b91b189,46837dc7-445a-43e5-b76d-07d48bfb5960,unique-honey,unique-honey_v58.parquet,233.5869,24289,2025-11-30T23:35:26.992245Z
fc9742dd-8adb-487e-99de-cd5c0983c465,8a5be54d-007c-42aa-91bd-4069148dc68c,merry-jacket,merry-jacket_v22.parquet,233.5871,24289,2025-11-30T17:58:07.042856Z
ea049279-cffa-4188-89ea-e5db155cd725,1463c574-53df-4b62-ac3a-cdf62a216420,wise-watermelon,wise-watermelon_v5.parquet,233.5997,24289,2025-10-28T17:53:45.476051Z
188e36da-f237-4214-a0ee-c6a73588410a,e81c868f-93fb-429b-9070-9007b6de76c8,bright-lobster,bright-lobster_v158.parquet,233.7069,24289,2025-11-20T07:44:47.681165Z
4bcaee52-03ee-46f8-a556-212b4d85f67f,d4787726-65f9-4b6d-a6cf-6e9bbc834727,determined-dolphin,determined-dolphin_v1.parquet,233.7212,24289,2025-10-23T18:34:31.34995Z
503a14fc-91b1-4335-819c-5f54cc713251,606dc3bc-ca68-44a2-960f-2b9d2fb0de66,zesty-raccoon,zesty-raccoon_v66.parquet,233.7642,24289,2025-11-30T10:38:23.018415Z
ad99ef3e-cc44-47f2-93be-20047aa22600,e81c868f-93fb-429b-9070-9007b6de76c8,bright-lobster,bright-lobster_v156.parquet,233.8706,24289,2025-11-20T07:41:56.947848Z
0ea08363-4cd7-4169-8642-8c643a193e54,46837dc7-445a-43e5-b76d-07d48bfb5960,unique-honey,unique-honey_v49.parquet,233.8785,24289,2025-11-28T00:31:11.765124Z
8339a277-50ed-476e-a9c8-10845558dc45,68b66eaf-8215-40ca-9aad-64364c2c3d2e,likable-ant,likable-ant_v230.parquet,233.9681,24289,2025-11-28T18:51:48.724819Z
94c2555d-2198-4fb0-96fa-d3ac882ac5c3,68b66eaf-8215-40ca-9aad-64364c2c3d2e,likable-ant,likable-ant_v158.parquet,233.9726,24289,2025-11-22T18:40:29.012374Z
fea96dac-d0e6-4bae-99d1-97659f94c60f,e9f5d4ab-8177-46a0-839d-7e7fe0a5cd3d,gracious-jacket,gracious-jacket_v52.parquet,233.9776,24289,2025-10-23T18:06:57.62748Z
dfb01514-fd5a-4eb7-a1e6-b170046f1941,e81c868f-93fb-429b-9070-9007b6de76c8,bright-lobster,bright-lobster_v54.parquet,234.0301,24289,2025-11-06T15:08:34.819659Z
089a22f6-29b4-4a35-913c-3b3079613563,e9f5d4ab-8177-46a0-839d-7e7fe0a5cd3d,gracious-jacket,gracious-jacket_v64.parquet,234.0324,24289,2025-10-25T16:00:35.693801Z
8a0d2f0b-e686-4c6d-be5e-6db482b2e4e5,e9f5d4ab-8177-46a0-839d-7e7fe0a5cd3d,gracious-jacket,gracious-jacket_v57.parquet,234.0481,24289,2025-10-23T23:49:38.618567Z
6fa3763a-efe7-4001-8c33-56172588d7a4,4da5b007-8d7c-4edc-840f-37747e56f1a2,resourceful-beetle,resourceful-beetle_v39.parquet,234.0886,24289,2025-11-29T23:19:23.309862Z
5234bf3c-105d-4c69-a70a-773074abf8a5,606dc3bc-ca68-44a2-960f-2b9d2fb0de66,zesty-raccoon,zesty-raccoon_v71.parquet,234.0903,24289,2025-11-30T13:59:34.275044Z
370b1f81-9cad-4f5c-9ed3-cb7087509046,e81c868f-93fb-429b-9070-9007b6de76c8,bright-lobster,bright-lobster_v117.parquet,234.2374,24289,2025-11-11T15:26:57.193743Z
0b8f1d66-fca9-4a25-b3c3-58f39a8eeca2,e81c868f-93fb-429b-9070-9007b6de76c8,bright-lobster,bright-lobster_v136.parquet,234.2719,24289,2025-11-12T10:37:16.837849Z
2d851805-ba45-4cdd-ba07-60c31cce2f39,e81c868f-93fb-429b-9070-9007b6de76c8,bright-lobster,bright-lobster_v108.parquet,234.2889,24289,2025-11-11T10:38:14.840268Z
099a32c3-0084-462f-ac15-cc48a97f4561,e9f5d4ab-8177-46a0-839d-7e7fe0a5cd3d,gracious-jacket,gracious-jacket_v58.parquet,234.388,24289,2025-10-24T00:50:37.195435Z
f0344d34-db93-4d14-be0d-2b7bd028c58e,606dc3bc-ca68-44a2-960f-2b9d2fb0de66,zesty-raccoon,zesty-raccoon_v77.parquet,234.4604,24289,2025-11-30T17:58:44.117794Z
3fe26bea-d5d8-4460-a1f0-98443e5aa377,e9f5d4ab-8177-46a0-839d-7e7fe0a5cd3d,gracious-jacket,gracious-jacket_v44.parquet,234.5515,24289,2025-10-22T01:44:04.62539Z
979b7211-306a-402d-b59b-337d8c93e340,4ad66ed5-9214-49a9-bea4-0e8c6da82d48,amazing-pillow,amazing-pillow_v26.parquet,234.6045,24289,2025-11-01T15:15:24.230401Z
304418d7-8c88-4b71-b14e-bf97124e16d2,030a1edd-d392-432f-9609-50011531bbab,zestful-mango,zestful-mango_v24.parquet,234.6372,24289,2025-11-26T23:41:10.962964Z
6157d6a3-9ab2-4316-be0c-871fb94c920c,4ad66ed5-9214-49a9-bea4-0e8c6da82d48,amazing-pillow,amazing-pillow_v25.parquet,234.6395,24289,2025-11-01T14:49:01.810848Z
f55a631b-2cb2-4460-afa1-0b7ced6ef336,14eeb594-591f-4e44-9aaa-350cbb94afde,resourceful-quiver,resourceful-quiver_v30.parquet,234.6901,24289,2025-11-06T13:38:46.244516Z
172113a8-a3f7-42df-b77c-d64c118144e8,030a1edd-d392-432f-9609-50011531bbab,zestful-mango,zestful-mango_v30.parquet,234.7274,24289,2025-11-27T00:20:26.413749Z
383de35c-383a-4be5-9f90-4d337c12d61b,e9f5d4ab-8177-46a0-839d-7e7fe0a5cd3d,gracious-jacket,gracious-jacket_v48.parquet,234.7749,24289,2025-10-22T21:10:23.463448Z
45c0a5d9-f8c9-4613-ada1-7290c4467a08,1463c574-53df-4b62-ac3a-cdf62a216420,wise-watermelon,wise-watermelon_v6.parquet,234.8789,24289,2025-10-28T22:38:25.13708Z
63249e4f-06d4-463c-87bb-65dbbe6ff58a,cf800513-ba74-4229-88c0-36d4e37c8a14,outspoken-tornado,outspoken-tornado_v20.parquet,234.9165,24289,2025-11-30T13:52:34.701678Z
ab992354-e191-4627-b714-6d3911fbcb7e,e81c868f-93fb-429b-9070-9007b6de76c8,bright-lobster,bright-lobster_v47.parquet,234.9385,24289,2025-11-06T12:13:18.511069Z
750b5ce9-7200-4ef3-8ef8-0bfa600e5eb9,e81c868f-93fb-429b-9070-9007b6de76c8,bright-lobster,bright-lobster_v142.parquet,235.0725,24289,2025-11-14T08:19:31.504214Z
0c623286-b3e8-4b17-891f-712f4ce913d4,e81c868f-93fb-429b-9070-9007b6de76c8,bright-lobster,bright-lobster_v110.parquet,235.0875,24289,2025-11-11T12:02:53.000664Z
1a4d257a-ed47-4bd5-9acd-767cf6680cfc,e81c868f-93fb-429b-9070-9007b6de76c8,bright-lobster,bright-lobster_v159.parquet,235.1218,24289,2025-11-20T07:47:41.536678Z
456ceebb-355c-4b77-b689-0c492ef8bd32,4ad66ed5-9214-49a9-bea4-0e8c6da82d48,amazing-pillow,amazing-pillow_v27.parquet,235.1395,24289,2025-11-01T20:50:33.596789Z
62b5667b-3cba-49aa-84f1-85032debe21c,8a5be54d-007c-42aa-91bd-4069148dc68c,merry-jacket,merry-jacket_v13.parquet,235.2673,24289,2025-11-24T23:14:44.09011Z
531b012e-7085-4d81-87f0-b7ddef8fb0c2,0c6a5825-cf0e-42bc-ae40-88a927db1ccc,genuine-zucchini,genuine-zucchini_v39.parquet,235.2804,24289,2025-11-11T15:30:32.303492Z
975c89b7-5f1a-4089-b95d-63cc3e1409c6,e9f5d4ab-8177-46a0-839d-7e7fe0a5cd3d,gracious-jacket,gracious-jacket_v45.parquet,235.2895,24289,2025-10-22T17:33:31.265358Z
fc5eaeca-7955-4fbe-9327-5e6b29685f99,e9f5d4ab-8177-46a0-839d-7e7fe0a5cd3d,gracious-jacket,gracious-jacket_v33.parquet,235.3341,24289,2025-10-21T10:29:59.258502Z
516f0b16-1628-4e96-b247-69a95d4e9595,e81c868f-93fb-429b-9070-9007b6de76c8,bright-lobster,bright-lobster_v48.parquet,235.3366,24289,2025-11-06T12:09:16.518704Z
c0893f3e-5e83-4879-afa0-20e039e86430,e9f5d4ab-8177-46a0-839d-7e7fe0a5cd3d,gracious-jacket,gracious-jacket_v60.parquet,235.3703,24289,2025-10-24T18:59:26.73778Z
0a3a181d-f77f-4c77-8989-8966c3679b22,68b66eaf-8215-40ca-9aad-64364c2c3d2e,likable-ant,likable-ant_v161.parquet,235.4618,24289,2025-11-22T20:14:34.227345Z
03d4efb2-61f2-492f-9c07-5f59abe958a6,e9f5d4ab-8177-46a0-839d-7e7fe0a5cd3d,gracious-jacket,gracious-jacket_v38.parquet,235.4804,24289,2025-10-21T17:34:34.011297Z
e1c923ce-e0ec-459a-9a3f-6fa94f536de1,0c6a5825-cf0e-42bc-ae40-88a927db1ccc,genuine-zucchini,genuine-zucchini_v34.parquet,235.5059,24289,2025-11-06T02:27:15.974623Z
4a85950c-7078-4a34-81fd-d80372af42ad,4e534bf9-644c-4c1a-8043-eeceaa76d67f,outgoing-orange,outgoing-orange_v8.parquet,235.5602,24289,2025-11-28T12:42:26.231103Z
7c795518-164e-4e50-82ca-e8f5e027f19a,606dc3bc-ca68-44a2-960f-2b9d2fb0de66,zesty-raccoon,zesty-raccoon_v64.parquet,235.574,24289,2025-11-30T09:48:57.290278Z
f7e08a2f-1490-48de-a5d7-6e1aa4b6e7ec,e81c868f-93fb-429b-9070-9007b6de76c8,bright-lobster,bright-lobster_v107.parquet,235.6279,24289,2025-11-11T10:22:25.069838Z
eb5f09e6-730c-42f1-ad55-a7f45e1a2f89,cf800513-ba74-4229-88c0-36d4e37c8a14,outspoken-tornado,outspoken-tornado_v15.parquet,235.6303,24289,2025-11-27T08:41:47.050363Z
25f6e8df-beb9-46f9-99b0-b26211883c3d,e81c868f-93fb-429b-9070-9007b6de76c8,bright-lobster,bright-lobster_v28.parquet,235.6497,24289,2025-11-05T13:19:34.300304Z
1413daf5-bd79-435c-a78a-16c73563cb53,e81c868f-93fb-429b-9070-9007b6de76c8,bright-lobster,bright-lobster_v160.parquet,235.6987,24289,2025-11-20T13:51:18.591493Z
d0c5b6bf-bc80-4349-a359-b80e150eff53,68b66eaf-8215-40ca-9aad-64364c2c3d2e,likable-ant,likable-ant_v169.parquet,235.7483,24289,2025-11-23T00:29:52.84149Z
67714b24-b963-4d7f-8956-c4902108bc9a,14eeb594-591f-4e44-9aaa-350cbb94afde,resourceful-quiver,resourceful-quiver_v28.parquet,235.848,24289,2025-11-06T13:26:56.967809Z
3e6365c4-a29b-4b1c-b192-67f69a43f03e,14eeb594-591f-4e44-9aaa-350cbb94afde,resourceful-quiver,resourceful-quiver_v78.parquet,235.8748,24289,2025-11-08T23:05:15.83828Z
28f06b99-e070-4986-8525-41e25db29117,1463c574-53df-4b62-ac3a-cdf62a216420,wise-watermelon,wise-watermelon_v27.parquet,235.8762,24289,2025-11-30T17:08:32.067051Z
49807362-197f-4548-ad1f-c52b992bdb56,e9f5d4ab-8177-46a0-839d-7e7fe0a5cd3d,gracious-jacket,gracious-jacket_v56.parquet,235.9895,24289,2025-10-23T23:00:35.090783Z
dd6ddc84-a21c-497f-a947-cb1eb6021039,14eeb594-591f-4e44-9aaa-350cbb94afde,resourceful-quiver,resourceful-quiver_v44.parquet,236.0045,24289,2025-11-07T12:48:00.491485Z
cb53345c-b8fd-4b87-af8d-d151272dc8b7,e81c868f-93fb-429b-9070-9007b6de76c8,bright-lobster,bright-lobster_v154.parquet,236.0486,24289,2025-11-18T07:46:03.678412Z
52d6e347-8a05-428e-84f7-292a5b3b456a,68b66eaf-8215-40ca-9aad-64364c2c3d2e,likable-ant,likable-ant_v153.parquet,236.1246,24289,2025-11-22T17:42:56.262058Z
fb5e317f-7fb5-4b19-9b00-f254d2bb693c,d4787726-65f9-4b6d-a6cf-6e9bbc834727,determined-dolphin,determined-dolphin_v2.parquet,236.1783,24289,2025-10-23T13:30:43.204428Z
b3ad2de4-3887-4e50-b16f-3f28c09c863b,14eeb594-591f-4e44-9aaa-350cbb94afde,resourceful-quiver,resourceful-quiver_v8.parquet,236.276,24289,2025-10-20T19:00:53.278948Z
86ed63ae-6c86-4dfb-a5c3-8330093fc0ac,0c6a5825-cf0e-42bc-ae40-88a927db1ccc,genuine-zucchini,genuine-zucchini_v38.parquet,236.2847,24289,2025-11-09T19:44:52.892771Z
68eb00ae-e090-465b-937f-6c8cc2e1a4ea,1ecdc902-d28a-4c7f-830f-e007fa2ceb4a,friendly-raccoon,friendly-raccoon_v8.parquet,236.288,24289,2025-10-28T20:59:21.530143Z
0aff8de0-fcaf-400d-83c0-3c3b10f42f77,4ad66ed5-9214-49a9-bea4-0e8c6da82d48,amazing-pillow,amazing-pillow_v15.parquet,236.3104,24289,2025-10-30T13:15:11.563408Z
ecbe8554-e17e-4cb0-9d17-4d5493828e59,0c6a5825-cf0e-42bc-ae40-88a927db1ccc,genuine-zucchini,genuine-zucchini_v19.parquet,236.3262,24289,2025-10-30T19:43:45.79046Z
5182374a-1dd4-4d44-b8ff-c080b8b80093,e9f5d4ab-8177-46a0-839d-7e7fe0a5cd3d,gracious-jacket,gracious-jacket_v75.parquet,236.3943,24289,2025-10-27T21:38:57.327972Z
4be3ec31-3e9e-483c-b79e-c00a0c2df944,606dc3bc-ca68-44a2-960f-2b9d2fb0de66,zesty-raccoon,zesty-raccoon_v68.parquet,236.4858,24289,2025-11-30T11:16:32.928206Z
0a77f6f3-9b1e-4d14-86fc-6d76bb9d5563,8a04baf5-b796-4e91-85d3-53885ec570d8,nurturing-telephone,nurturing-telephone_v8.parquet,236.5407,24289,2025-11-29T18:25:34.936299Z
0b38a80c-93f8-47e5-bb21-84b987be5563,e9f5d4ab-8177-46a0-839d-7e7fe0a5cd3d,gracious-jacket,gracious-jacket_v31.parquet,236.5436,24289,2025-10-21T00:02:45.76496Z
f6220b34-d628-4aff-8279-18ffa513c5d6,4da5b007-8d7c-4edc-840f-37747e56f1a2,resourceful-beetle,resourceful-beetle_v26.parquet,236.5965,24289,2025-11-20T15:00:05.156565Z
df270797-8625-48cf-86aa-d44ffc48b72c,e81c868f-93fb-429b-9070-9007b6de76c8,bright-lobster,bright-lobster_v38.parquet,236.6079,24289,2025-11-06T11:27:17.815872Z
48ed53e6-f1ff-4686-a54e-a6966507981f,46837dc7-445a-43e5-b76d-07d48bfb5960,unique-honey,unique-honey_v44.parquet,236.6814,24289,2025-11-27T12:00:25.151514Z
c0cfc20c-f6a2-473b-939b-6d214c212bef,e81c868f-93fb-429b-9070-9007b6de76c8,bright-lobster,bright-lobster_v145.parquet,236.6988,24289,2025-11-14T09:13:25.613861Z
7b14e4c8-3508-4cc5-9a96-94aa430e1b20,14eeb594-591f-4e44-9aaa-350cbb94afde,resourceful-quiver,resourceful-quiver_v29.parquet,236.7761,24289,2025-11-06T13:32:06.089251Z
b97c0e2b-cf13-4920-b1ce-6255199e9f48,4e534bf9-644c-4c1a-8043-eeceaa76d67f,outgoing-orange,outgoing-orange_v7.parquet,236.7763,24289,2025-11-28T12:11:35.226107Z
d01890cf-8d4a-4281-b189-2fde07abeadd,29dabcd6-5a77-466a-8894-b6055fe45569,sincere-glacier,sincere-glacier_v12.parquet,236.8031,24289,2025-11-25T11:07:08.74987Z
46e1c107-c999-439b-b408-3620a64b3742,4e534bf9-644c-4c1a-8043-eeceaa76d67f,outgoing-orange,outgoing-orange_v6.parquet,236.8069,24289,2025-11-15T14:13:02.565775Z
bd9ecbed-289d-4b45-a0b2-effe4496c741,e81c868f-93fb-429b-9070-9007b6de76c8,bright-lobster,bright-lobster_v25.parquet,236.8163,24289,2025-11-05T12:46:43.344733Z
7166d5ef-5756-4224-ac5c-c971d8a2e6fa,606dc3bc-ca68-44a2-960f-2b9d2fb0de66,zesty-raccoon,zesty-raccoon_v78.parquet,236.8304,24289,2025-11-30T19:32:21.281907Z
8cd6cb23-5ba8-4998-bd3b-c0ce401a51ab,4ad66ed5-9214-49a9-bea4-0e8c6da82d48,amazing-pillow,amazing-pillow_v13.parquet,236.8533,24289,2025-10-29T15:21:21.820954Z
1b0bdd79-0088-412f-854e-7c7c9a0b0f8b,e81c868f-93fb-429b-9070-9007b6de76c8,bright-lobster,bright-lobster_v146.parquet,236.9287,24289,2025-11-14T13:26:57.105116Z
bc881b3e-1d22-41aa-9f00-440730eefce8,68b66eaf-8215-40ca-9aad-64364c2c3d2e,likable-ant,likable-ant_v242.parquet,236.9341,24289,2025-11-30T05:57:15.536744Z
2e2b156e-1d6a-4828-84dc-449c0aaf2922,4da5b007-8d7c-4edc-840f-37747e56f1a2,resourceful-beetle,resourceful-beetle_v31.parquet,236.9861,24289,2025-11-26T15:31:24.368294Z
93b5c00a-aa5f-4c61-b356-65fb6d799a3a,0c6a5825-cf0e-42bc-ae40-88a927db1ccc,genuine-zucchini,genuine-zucchini_v30.parquet,237.1216,24289,2025-11-04T19:52:56.778246Z
d1d82ae7-f6ff-4f5b-a540-38003b093a7d,4ad66ed5-9214-49a9-bea4-0e8c6da82d48,amazing-pillow,amazing-pillow_v14.parquet,237.1965,24289,2025-10-29T16:55:13.326104Z
893497fe-42c0-4bbb-a20c-b1dfba68be23,030a1edd-d392-432f-9609-50011531bbab,zestful-mango,zestful-mango_v11.parquet,237.2213,24289,2025-11-06T10:17:49.77637Z
b2029d8f-fe93-4c60-9b29-0eeaefd139f7,68b66eaf-8215-40ca-9aad-64364c2c3d2e,likable-ant,likable-ant_v2.parquet,237.3093,24289,2025-11-09T15:26:59.308184Z
5e936e18-c778-4237-b8b0-bb84030979a4,e81c868f-93fb-429b-9070-9007b6de76c8,bright-lobster,bright-lobster_v217.parquet,237.3368,24289,2025-11-26T07:56:08.930241Z
f5f54f9f-6f4d-4b63-a97e-b0ff7d27ed10,4da5b007-8d7c-4edc-840f-37747e56f1a2,resourceful-beetle,resourceful-beetle_v30.parquet,237.3572,24289,2025-11-26T15:24:09.965499Z
91b17ee0-2ba0-41a5-bff6-1440fef05746,4e534bf9-644c-4c1a-8043-eeceaa76d67f,outgoing-orange,outgoing-orange_v5.parquet,237.4042,24289,2025-11-11T14:31:46.132897Z
bc81c822-7cb6-4f9e-89a3-d48118562493,606dc3bc-ca68-44a2-960f-2b9d2fb0de66,zesty-raccoon,zesty-raccoon_v67.parquet,237.4503,24289,2025-11-30T10:46:19.088852Z
18ec7ab9-3746-4752-9a18-473086cbe333,e81c868f-93fb-429b-9070-9007b6de76c8,bright-lobster,bright-lobster_v147.parquet,237.4837,24289,2025-11-14T14:49:51.271161Z
e90da903-7ab6-4bbd-8f29-45a6f43702d9,e9f5d4ab-8177-46a0-839d-7e7fe0a5cd3d,gracious-jacket,gracious-jacket_v42.parquet,237.5826,24289,2025-10-21T22:24:14.089936Z
c8bd1368-08c2-4880-a249-9996ebd7bc40,68b66eaf-8215-40ca-9aad-64364c2c3d2e,likable-ant,likable-ant_v249.parquet,237.6319,24289,2025-11-30T11:41:23.728504Z
388ff924-2d3a-4c8b-94b1-48edf4e4afa0,cf800513-ba74-4229-88c0-36d4e37c8a14,outspoken-tornado,outspoken-tornado_v10.parquet,237.6666,24289,2025-11-20T09:02:04.684253Z
469e6377-ba76-48cc-af5f-e0daafcb6684,e81c868f-93fb-429b-9070-9007b6de76c8,bright-lobster,bright-lobster_v99.parquet,237.742,24289,2025-11-10T10:29:14.898208Z
cefce808-ec6c-4a83-8baf-0c618e3e3449,14eeb594-591f-4e44-9aaa-350cbb94afde,resourceful-quiver,resourceful-quiver_v52.parquet,237.7517,24289,2025-11-07T21:26:41.745649Z
90caec48-7395-4e4d-848a-711ba312d108,d4380db0-92a4-43c1-b901-4070b1bd5f8b,zippy-telephone,zippy-telephone_v132.parquet,237.7915,24289,2025-11-30T16:51:54.892497Z
4f7efda7-5621-480c-bd36-9bbc28b0ad30,8a04baf5-b796-4e91-85d3-53885ec570d8,nurturing-telephone,nurturing-telephone_v12.parquet,237.8147,24289,2025-11-30T18:15:54.015084Z
dce0eca4-1685-454c-bdb4-ef4982243ded,e9f5d4ab-8177-46a0-839d-7e7fe0a5cd3d,gracious-jacket,gracious-jacket_v40.parquet,237.8734,24289,2025-10-21T21:50:40.382967Z
ff0c25b9-fb05-4072-a6ff-b30b9a3af10a,e9f5d4ab-8177-46a0-839d-7e7fe0a5cd3d,gracious-jacket,gracious-jacket_v66.parquet,237.9236,24289,2025-10-25T16:57:19.71525Z
23c2d906-8d0f-4aa5-abbd-aa34fb807df3,0c6a5825-cf0e-42bc-ae40-88a927db1ccc,genuine-zucchini,genuine-zucchini_v35.parquet,237.9456,24289,2025-11-07T19:00:49.311226Z
252bad86-8bc9-4aec-806b-61d079528e0b,cf800513-ba74-4229-88c0-36d4e37c8a14,outspoken-tornado,outspoken-tornado_v12.parquet,237.9804,24289,2025-11-26T15:02:52.57229Z
c05ce368-fed8-44d8-b805-7ea1ee6fa019,030a1edd-d392-432f-9609-50011531bbab,zestful-mango,zestful-mango_v27.parquet,238.0009,24289,2025-11-26T23:51:12.358649Z
426429ba-1dd7-4ebb-8bb4-e5da062414f1,d4380db0-92a4-43c1-b901-4070b1bd5f8b,zippy-telephone,zippy-telephone_v137.parquet,238.0135,24289,2025-11-30T16:53:50.977149Z
3d35c704-2b1d-42cb-af27-c7e9aaaafb60,e9f5d4ab-8177-46a0-839d-7e7fe0a5cd3d,gracious-jacket,gracious-jacket_v67.parquet,238.0313,24289,2025-10-25T17:57:58.023689Z
78253b4d-b37a-40e8-8ae0-84bb71945e6d,68b66eaf-8215-40ca-9aad-64364c2c3d2e,likable-ant,likable-ant_v177.parquet,238.0722,24289,2025-11-23T12:18:53.326709Z
6a035c5d-c418-4e20-bd16-713d62e0199d,b62b70c8-5615-4b52-a5f0-dba3f9833f90,kindly-garden,kindly-garden_v60.parquet,238.0853,24289,2025-11-30T20:30:27.217359Z
631de650-38c7-436f-a872-ada6fe8b22bc,1463c574-53df-4b62-ac3a-cdf62a216420,wise-watermelon,wise-watermelon_v7.parquet,238.1352,24289,2025-10-31T06:16:06.273144Z
b6841720-75e0-4721-8361-5ae9c9e46bbc,0c6a5825-cf0e-42bc-ae40-88a927db1ccc,genuine-zucchini,genuine-zucchini_v33.parquet,238.1702,24289,2025-11-06T02:23:45.705428Z
48c8f51f-7434-4e32-a60e-72cc6e97f6bd,68b66eaf-8215-40ca-9aad-64364c2c3d2e,likable-ant,likable-ant_v152.parquet,238.2093,24289,2025-11-22T17:42:33.913148Z
5f9ff8d9-a66b-4d84-b03f-5383267545ec,68b66eaf-8215-40ca-9aad-64364c2c3d2e,likable-ant,likable-ant_v198.parquet,238.2386,24289,2025-11-26T14:09:55.346007Z
119f85bd-305a-4523-82ee-ded172c7b210,e9f5d4ab-8177-46a0-839d-7e7fe0a5cd3d,gracious-jacket,gracious-jacket_v32.parquet,238.2549,24289,2025-10-21T00:17:37.791348Z
9d8950ee-55b5-4b2b-8cd4-399905e73ee3,68b66eaf-8215-40ca-9aad-64364c2c3d2e,likable-ant,likable-ant_v10.parquet,238.2569,24289,2025-11-04T08:10:13.628127Z
14f8470d-08ca-4c87-9bd6-bba647b73fd1,d4380db0-92a4-43c1-b901-4070b1bd5f8b,zippy-telephone,zippy-telephone_v87.parquet,238.3101,24289,2025-11-30T16:44:27.366089Z
59a0b5e8-55e9-4cd1-84ad-62e83ec77f61,d4380db0-92a4-43c1-b901-4070b1bd5f8b,zippy-telephone,zippy-telephone_v104.parquet,238.3101,24289,2025-11-30T16:45:38.969439Z
7fffe0e8-8f24-473c-8af9-c8ba0f2f37ae,d4380db0-92a4-43c1-b901-4070b1bd5f8b,zippy-telephone,zippy-telephone_v130.parquet,238.3101,24289,2025-11-30T16:51:56.000221Z
9756720a-4555-4256-8781-4b3414b7d86c,14eeb594-591f-4e44-9aaa-350cbb94afde,resourceful-quiver,resourceful-quiver_v77.parquet,238.3166,24289,2025-11-08T22:59:35.734754Z
32aa1447-dc01-411c-afca-105a8641246c,e81c868f-93fb-429b-9070-9007b6de76c8,bright-lobster,bright-lobster_v326.parquet,238.378,24289,2025-11-30T18:31:29.595781Z
d03d81e6-b571-4378-8eed-bd5a2acb40cc,e81c868f-93fb-429b-9070-9007b6de76c8,bright-lobster,bright-lobster_v148.parquet,238.3844,24289,2025-11-17T07:34:23.409817Z
fa571d87-e28b-4e1c-8052-f54e0668a4b9,e9f5d4ab-8177-46a0-839d-7e7fe0a5cd3d,gracious-jacket,gracious-jacket_v41.parquet,238.4261,24289,2025-10-21T22:04:42.842059Z
897612c5-94dd-4274-a975-526a4ea8e557,4da5b007-8d7c-4edc-840f-37747e56f1a2,resourceful-beetle,resourceful-beetle_v38.parquet,238.4968,24289,2025-11-29T21:02:40.926535Z
880d33e7-a1e2-4c3a-b46c-1ba0476d7024,e81c868f-93fb-429b-9070-9007b6de76c8,bright-lobster,bright-lobster_v124.parquet,238.5115,24289,2025-11-12T08:25:23.013764Z
57228f46-3063-4d31-8e90-5aeb3dde09cd,e81c868f-93fb-429b-9070-9007b6de76c8,bright-lobster,bright-lobster_v35.parquet,238.5194,24289,2025-11-06T11:27:08.040502Z
551eb353-88cb-4966-9725-09b1aa2a5972,d4380db0-92a4-43c1-b901-4070b1bd5f8b,zippy-telephone,zippy-telephone_v131.parquet,238.5254,24289,2025-11-30T16:52:02.791975Z
191b8e11-4329-4857-a055-beffc4c2aa3e,e81c868f-93fb-429b-9070-9007b6de76c8,bright-lobster,bright-lobster_v178.parquet,238.5701,24289,2025-11-21T14:40:23.287715Z
846447c6-8c26-47d2-9e55-413520b5f0f5,46837dc7-445a-43e5-b76d-07d48bfb5960,unique-honey,unique-honey_v45.parquet,238.5787,24289,2025-11-27T14:29:31.048593Z
2712fa54-592d-404a-85fa-4873f84e90be,68b66eaf-8215-40ca-9aad-64364c2c3d2e,likable-ant,likable-ant_v172.parquet,238.5942,24289,2025-11-23T01:55:02.484107Z
e01174ce-c86c-4e42-b924-2821fc563c33,e81c868f-93fb-429b-9070-9007b6de76c8,bright-lobster,bright-lobster_v87.parquet,238.6031,24289,2025-11-08T12:32:17.1778Z
a03151d0-de35-487f-a8d1-13c41bbb9e6b,e81c868f-93fb-429b-9070-9007b6de76c8,bright-lobster,bright-lobster_v140.parquet,238.6524,24289,2025-11-14T08:05:56.315103Z
633e9057-116f-45e0-ad36-3202591fef46,b62b70c8-5615-4b52-a5f0-dba3f9833f90,kindly-garden,kindly-garden_v33.parquet,238.6831,24289,2025-11-28T12:29:28.782401Z
7006b1fc-ac5c-46f8-afbc-b3496460bbed,d4380db0-92a4-43c1-b901-4070b1bd5f8b,zippy-telephone,zippy-telephone_v135.parquet,238.7289,24289,2025-11-30T16:53:32.874556Z
dd211d10-6dd8-4f6f-b481-60530800b09d,e81c868f-93fb-429b-9070-9007b6de76c8,bright-lobster,bright-lobster_v100.parquet,238.7526,24289,2025-11-09T16:04:06.431992Z
61ca147d-8545-4867-86b3-53dd6e72ff84,e81c868f-93fb-429b-9070-9007b6de76c8,bright-lobster,bright-lobster_v103.parquet,238.7526,24289,2025-11-10T06:05:34.065372Z
e625e1bd-2333-4d0b-b803-f70e6413e13e,e9f5d4ab-8177-46a0-839d-7e7fe0a5cd3d,gracious-jacket,gracious-jacket_v30.parquet,238.7564,24289,2025-10-19T02:45:59.895454Z
7d3067c5-9f89-47c9-b5d9-c1068cf22c36,4da5b007-8d7c-4edc-840f-37747e56f1a2,resourceful-beetle,resourceful-beetle_v34.parquet,238.8206,24289,2025-11-28T00:01:00.660376Z
b917ee68-c75a-4a13-8b36-48dee59c455a,cf800513-ba74-4229-88c0-36d4e37c8a14,outspoken-tornado,outspoken-tornado_v21.parquet,238.8577,24289,2025-11-30T14:10:43.98989Z
4c79a589-c37c-45b4-a67d-178b9a1ba4cc,e9f5d4ab-8177-46a0-839d-7e7fe0a5cd3d,gracious-jacket,gracious-jacket_v29.parquet,238.8592,24289,2025-10-19T02:05:08.3389Z
dae16412-f7fe-4706-a616-abd7e83018a2,4ad66ed5-9214-49a9-bea4-0e8c6da82d48,amazing-pillow,amazing-pillow_v19.parquet,238.877,24289,2025-10-30T15:41:19.764258Z
183a66e4-4330-4303-a1be-930bb723db13,0fb8ea0a-3880-4639-b056-6829f176b9a8,unique-guitar,unique-guitar_v8.parquet,238.9257,24289,2025-11-09T12:57:18.3646Z
45978daf-d834-4383-b3d2-da153ed66cab,4da5b007-8d7c-4edc-840f-37747e56f1a2,resourceful-beetle,resourceful-beetle_v33.parquet,238.937,24289,2025-11-27T23:57:20.449734Z
48561a54-f8eb-4600-bf19-a2b4f4c1bd3a,e81c868f-93fb-429b-9070-9007b6de76c8,bright-lobster,bright-lobster_v34.parquet,238.9735,24289,2025-11-06T11:26:07.25228Z
59f0ed16-887a-45b0-b56d-489b365f3671,e81c868f-93fb-429b-9070-9007b6de76c8,bright-lobster,bright-lobster_v44.parquet,238.9735,24289,2025-11-06T12:09:02.393673Z
5dd4dc21-a2f6-4dd9-ba97-d79f3766c590,e9f5d4ab-8177-46a0-839d-7e7fe0a5cd3d,gracious-jacket,gracious-jacket_v35.parquet,239.0071,24289,2025-10-21T16:25:20.753583Z
f58deff8-735b-496f-a84b-92f97167b996,606dc3bc-ca68-44a2-960f-2b9d2fb0de66,zesty-raccoon,zesty-raccoon_v62.parquet,239.0151,24289,2025-11-30T05:08:16.72199Z
17f7f0a9-18dc-4ca4-8b46-ea86babbbccb,e81c868f-93fb-429b-9070-9007b6de76c8,bright-lobster,bright-lobster_v141.parquet,239.0578,24289,2025-11-14T08:12:06.704708Z
a44e4dd2-f1af-464f-928c-2891e6288f41,0c6a5825-cf0e-42bc-ae40-88a927db1ccc,genuine-zucchini,genuine-zucchini_v14.parquet,239.0721,24289,2025-10-25T20:29:22.77008Z
5bb5fc58-0e29-416c-a494-a98bfec5948d,0c6a5825-cf0e-42bc-ae40-88a927db1ccc,genuine-zucchini,genuine-zucchini_v36.parquet,239.0939,24289,2025-11-07T19:11:56.511382Z
9f1492cd-8951-4e80-9ccb-8d2aba39d0c1,1463c574-53df-4b62-ac3a-cdf62a216420,wise-watermelon,wise-watermelon_v16.parquet,239.163,24289,2025-11-15T18:44:50.2026Z
5f314de6-77ef-4733-a5e1-5856dc8d9036,e81c868f-93fb-429b-9070-9007b6de76c8,bright-lobster,bright-lobster_v113.parquet,239.1972,24289,2025-11-11T15:01:30.415912Z
029125ac-4e65-4fb7-8ea6-37666a8737fc,b62b70c8-5615-4b52-a5f0-dba3f9833f90,kindly-garden,kindly-garden_v62.parquet,239.2159,24289,2025-11-30T20:30:22.679814Z
45389060-bb47-4f42-a650-fd9ec7d419af,e81c868f-93fb-429b-9070-9007b6de76c8,bright-lobster,bright-lobster_v139.parquet,239.2737,24289,2025-11-14T07:54:28.629109Z
8c3f8c42-b1be-43f9-8634-8b41ec29744f,68b66eaf-8215-40ca-9aad-64364c2c3d2e,likable-ant,likable-ant_v119.parquet,239.2785,24289,2025-11-06T13:48:07.728817Z
caa24db7-a268-41ca-8945-1046b238ab37,1ecdc902-d28a-4c7f-830f-e007fa2ceb4a,friendly-raccoon,friendly-raccoon_v7.parquet,239.2853,24289,2025-10-28T20:30:35.798222Z
9d976d89-d092-4803-94a7-e1da9015057e,cf8d46d2-7d72-4c49-8586-ef4041d44fe6,reliable-jigsaw,reliable-jigsaw_v10.parquet,239.3362,24289,2025-10-16T07:14:51.743746Z
2fe0d0c3-7eda-4284-af9b-aba4de821997,cf8d46d2-7d72-4c49-8586-ef4041d44fe6,reliable-jigsaw,reliable-jigsaw_v15.parquet,239.3362,24289,2025-10-16T07:25:44.002887Z
d3e933b3-0798-4b15-a3e1-2142dd5a8694,4da5b007-8d7c-4edc-840f-37747e56f1a2,resourceful-beetle,resourceful-beetle_v35.parquet,239.3681,24289,2025-11-28T00:47:33.799763Z
b81b7eff-b30a-4372-95de-d3f97d1390e3,e81c868f-93fb-429b-9070-9007b6de76c8,bright-lobster,bright-lobster_v49.parquet,239.3891,24289,2025-11-06T12:11:52.359069Z
bbb6f6a0-5bac-41eb-8b85-d1d75975a1cb,ea6be75a-6be4-4f68-90ab-5dca51e94d6e,organized-kangaroo,organized-kangaroo_v17.parquet,239.4665,24289,2025-11-08T19:05:12.486717Z
09086aa6-4788-461a-babd-360965bb1498,e81c868f-93fb-429b-9070-9007b6de76c8,bright-lobster,bright-lobster_v177.parquet,239.477,24289,2025-11-21T14:34:57.717918Z
6d264b9e-fe6e-45ba-b8ab-dab92ace606d,4da5b007-8d7c-4edc-840f-37747e56f1a2,resourceful-beetle,resourceful-beetle_v36.parquet,239.4924,24289,2025-11-29T19:50:41.527247Z
0d8b5716-7655-4167-8c38-9001557a9950,4da5b007-8d7c-4edc-840f-37747e56f1a2,resourceful-beetle,resourceful-beetle_v37.parquet,239.4924,24289,2025-11-29T20:57:51.182093Z
3e636607-a9da-41a6-bc7e-a9a3695f8924,cf8d46d2-7d72-4c49-8586-ef4041d44fe6,reliable-jigsaw,reliable-jigsaw_v18.parquet,239.5005,24289,2025-10-16T07:44:44.491673Z
cca7e4e5-c596-4fce-9424-d1fa754d8288,e81c868f-93fb-429b-9070-9007b6de76c8,bright-lobster,bright-lobster_v73.parquet,239.5591,24289,2025-11-07T12:40:22.278251Z
8f9e0407-10fa-4c4f-bc3b-cb42db971fdc,e9f5d4ab-8177-46a0-839d-7e7fe0a5cd3d,gracious-jacket,gracious-jacket_v34.parquet,239.6101,24289,2025-10-21T12:31:14.539159Z
a84452df-bb22-4e11-a10e-290eb99bb262,e81c868f-93fb-429b-9070-9007b6de76c8,bright-lobster,bright-lobster_v65.parquet,239.6312,24289,2025-11-07T09:59:52.715103Z
062bf5dd-bbc1-4d74-9c68-fd4873d65c3c,e81c868f-93fb-429b-9070-9007b6de76c8,bright-lobster,bright-lobster_v45.parquet,239.7008,24289,2025-11-06T12:09:15.556256Z
f51e1d12-4037-4cc3-9a61-87cce3f4e85a,4da5b007-8d7c-4edc-840f-37747e56f1a2,resourceful-beetle,resourceful-beetle_v40.parquet,239.7236,24289,2025-11-29T23:40:12.499537Z
211bf24d-543c-4d66-b3ca-e9a7f8b37b30,7bcdc1d8-b95f-4751-a037-0f34eb4affa0,honest-rose,honest-rose_v49.parquet,239.7339,24289,2025-11-30T19:38:45.242694Z
489aec75-cd45-4ac4-8465-6a0c252d6223,030a1edd-d392-432f-9609-50011531bbab,zestful-mango,zestful-mango_v16.parquet,239.7643,24289,2025-11-25T13:10:05.752914Z
cd8599a4-6c08-40e4-a5b8-e88a49b934ec,030a1edd-d392-432f-9609-50011531bbab,zestful-mango,zestful-mango_v17.parquet,239.7643,24289,2025-11-25T13:16:14.10517Z
751cdac3-e106-489d-8588-bda8750114f3,4da5b007-8d7c-4edc-840f-37747e56f1a2,resourceful-beetle,resourceful-beetle_v42.parquet,239.7761,24289,2025-11-30T19:14:33.902711Z
5b64fc4c-c99a-4b01-94a3-fa043be327fa,14eeb594-591f-4e44-9aaa-350cbb94afde,resourceful-quiver,resourceful-quiver_v79.parquet,239.8235,24289,2025-11-09T22:16:44.018952Z
2c17f7a6-16c6-4302-a1f9-18190b0b4674,e81c868f-93fb-429b-9070-9007b6de76c8,bright-lobster,bright-lobster_v42.parquet,240.028,24289,2025-11-06T11:45:53.769858Z
50291f50-db6b-47d8-9799-57372c10d11c,e81c868f-93fb-429b-9070-9007b6de76c8,bright-lobster,bright-lobster_v33.parquet,240.0713,24289,2025-11-06T10:18:07.187694Z
5cccd278-c60a-422b-a31d-384b62fd9070,46837dc7-445a-43e5-b76d-07d48bfb5960,unique-honey,unique-honey_v43.parquet,240.0821,24289,2025-11-27T02:51:52.832316Z
d00caa05-7876-4904-be1f-924d4a77e144,e81c868f-93fb-429b-9070-9007b6de76c8,bright-lobster,bright-lobster_v111.parquet,240.0936,24289,2025-11-11T12:18:02.769004Z
a46bde81-5d37-4ed0-87eb-7337ac40b713,46837dc7-445a-43e5-b76d-07d48bfb5960,unique-honey,unique-honey_v46.parquet,240.176,24289,2025-11-27T18:33:03.459813Z
b5935c48-d1aa-4c9c-b214-6f3ab656ee2a,68b66eaf-8215-40ca-9aad-64364c2c3d2e,likable-ant,likable-ant_v228.parquet,240.2141,24289,2025-11-28T08:43:20.938146Z
0040cef3-063a-4a08-a346-8e90f21b36fb,e9f5d4ab-8177-46a0-839d-7e7fe0a5cd3d,gracious-jacket,gracious-jacket_v12.parquet,240.2154,24289,2025-10-16T13:27:23.194928Z
dd75b428-e283-4819-9e74-fb4b0ffa4327,14eeb594-591f-4e44-9aaa-350cbb94afde,resourceful-quiver,resourceful-quiver_v17.parquet,240.2156,24289,2025-10-24T23:22:25.92956Z
0be6653f-4d9a-4ed7-9908-8c970b161376,68b66eaf-8215-40ca-9aad-64364c2c3d2e,likable-ant,likable-ant_v220.parquet,240.2193,24289,2025-11-27T16:03:13.291153Z
0cc21af3-0477-4c05-a582-8e379c416d16,68b66eaf-8215-40ca-9aad-64364c2c3d2e,likable-ant,likable-ant_v221.parquet,240.2193,24289,2025-11-27T16:24:03.88542Z
87f5f534-c357-4ea1-8277-6ce21f379a00,e81c868f-93fb-429b-9070-9007b6de76c8,bright-lobster,bright-lobster_v121.parquet,240.2238,24289,2025-11-12T06:28:46.813728Z
225548e4-7ab4-4279-980b-aa07d9494171,e9f5d4ab-8177-46a0-839d-7e7fe0a5cd3d,gracious-jacket,gracious-jacket_v17.parquet,240.2552,24289,2025-10-16T15:08:33.777713Z
b2f06639-8872-4ccb-b8b7-78d36e8c6432,e9f5d4ab-8177-46a0-839d-7e7fe0a5cd3d,gracious-jacket,gracious-jacket_v9.parquet,240.2598,24289,2025-10-16T12:35:24.936566Z
3c98e95e-a6e3-4d8c-99ed-957daa41a487,e9f5d4ab-8177-46a0-839d-7e7fe0a5cd3d,gracious-jacket,gracious-jacket_v37.parquet,240.2625,24289,2025-10-21T17:22:31.752569Z
d01c6ac9-02f4-4d33-8d0f-3e7fb053ecc2,e81c868f-93fb-429b-9070-9007b6de76c8,bright-lobster,bright-lobster_v30.parquet,240.2803,24289,2025-11-05T14:38:35.053702Z
ecb86859-4358-4d5a-8ba4-3054cb8c5462,9d5ed0b1-e1cb-42e6-af50-5b04a0fd961c,incredible-kiwi,incredible-kiwi_v15.parquet,240.3025,24289,2025-10-17T14:48:49.244119Z
7309abd6-cfda-4a7a-ae6f-cc1ecd0b8e2f,e9f5d4ab-8177-46a0-839d-7e7fe0a5cd3d,gracious-jacket,gracious-jacket_v36.parquet,240.3554,24289,2025-10-21T16:55:13.251778Z
72f25f91-0482-4e3b-9506-efb8c7bac2c6,b62b70c8-5615-4b52-a5f0-dba3f9833f90,kindly-garden,kindly-garden_v1.parquet,240.433,24289,2025-11-26T17:56:44.025733Z
27c1693b-27c5-4924-9efe-dcf25492199b,cf8d46d2-7d72-4c49-8586-ef4041d44fe6,reliable-jigsaw,reliable-jigsaw_v5.parquet,240.4544,24289,2025-10-15T20:08:17.854863Z
45655eb1-0037-4728-95fb-d1652a205eaf,9d5ed0b1-e1cb-42e6-af50-5b04a0fd961c,incredible-kiwi,incredible-kiwi_v24.parquet,240.4581,24289,2025-10-18T13:09:42.912887Z
fb6aae1e-8824-4158-bf25-022ab84dac47,68b66eaf-8215-40ca-9aad-64364c2c3d2e,likable-ant,likable-ant_v160.parquet,240.4652,24289,2025-11-22T20:14:22.315322Z
11883579-f616-4252-bbea-863570892e67,29dabcd6-5a77-466a-8894-b6055fe45569,sincere-glacier,sincere-glacier_v73.parquet,240.4902,24289,2025-11-30T15:56:36.462169Z
3a5afe8f-2c48-4f1b-9554-73e19a90957e,e9f5d4ab-8177-46a0-839d-7e7fe0a5cd3d,gracious-jacket,gracious-jacket_v16.parquet,240.4956,24289,2025-10-16T15:00:34.189154Z
a059e51f-dcff-4a6c-8351-adc0a2899917,e81c868f-93fb-429b-9070-9007b6de76c8,bright-lobster,bright-lobster_v57.parquet,240.5111,24289,2025-11-07T08:29:36.721728Z
15826960-f0c7-43a5-9129-c3fdeec2a103,9d5ed0b1-e1cb-42e6-af50-5b04a0fd961c,incredible-kiwi,incredible-kiwi_v23.parquet,240.5117,24289,2025-10-18T13:01:16.469109Z
f5dfa5c9-6bd4-4ba6-b967-8d89249229bc,4e534bf9-644c-4c1a-8043-eeceaa76d67f,outgoing-orange,outgoing-orange_v12.parquet,240.6119,24289,2025-11-29T20:14:08.384058Z
698b68ed-27f3-4711-b3a3-5bd54fce52e8,cf8d46d2-7d72-4c49-8586-ef4041d44fe6,reliable-jigsaw,reliable-jigsaw_v6.parquet,240.613,24289,2025-10-15T20:30:28.846609Z
a1385f42-763d-4e49-b665-754677345933,68b66eaf-8215-40ca-9aad-64364c2c3d2e,likable-ant,likable-ant_v251.parquet,240.6252,24289,2025-11-30T11:55:17.731783Z
07e7f6f5-abf7-4d05-becb-ffe556d5ed87,e9f5d4ab-8177-46a0-839d-7e7fe0a5cd3d,gracious-jacket,gracious-jacket_v14.parquet,240.6448,24289,2025-10-16T14:26:01.663431Z
4e01863e-6aeb-40f7-a081-0a8c2216deed,68b66eaf-8215-40ca-9aad-64364c2c3d2e,likable-ant,likable-ant_v41.parquet,240.6697,24289,2025-10-23T16:44:42.901674Z
c3ae7fce-e4c6-45df-829d-f618e7026230,e81c868f-93fb-429b-9070-9007b6de76c8,bright-lobster,bright-lobster_v114.parquet,240.6869,24289,2025-11-11T15:08:13.354786Z
a2ecf029-31ce-42e0-894e-b295ade81bc8,e81c868f-93fb-429b-9070-9007b6de76c8,bright-lobster,bright-lobster_v118.parquet,240.824,24289,2025-11-11T15:34:31.984608Z
7628486d-3281-4450-abe7-ba15d6106648,68b66eaf-8215-40ca-9aad-64364c2c3d2e,likable-ant,likable-ant_v245.parquet,240.8404,24289,2025-11-30T06:59:36.642667Z
8ae6b5eb-dcd4-4005-b908-8a5353eef7ad,4e534bf9-644c-4c1a-8043-eeceaa76d67f,outgoing-orange,outgoing-orange_v4.parquet,240.8506,24289,2025-11-10T01:11:45.536658Z
78415401-2344-4385-9158-79c9267f4bb0,9d5ed0b1-e1cb-42e6-af50-5b04a0fd961c,incredible-kiwi,incredible-kiwi_v8.parquet,240.8682,24289,2025-10-17T13:05:11.661579Z
e11eeb17-04ad-471b-a9b8-6dff0a0a3da1,e81c868f-93fb-429b-9070-9007b6de76c8,bright-lobster,bright-lobster_v83.parquet,240.877,24289,2025-11-07T17:05:40.609429Z
7a382a6f-fedc-43b7-abab-2748bbcea365,e81c868f-93fb-429b-9070-9007b6de76c8,bright-lobster,bright-lobster_v46.parquet,240.8992,24289,2025-11-06T12:09:09.923683Z
2e431e00-609d-465f-af16-f14c38d99acc,68b66eaf-8215-40ca-9aad-64364c2c3d2e,likable-ant,likable-ant_v36.parquet,240.9024,24289,2025-10-23T14:57:31.075964Z
6802e697-b9a0-48db-a6db-43f9d001b4c8,9d5ed0b1-e1cb-42e6-af50-5b04a0fd961c,incredible-kiwi,incredible-kiwi_v17.parquet,240.9173,24289,2025-10-18T11:24:26.718449Z
85f6551b-b15a-425b-98b9-23a5fcbb0591,68b66eaf-8215-40ca-9aad-64364c2c3d2e,likable-ant,likable-ant_v40.parquet,240.9412,24289,2025-10-23T16:04:53.287227Z
a81ea119-89b2-40e9-8d69-b9f4efc736b0,4ad66ed5-9214-49a9-bea4-0e8c6da82d48,amazing-pillow,amazing-pillow_v11.parquet,240.9648,24289,2025-10-26T12:08:52.334868Z
e258817d-4d86-49d0-9591-ba7a47be0fae,709f6250-a8dc-4cfc-8fab-c577b348b124,witty-orchid,witty-orchid_v1.parquet,240.9939,24289,2025-11-23T09:53:45.656676Z
9dda3c49-dd65-4f90-9294-148b185736f2,e9f5d4ab-8177-46a0-839d-7e7fe0a5cd3d,gracious-jacket,gracious-jacket_v15.parquet,240.997,24289,2025-10-16T14:53:04.513524Z
b53f782e-e368-4ba4-b550-cd037a3232c8,e9f5d4ab-8177-46a0-839d-7e7fe0a5cd3d,gracious-jacket,gracious-jacket_v8.parquet,241.0863,24289,2025-10-16T12:15:55.187443Z
bb0be894-2ede-409e-9a61-3535b4f442a7,9d5ed0b1-e1cb-42e6-af50-5b04a0fd961c,incredible-kiwi,incredible-kiwi_v11.parquet,241.0873,24289,2025-10-17T13:23:45.040649Z
b80c96cd-01d4-4582-81e8-6f14343aa00c,ea6be75a-6be4-4f68-90ab-5dca51e94d6e,organized-kangaroo,organized-kangaroo_v14.parquet,241.1056,24289,2025-10-29T21:48:24.08003Z
8a3c15c3-88bd-45a0-9d25-f67ee929d787,46837dc7-445a-43e5-b76d-07d48bfb5960,unique-honey,unique-honey_v36.parquet,241.115,24289,2025-11-25T18:03:18.777453Z
f4534b6b-5e9e-4ca6-b445-5b3eadbeaea3,d4380db0-92a4-43c1-b901-4070b1bd5f8b,zippy-telephone,zippy-telephone_v134.parquet,241.1272,24289,2025-11-30T16:52:36.979759Z
b97355b8-a6d8-48ba-8899-d1c3755afe84,9d5ed0b1-e1cb-42e6-af50-5b04a0fd961c,incredible-kiwi,incredible-kiwi_v9.parquet,241.128,24289,2025-10-17T13:19:02.10057Z
5bae2420-4fe2-4419-a7a5-b46d7c7c3648,0c6a5825-cf0e-42bc-ae40-88a927db1ccc,genuine-zucchini,genuine-zucchini_v50.parquet,241.18,24289,2025-11-30T04:40:31.530459Z
e72f2f70-0f49-42a6-926d-8e90c49897ba,9d5ed0b1-e1cb-42e6-af50-5b04a0fd961c,incredible-kiwi,incredible-kiwi_v5.parquet,241.1934,24289,2025-10-17T12:41:28.045017Z
740f4eea-e29f-4ae6-8bb3-cad7a1e65a2b,e9f5d4ab-8177-46a0-839d-7e7fe0a5cd3d,gracious-jacket,gracious-jacket_v39.parquet,241.2011,24289,2025-10-21T18:37:53.882837Z
2a8734e3-8f82-4471-8c90-08816dcb3742,d4380db0-92a4-43c1-b901-4070b1bd5f8b,zippy-telephone,zippy-telephone_v136.parquet,241.284,24289,2025-11-30T16:53:31.754363Z
f2be4647-0647-4a95-b2b2-8c12f56a6988,68b66eaf-8215-40ca-9aad-64364c2c3d2e,likable-ant,likable-ant_v120.parquet,241.2925,24289,2025-11-06T13:48:06.746862Z
c1a46533-ce26-475c-8ee8-c8a8335d3d61,46837dc7-445a-43e5-b76d-07d48bfb5960,unique-honey,unique-honey_v53.parquet,241.3238,24289,2025-11-29T12:32:34.541398Z
9e0b6f6b-fa08-4c31-8b64-8f31c525c957,cf8d46d2-7d72-4c49-8586-ef4041d44fe6,reliable-jigsaw,reliable-jigsaw_v2.parquet,241.3295,24289,2025-10-15T19:31:26.254989Z
8bc70e0c-de2b-45e4-8495-494351de5dd5,e81c868f-93fb-429b-9070-9007b6de76c8,bright-lobster,bright-lobster_v126.parquet,241.3426,24289,2025-11-12T08:28:59.736737Z
534d9781-b725-4cdd-90a7-015e9b5d2eb2,e81c868f-93fb-429b-9070-9007b6de76c8,bright-lobster,bright-lobster_v60.parquet,241.359,24289,2025-11-07T09:19:52.684555Z
3bf4b772-514c-4576-a707-02ed67e2fabc,b62b70c8-5615-4b52-a5f0-dba3f9833f90,kindly-garden,kindly-garden_v58.parquet,241.3791,24289,2025-11-30T20:29:47.484214Z
6f4563f3-6f74-44c9-af8a-93041bd6962b,46837dc7-445a-43e5-b76d-07d48bfb5960,unique-honey,unique-honey_v28.parquet,241.4058,24289,2025-11-22T22:17:50.321879Z
8415bb05-bfbf-44ad-8b8c-28d0d837d521,e81c868f-93fb-429b-9070-9007b6de76c8,bright-lobster,bright-lobster_v37.parquet,241.4125,24289,2025-11-06T11:27:18.897475Z
b8af6f22-bcf8-40cf-9b7b-17d9e6062377,c89eae09-04ab-4cd7-8f49-2a149d6507a5,zany-garden,zany-garden_v10.parquet,241.4254,24289,2025-11-04T15:53:40.48965Z
bf2bb7d9-3993-42ba-98ad-8fe2972bd553,c89eae09-04ab-4cd7-8f49-2a149d6507a5,zany-garden,zany-garden_v8.parquet,241.4255,24289,2025-11-04T03:28:33.234891Z
e9bfb6c6-fb1a-4123-a243-3e3da67eb1c6,c89eae09-04ab-4cd7-8f49-2a149d6507a5,zany-garden,zany-garden_v7.parquet,241.4391,24289,2025-11-04T03:19:14.405813Z
93ce7ef0-e7d4-49c8-9c06-507450b95e10,4da5b007-8d7c-4edc-840f-37747e56f1a2,resourceful-beetle,resourceful-beetle_v41.parquet,241.5326,24289,2025-11-30T01:03:02.183536Z
c233cccf-d034-439d-ad88-dd9d8d06c811,e81c868f-93fb-429b-9070-9007b6de76c8,bright-lobster,bright-lobster_v137.parquet,241.5523,24289,2025-11-12T12:03:50.041202Z
8f159649-f6ce-4980-87c7-ca87e2c530fa,9d5ed0b1-e1cb-42e6-af50-5b04a0fd961c,incredible-kiwi,incredible-kiwi_v27.parquet,241.656,24289,2025-10-24T10:28:29.110531Z
2f724cac-fd56-460e-94a4-bcea3a8a4ea6,4da5b007-8d7c-4edc-840f-37747e56f1a2,resourceful-beetle,resourceful-beetle_v44.parquet,241.6687,24289,2025-11-30T21:32:12.533418Z
c640442f-5960-4667-be60-93c4fff241ec,0fb8ea0a-3880-4639-b056-6829f176b9a8,unique-guitar,unique-guitar_v10.parquet,241.6915,24289,2025-11-09T20:06:21.945331Z
abee4a61-7df7-467b-8824-beca5e304200,8a5be54d-007c-42aa-91bd-4069148dc68c,merry-jacket,merry-jacket_v6.parquet,241.6954,24289,2025-11-23T22:37:07.393907Z
65f38ee7-02c8-460c-8e0e-fc7d0754bebd,8a5be54d-007c-42aa-91bd-4069148dc68c,merry-jacket,merry-jacket_v4.parquet,241.6995,24289,2025-11-23T22:30:37.372489Z
6d8c30fa-8252-4c50-863f-4b259903fe59,b62b70c8-5615-4b52-a5f0-dba3f9833f90,kindly-garden,kindly-garden_v40.parquet,241.7214,24289,2025-11-28T12:29:47.653018Z
9b6e21ab-f8ba-408f-8823-9206b43cc4db,606dc3bc-ca68-44a2-960f-2b9d2fb0de66,zesty-raccoon,zesty-raccoon_v59.parquet,241.7913,24289,2025-11-29T20:18:55.350084Z
16fd3196-611e-4c81-959f-f48622b0cfa7,14eeb594-591f-4e44-9aaa-350cbb94afde,resourceful-quiver,resourceful-quiver_v18.parquet,241.8229,24289,2025-10-28T20:11:04.054235Z
0d5ad8ac-645a-4230-ab76-b5d7ed5c95b4,0c6a5825-cf0e-42bc-ae40-88a927db1ccc,genuine-zucchini,genuine-zucchini_v32.parquet,241.8788,24289,2025-11-06T01:45:13.277583Z
51aac058-ee68-4378-8619-555a48ae8b01,9d5ed0b1-e1cb-42e6-af50-5b04a0fd961c,incredible-kiwi,incredible-kiwi_v19.parquet,241.8882,24289,2025-10-18T11:30:28.321554Z
4949c6e7-08ef-4bd9-94d9-728caa2a4871,e9f5d4ab-8177-46a0-839d-7e7fe0a5cd3d,gracious-jacket,gracious-jacket_v13.parquet,241.907,24289,2025-10-16T14:23:23.410093Z
e702d39f-466f-4bd0-9e70-25322d645f3b,68b66eaf-8215-40ca-9aad-64364c2c3d2e,likable-ant,likable-ant_v86.parquet,241.9219,24289,2025-11-01T13:08:35.763708Z
f890c170-efa2-4b42-b8cf-a8e50354bbfa,e81c868f-93fb-429b-9070-9007b6de76c8,bright-lobster,bright-lobster_v40.parquet,241.9252,24289,2025-11-06T11:46:06.741137Z
f95db585-fddc-48d3-8e66-a706071471f9,c89eae09-04ab-4cd7-8f49-2a149d6507a5,zany-garden,zany-garden_v6.parquet,241.9697,24289,2025-11-04T02:48:46.319978Z
03542b9e-0609-4b75-90a6-a3a2ac797ff7,68b66eaf-8215-40ca-9aad-64364c2c3d2e,likable-ant,likable-ant_v194.parquet,241.9837,24289,2025-11-26T13:43:05.537631Z
f5d4abf4-9bd7-409a-b126-83894b405e59,9d5ed0b1-e1cb-42e6-af50-5b04a0fd961c,incredible-kiwi,incredible-kiwi_v21.parquet,242.1208,24289,2025-10-18T11:41:10.000472Z
8c44c087-9538-43dc-b263-4831060f6dbb,1ecdc902-d28a-4c7f-830f-e007fa2ceb4a,friendly-raccoon,friendly-raccoon_v6.parquet,242.1268,24289,2025-10-28T19:50:32.988354Z
3843b88f-6035-4a0f-b1d8-3220af6c060f,43842491-2410-450b-92f7-23595ecc6081,unique-quicksand,unique-quicksand_v31.parquet,242.206,24289,2025-11-07T22:30:40.808515Z
de1092ea-41db-4802-8b26-32ac9a4e426e,e81c868f-93fb-429b-9070-9007b6de76c8,bright-lobster,bright-lobster_v24.parquet,242.2085,24289,2025-11-05T12:43:13.594323Z
31389f30-16fe-41b9-83da-bb899a80a8ae,b62b70c8-5615-4b52-a5f0-dba3f9833f90,kindly-garden,kindly-garden_v32.parquet,242.2262,24289,2025-11-28T12:29:28.79488Z
f17d081d-ca8f-47a0-857e-ec5860ec8b9d,9d5ed0b1-e1cb-42e6-af50-5b04a0fd961c,incredible-kiwi,incredible-kiwi_v6.parquet,242.2567,24289,2025-10-17T12:47:22.191135Z
d561e5fc-00d6-440e-8032-bcb9fdf557d0,68b66eaf-8215-40ca-9aad-64364c2c3d2e,likable-ant,likable-ant_v182.parquet,242.259,24289,2025-11-24T19:33:24.402007Z
e85fadb3-474e-4704-9645-03d3379d2fa9,68b66eaf-8215-40ca-9aad-64364c2c3d2e,likable-ant,likable-ant_v183.parquet,242.259,24289,2025-11-24T19:38:51.552646Z
95f67853-e999-4750-9c37-234f9b9a6d85,68b66eaf-8215-40ca-9aad-64364c2c3d2e,likable-ant,likable-ant_v252.parquet,242.3007,24289,2025-11-30T15:21:25.468797Z
18af6048-d1f9-4a5e-abb3-d8131fec25a5,030a1edd-d392-432f-9609-50011531bbab,zestful-mango,zestful-mango_v23.parquet,242.302,24289,2025-11-26T23:38:09.453672Z
3c009647-0ddf-4acb-bebf-9b81b07c7b8d,1463c574-53df-4b62-ac3a-cdf62a216420,wise-watermelon,wise-watermelon_v4.parquet,242.3039,24289,2025-10-28T08:27:01.819949Z
cef46a01-b243-49fa-828a-4dab15eb6f63,68b66eaf-8215-40ca-9aad-64364c2c3d2e,likable-ant,likable-ant_v195.parquet,242.3051,24289,2025-11-26T13:45:22.885121Z
e394d886-fa91-4d26-b541-25942e71114c,4ad66ed5-9214-49a9-bea4-0e8c6da82d48,amazing-pillow,amazing-pillow_v18.parquet,242.3203,24289,2025-10-30T15:13:52.76749Z
e2ca00b6-6e67-4c79-88b1-28c105f50118,68b66eaf-8215-40ca-9aad-64364c2c3d2e,likable-ant,likable-ant_v24.parquet,242.3313,24289,2025-11-08T23:31:12.207827Z
511795fe-d2ba-4c81-9cd1-59f34264e380,030a1edd-d392-432f-9609-50011531bbab,zestful-mango,zestful-mango_v19.parquet,242.3984,24289,2025-11-26T21:43:36.850226Z
1ce3ef11-043e-410d-a9d7-833aed33b845,9d5ed0b1-e1cb-42e6-af50-5b04a0fd961c,incredible-kiwi,incredible-kiwi_v29.parquet,242.4037,24289,2025-10-24T17:02:44.461472Z
ace7c062-51d1-47eb-945c-52ac03ec48d6,e9f5d4ab-8177-46a0-839d-7e7fe0a5cd3d,gracious-jacket,gracious-jacket_v11.parquet,242.48,24289,2025-10-16T13:24:43.382346Z
22cb03e4-0e01-44cb-8a39-aaccb61394f8,46837dc7-445a-43e5-b76d-07d48bfb5960,unique-honey,unique-honey_v32.parquet,242.4923,24289,2025-11-25T14:19:49.687341Z
e543abd1-2c5a-4880-8d90-0efe69d8a7a7,e9f5d4ab-8177-46a0-839d-7e7fe0a5cd3d,gracious-jacket,gracious-jacket_v7.parquet,242.5131,24289,2025-10-16T11:36:17.04197Z
b6d8eb92-754f-40c7-b7af-39d784860f2b,8a5be54d-007c-42aa-91bd-4069148dc68c,merry-jacket,merry-jacket_v5.parquet,242.5589,24289,2025-11-23T22:34:23.250755Z
044ee58d-b744-42f3-89ee-4e01ead2da9b,cf8d46d2-7d72-4c49-8586-ef4041d44fe6,reliable-jigsaw,reliable-jigsaw_v3.parquet,242.5591,24289,2025-10-15T19:43:15.433894Z
d534a6f7-1bdd-40fa-b0dd-1a88225f68b5,030a1edd-d392-432f-9609-50011531bbab,zestful-mango,zestful-mango_v22.parquet,242.6195,24289,2025-11-26T23:33:27.313141Z
4da8115d-1425-461b-ad3a-c6e9d7441436,68b66eaf-8215-40ca-9aad-64364c2c3d2e,likable-ant,likable-ant_v159.parquet,242.6683,24289,2025-11-22T20:04:01.221457Z
d8062d61-7a98-4e72-a7ad-054a1bc04284,e9f5d4ab-8177-46a0-839d-7e7fe0a5cd3d,gracious-jacket,gracious-jacket_v18.parquet,242.6747,24289,2025-10-16T17:44:37.690074Z
b369e5d8-d632-4eb9-aa36-4229efd749c9,9d5ed0b1-e1cb-42e6-af50-5b04a0fd961c,incredible-kiwi,incredible-kiwi_v20.parquet,242.8025,24289,2025-10-18T11:37:45.652292Z
ea046b66-d5c4-4fd6-bf45-f34c8ed601c0,68b66eaf-8215-40ca-9aad-64364c2c3d2e,likable-ant,likable-ant_v80.parquet,242.8184,24289,2025-10-30T15:51:44.762211Z
781556b6-cc59-45e4-8676-2cfab5c37b7d,d4380db0-92a4-43c1-b901-4070b1bd5f8b,zippy-telephone,zippy-telephone_v90.parquet,242.8626,24289,2025-11-30T16:44:42.850562Z
ebe5da41-352e-4090-96a6-0450ff111a96,d4380db0-92a4-43c1-b901-4070b1bd5f8b,zippy-telephone,zippy-telephone_v103.parquet,242.8626,24289,2025-11-30T16:45:56.411446Z
1d749b30-bd08-471f-b534-c9f79fcdce5c,4e534bf9-644c-4c1a-8043-eeceaa76d67f,outgoing-orange,outgoing-orange_v13.parquet,243.0298,24289,2025-11-28T18:37:37.367938Z
34c1e121-2f5c-4131-983a-6261c75ce405,8a04baf5-b796-4e91-85d3-53885ec570d8,nurturing-telephone,nurturing-telephone_v9.parquet,243.0568,24289,2025-11-29T18:28:00.488237Z
4e674c7e-a49e-4ecf-b036-e2c9a135f402,9d5ed0b1-e1cb-42e6-af50-5b04a0fd961c,incredible-kiwi,incredible-kiwi_v25.parquet,243.0612,24289,2025-10-18T13:43:16.640235Z
6ce8fbfb-1018-4961-9304-16626eafe8ba,e9f5d4ab-8177-46a0-839d-7e7fe0a5cd3d,gracious-jacket,gracious-jacket_v83.parquet,243.0711,24289,2025-11-20T00:19:47.858593Z
3ed3b33f-af24-4554-bc2a-899d350090c8,68b66eaf-8215-40ca-9aad-64364c2c3d2e,likable-ant,likable-ant_v21.parquet,243.0851,24289,2025-11-08T23:31:21.46088Z
eaa42f54-4dab-4724-bbba-d1a3e80e4538,9d5ed0b1-e1cb-42e6-af50-5b04a0fd961c,incredible-kiwi,incredible-kiwi_v1.parquet,243.0975,24289,2025-10-17T11:32:55.717181Z
3ad09bb1-ebd3-4e8f-bcfc-7939bec66586,9d5ed0b1-e1cb-42e6-af50-5b04a0fd961c,incredible-kiwi,incredible-kiwi_v4.parquet,243.0975,24289,2025-10-17T12:17:50.679155Z
b5f87b47-c639-48e0-888c-2aee36fa2e92,9d5ed0b1-e1cb-42e6-af50-5b04a0fd961c,incredible-kiwi,incredible-kiwi_v18.parquet,243.1176,24289,2025-10-18T11:26:24.594268Z
75568fbb-58df-42c0-a9c7-7c154461c445,e81c868f-93fb-429b-9070-9007b6de76c8,bright-lobster,bright-lobster_v41.parquet,243.1487,24289,2025-11-06T11:46:06.722084Z
12a4d7e8-43a1-4477-84fa-0be966cde2ef,05e93b12-b109-4596-a502-f654422533b5,exuberant-emu,exuberant-emu_v12.parquet,243.155,24289,2025-11-21T04:37:27.017126Z
e86ebe56-5f72-46fa-ad06-8313491aa921,030a1edd-d392-432f-9609-50011531bbab,zestful-mango,zestful-mango_v20.parquet,243.1796,24289,2025-11-26T22:09:19.812579Z
a19a9b88-4c6b-4c6d-9a35-60f8983aeedb,46837dc7-445a-43e5-b76d-07d48bfb5960,unique-honey,unique-honey_v37.parquet,243.2053,24289,2025-11-25T18:29:55.585393Z
7a98c86d-0eb1-4c00-8747-e6f51f24cd2f,030a1edd-d392-432f-9609-50011531bbab,zestful-mango,zestful-mango_v18.parquet,243.2334,24289,2025-11-26T18:26:52.375892Z
0a5ba08b-dd48-49a8-950a-8a0fb3f927aa,9d5ed0b1-e1cb-42e6-af50-5b04a0fd961c,incredible-kiwi,incredible-kiwi_v13.parquet,243.266,24289,2025-10-17T13:35:18.107822Z
2d934997-f3eb-43c2-85c1-e12754196f09,e81c868f-93fb-429b-9070-9007b6de76c8,bright-lobster,bright-lobster_v80.parquet,243.3412,24289,2025-11-07T15:51:03.878065Z
7dd7eab7-2752-4215-bb66-b0e733ee2e2a,e81c868f-93fb-429b-9070-9007b6de76c8,bright-lobster,bright-lobster_v81.parquet,243.3412,24289,2025-11-07T16:17:44.434824Z
29bacb69-6c19-4110-88a3-34cef2311cf2,e81c868f-93fb-429b-9070-9007b6de76c8,bright-lobster,bright-lobster_v90.parquet,243.3412,24289,2025-11-09T12:08:24.003264Z
f1939d1a-7dae-4706-8615-60223917a365,9d5ed0b1-e1cb-42e6-af50-5b04a0fd961c,incredible-kiwi,incredible-kiwi_v35.parquet,243.3422,24289,2025-10-29T08:22:02.124083Z
66c839c2-d1de-47c6-adb5-3a22df4c9b65,e81c868f-93fb-429b-9070-9007b6de76c8,bright-lobster,bright-lobster_v66.parquet,243.3625,24289,2025-11-07T10:18:24.327053Z
0595d7f4-6054-4345-8a5c-9b67e6e8ac65,9d5ed0b1-e1cb-42e6-af50-5b04a0fd961c,incredible-kiwi,incredible-kiwi_v28.parquet,243.4304,24289,2025-10-24T16:40:31.734868Z
86398ce3-ea11-4a10-b8f2-7716b9da6748,68b66eaf-8215-40ca-9aad-64364c2c3d2e,likable-ant,likable-ant_v235.parquet,243.4392,24289,2025-11-29T21:15:50.629876Z
4b0dfdd7-299f-4d31-ab76-b258c84a20f0,46837dc7-445a-43e5-b76d-07d48bfb5960,unique-honey,unique-honey_v33.parquet,243.5369,24289,2025-11-25T14:31:35.127665Z
7a5af045-dad3-4260-bee9-70378a9d09ab,e81c868f-93fb-429b-9070-9007b6de76c8,bright-lobster,bright-lobster_v152.parquet,243.5513,24289,2025-11-17T13:54:30.307627Z
edbd6762-6934-41db-91ea-838a5edc1c02,7bcdc1d8-b95f-4751-a037-0f34eb4affa0,honest-rose,honest-rose_v42.parquet,243.5545,24289,2025-11-10T01:34:46.441422Z
44ad5da3-7f91-48a7-84d6-0ff1ce286381,68b66eaf-8215-40ca-9aad-64364c2c3d2e,likable-ant,likable-ant_v219.parquet,243.5555,24289,2025-11-27T15:52:24.344522Z
648bca39-9e49-4ef4-80c1-da38102f007c,4da5b007-8d7c-4edc-840f-37747e56f1a2,resourceful-beetle,resourceful-beetle_v32.parquet,243.5725,24289,2025-11-27T23:24:41.438687Z
146f2d67-5590-4d75-b52c-64dbc39acc4c,b62b70c8-5615-4b52-a5f0-dba3f9833f90,kindly-garden,kindly-garden_v11.parquet,243.578,24289,2025-11-27T10:50:47.283592Z
14a5ff2f-06e2-4df8-9535-bde0ac96f600,68b66eaf-8215-40ca-9aad-64364c2c3d2e,likable-ant,likable-ant_v117.parquet,243.5809,24289,2025-11-05T15:50:35.518417Z
42418f8f-7e36-4aca-a794-95cebdb3613c,68b66eaf-8215-40ca-9aad-64364c2c3d2e,likable-ant,likable-ant_v139.parquet,243.5852,24289,2025-11-19T16:12:39.533759Z
d1ef8f24-0c31-4a3a-931b-089b69663d3f,030a1edd-d392-432f-9609-50011531bbab,zestful-mango,zestful-mango_v29.parquet,243.6111,24289,2025-11-26T23:54:43.114182Z
5f31bbf2-dd9c-4db0-bc2f-f6a5d630ca97,4da5b007-8d7c-4edc-840f-37747e56f1a2,resourceful-beetle,resourceful-beetle_v49.parquet,243.64,24289,2025-11-30T23:17:35.548342Z
49f3faa2-2082-42f2-b77a-5472441380fb,e81c868f-93fb-429b-9070-9007b6de76c8,bright-lobster,bright-lobster_v76.parquet,243.8221,24289,2025-11-07T14:38:34.519849Z
6a650a80-8a9c-4b10-8b9f-c6736aa78e47,e81c868f-93fb-429b-9070-9007b6de76c8,bright-lobster,bright-lobster_v77.parquet,243.8221,24289,2025-11-07T15:05:48.654003Z
9db78be0-f3df-4392-b7fe-a273ea09fd4d,68b66eaf-8215-40ca-9aad-64364c2c3d2e,likable-ant,likable-ant_v131.parquet,243.8288,24289,2025-11-15T20:53:26.025975Z
8111ae1c-2db3-4df2-9d3a-708649955690,68b66eaf-8215-40ca-9aad-64364c2c3d2e,likable-ant,likable-ant_v210.parquet,243.8608,24289,2025-11-27T14:04:03.316551Z
3537bdc9-898c-4fbb-a060-82638093b50c,68b66eaf-8215-40ca-9aad-64364c2c3d2e,likable-ant,likable-ant_v20.parquet,243.8845,24289,2025-11-08T23:31:20.327073Z
60818dca-c7f5-4565-96d1-747fb750a636,e81c868f-93fb-429b-9070-9007b6de76c8,bright-lobster,bright-lobster_v74.parquet,243.9617,24289,2025-11-07T12:42:06.612675Z
f9fd8fb7-e86b-47ab-8ee8-8d0340f4919e,e81c868f-93fb-429b-9070-9007b6de76c8,bright-lobster,bright-lobster_v75.parquet,243.9617,24289,2025-11-07T12:45:46.098225Z
51e75e0c-721b-4a9a-9a1e-8ba763b37d5c,e81c868f-93fb-429b-9070-9007b6de76c8,bright-lobster,bright-lobster_v52.parquet,243.9717,24289,2025-11-06T14:39:49.399053Z
c87afdf6-9bf3-4709-a9b9-e707368c4913,030a1edd-d392-432f-9609-50011531bbab,zestful-mango,zestful-mango_v9.parquet,244.0132,24289,2025-11-03T16:20:06.378603Z
8a18242d-1d8a-4908-8a09-4c5e955653d2,46837dc7-445a-43e5-b76d-07d48bfb5960,unique-honey,unique-honey_v29.parquet,244.0309,24289,2025-11-23T21:36:10.123052Z
f4e42d81-a86d-43c4-97cd-701ed5d7f3a1,9d5ed0b1-e1cb-42e6-af50-5b04a0fd961c,incredible-kiwi,incredible-kiwi_v12.parquet,244.0609,24289,2025-10-17T13:28:29.322551Z
46c8b6ea-4bd6-4d5d-9904-72f405f0ed19,8a5be54d-007c-42aa-91bd-4069148dc68c,merry-jacket,merry-jacket_v3.parquet,244.0682,24289,2025-11-23T22:19:48.014454Z
6f7d52d6-7fc0-472d-8c44-5d7a3f8ade73,ea6be75a-6be4-4f68-90ab-5dca51e94d6e,organized-kangaroo,organized-kangaroo_v19.parquet,244.102,24289,2025-11-08T19:54:07.054938Z
6a9fb2da-75f1-46b3-a358-b5f8d81692eb,68b66eaf-8215-40ca-9aad-64364c2c3d2e,likable-ant,likable-ant_v87.parquet,244.1182,24289,2025-11-01T18:50:50.204175Z
11d53c20-201a-4616-92da-f1ff270a5c55,e81c868f-93fb-429b-9070-9007b6de76c8,bright-lobster,bright-lobster_v151.parquet,244.1329,24289,2025-11-17T13:45:59.279305Z
e3557ef2-469a-4552-9f8c-1ea2dc0f142b,68b66eaf-8215-40ca-9aad-64364c2c3d2e,likable-ant,likable-ant_v32.parquet,244.1885,24289,2025-10-22T06:57:51.10347Z
47481f2a-5295-40e7-81c5-4f48bcee25cd,030a1edd-d392-432f-9609-50011531bbab,zestful-mango,zestful-mango_v10.parquet,244.2348,24289,2025-11-04T16:08:41.636365Z
763c05d8-b22e-41bd-b61d-58df5dcd2e35,e81c868f-93fb-429b-9070-9007b6de76c8,bright-lobster,bright-lobster_v150.parquet,244.2666,24289,2025-11-17T13:39:30.089066Z
9f997354-377c-4559-979e-db3f35d9e7a8,e81c868f-93fb-429b-9070-9007b6de76c8,bright-lobster,bright-lobster_v122.parquet,244.2785,24289,2025-11-12T08:21:31.513528Z
d4fd47be-644a-43e9-a45a-bf8de3dd4613,ea6be75a-6be4-4f68-90ab-5dca51e94d6e,organized-kangaroo,organized-kangaroo_v13.parquet,244.3238,24289,2025-10-26T20:29:30.245259Z
9371924f-c6ef-4203-a04f-383104d4713f,4e534bf9-644c-4c1a-8043-eeceaa76d67f,outgoing-orange,outgoing-orange_v2.parquet,244.3672,24289,2025-11-07T13:17:17.557347Z
cf759446-3462-4b32-a5ba-d290ab5545ac,7bcdc1d8-b95f-4751-a037-0f34eb4affa0,honest-rose,honest-rose_v44.parquet,244.3819,24289,2025-11-10T13:07:00.153201Z
12b61d62-e09b-4ee2-9169-eb2e6bd7d7cf,43842491-2410-450b-92f7-23595ecc6081,unique-quicksand,unique-quicksand_v30.parquet,244.4328,24289,2025-11-07T22:02:18.897546Z
da8ce2cf-3a15-448d-916a-e5c6d0b400c0,05e93b12-b109-4596-a502-f654422533b5,exuberant-emu,exuberant-emu_v13.parquet,244.4719,24289,2025-11-21T04:39:37.423924Z
92a71002-d920-4280-ab27-80e8fbcd1742,b62b70c8-5615-4b52-a5f0-dba3f9833f90,kindly-garden,kindly-garden_v37.parquet,244.5043,24289,2025-11-28T12:29:42.46382Z
f4fc44f8-2b29-4943-8f50-4557e7f9d1c3,4ad66ed5-9214-49a9-bea4-0e8c6da82d48,amazing-pillow,amazing-pillow_v10.parquet,244.5133,24289,2025-10-26T10:54:49.4512Z
17c5f2ec-e4af-4a18-bd88-6b3169b7a9bd,43842491-2410-450b-92f7-23595ecc6081,unique-quicksand,unique-quicksand_v29.parquet,244.5336,24289,2025-11-02T21:45:18.777516Z
7516470b-95c9-40d4-890a-493a1489741e,68b66eaf-8215-40ca-9aad-64364c2c3d2e,likable-ant,likable-ant_v165.parquet,244.5524,24289,2025-11-22T22:24:13.283729Z
0fd64c8b-a4f5-48ad-9612-8cfc1ec0520b,14eeb594-591f-4e44-9aaa-350cbb94afde,resourceful-quiver,resourceful-quiver_v19.parquet,244.5757,24289,2025-11-05T15:25:01.250603Z
68ff8164-1768-4acf-ae14-435ef6e59814,68b66eaf-8215-40ca-9aad-64364c2c3d2e,likable-ant,likable-ant_v247.parquet,244.6493,24289,2025-11-30T10:32:42.537335Z
32302195-05b0-46d4-a11b-40b7115a5459,503514d7-529b-4927-85c2-1c1a97e2b0d5,affectionate-goblin,affectionate-goblin_v1.parquet,244.8417,24289,2025-11-23T17:25:33.438725Z
66316104-9b3e-4035-828e-5f2f4323d06e,503514d7-529b-4927-85c2-1c1a97e2b0d5,affectionate-goblin,affectionate-goblin_v10.parquet,244.8417,24289,2025-11-30T01:20:16.752334Z
729f5789-fe3b-422f-b56f-f3c2855dbf82,68b66eaf-8215-40ca-9aad-64364c2c3d2e,likable-ant,likable-ant_v22.parquet,244.8994,24289,2025-11-08T23:31:13.484381Z
632d925b-a785-4455-a3b2-3f1619a74c98,68b66eaf-8215-40ca-9aad-64364c2c3d2e,likable-ant,likable-ant_v5.parquet,245.11,24289,2025-10-14T20:27:21.509641Z
67df738f-507f-4530-8651-ad01fa85f503,46837dc7-445a-43e5-b76d-07d48bfb5960,unique-honey,unique-honey_v30.parquet,245.1123,24289,2025-11-24T12:38:25.099465Z
7af1bfcd-8651-41d0-b6d3-344552a2e509,e9f5d4ab-8177-46a0-839d-7e7fe0a5cd3d,gracious-jacket,gracious-jacket_v84.parquet,245.1197,24289,2025-11-20T00:27:33.526568Z
8f027821-c613-44b8-9b0c-aa880933c1cc,503514d7-529b-4927-85c2-1c1a97e2b0d5,affectionate-goblin,affectionate-goblin_v2.parquet,245.1407,24289,2025-11-23T18:50:22.110231Z
0115a8d7-6a4f-47a1-9e65-15146df16132,b62b70c8-5615-4b52-a5f0-dba3f9833f90,kindly-garden,kindly-garden_v51.parquet,245.216,24289,2025-11-28T12:30:02.4656Z
fc56085b-fc9e-4833-9334-88bce0a89af5,14eeb594-591f-4e44-9aaa-350cbb94afde,resourceful-quiver,resourceful-quiver_v118.parquet,245.2397,24289,2025-11-16T10:31:31.445876Z
83ceeca3-92bb-4dc1-b478-80484bc9008a,9d5ed0b1-e1cb-42e6-af50-5b04a0fd961c,incredible-kiwi,incredible-kiwi_v37.parquet,245.2597,24289,2025-10-30T13:02:34.470489Z
0dc9ed2c-47de-45d8-b3e1-f0a81c2c00bf,68b66eaf-8215-40ca-9aad-64364c2c3d2e,likable-ant,likable-ant_v29.parquet,245.2948,24289,2025-10-21T17:40:02.071609Z
2782bf36-012a-4059-8b46-b93e48e960d0,68b66eaf-8215-40ca-9aad-64364c2c3d2e,likable-ant,likable-ant_v44.parquet,245.2999,24289,2025-10-23T17:15:14.697871Z
f0af1b37-8182-4976-b4b2-0f4e7769fde8,c89eae09-04ab-4cd7-8f49-2a149d6507a5,zany-garden,zany-garden_v1.parquet,245.3752,24289,2025-11-03T22:19:10.10607Z
3fdbc916-746e-4393-929b-b30759c01691,1463c574-53df-4b62-ac3a-cdf62a216420,wise-watermelon,wise-watermelon_v3.parquet,245.3919,24289,2025-10-27T19:18:52.982604Z
0150b490-00fa-41c9-a730-a4d02f17530d,e81c868f-93fb-429b-9070-9007b6de76c8,bright-lobster,bright-lobster_v78.parquet,245.4768,24289,2025-11-07T15:25:26.831988Z
181dccd6-4cfb-4901-b4aa-48ca45e8db0f,0fb8ea0a-3880-4639-b056-6829f176b9a8,unique-guitar,unique-guitar_v0.parquet,245.5625,24289,2025-11-03T14:00:11.938271Z
29fac07f-5560-49a0-b132-a81c1264ab42,b62b70c8-5615-4b52-a5f0-dba3f9833f90,kindly-garden,kindly-garden_v59.parquet,245.5692,24289,2025-11-30T20:30:24.859142Z
b75c55ea-9f60-415e-867f-806122becc78,7bcdc1d8-b95f-4751-a037-0f34eb4affa0,honest-rose,honest-rose_v47.parquet,245.5755,24289,2025-11-12T22:22:20.855282Z
9b32b6bb-4c20-4475-a019-b418c3bce8cd,46837dc7-445a-43e5-b76d-07d48bfb5960,unique-honey,unique-honey_v27.parquet,245.5759,24289,2025-11-22T21:11:34.442496Z
7c0f9edd-bd8a-4773-ad50-2f26628677c6,0c6a5825-cf0e-42bc-ae40-88a927db1ccc,genuine-zucchini,genuine-zucchini_v11.parquet,245.6267,24289,2025-10-25T19:34:41.832979Z
59c766c8-6297-43d0-bc19-9545d943fb99,46837dc7-445a-43e5-b76d-07d48bfb5960,unique-honey,unique-honey_v35.parquet,245.6325,24289,2025-11-25T16:23:30.022836Z
91833411-7ae7-439e-8b4a-d270f8be39a3,4da5b007-8d7c-4edc-840f-37747e56f1a2,resourceful-beetle,resourceful-beetle_v50.parquet,245.6774,24289,2025-11-30T23:39:32.39563Z
ce103abb-8dcc-49df-9602-74c0bb0eb860,cf800513-ba74-4229-88c0-36d4e37c8a14,outspoken-tornado,outspoken-tornado_v6.parquet,245.8032,24289,2025-11-17T14:32:22.492944Z
707909d8-2a98-4cfc-a4dd-6c104d41d2c7,68b66eaf-8215-40ca-9aad-64364c2c3d2e,likable-ant,likable-ant_v3.parquet,245.9288,24289,2025-10-14T19:32:32.158509Z
fd1808b4-9a19-4698-98e2-3637afe7a018,68b66eaf-8215-40ca-9aad-64364c2c3d2e,likable-ant,likable-ant_v244.parquet,245.9905,24289,2025-11-30T06:43:30.363213Z
05e7a350-4f23-40db-8ec4-d1a4ca6a8b89,e9f5d4ab-8177-46a0-839d-7e7fe0a5cd3d,gracious-jacket,gracious-jacket_v21.parquet,246.0116,24289,2025-10-16T22:20:23.310289Z
e670b09a-1a51-4bcc-b988-f3f9e7e9741e,e81c868f-93fb-429b-9070-9007b6de76c8,bright-lobster,bright-lobster_v144.parquet,246.0861,24289,2025-11-14T08:52:15.018546Z
9624f06b-d477-48f9-8f19-725dda180ed1,7bcdc1d8-b95f-4751-a037-0f34eb4affa0,honest-rose,honest-rose_v40.parquet,246.097,24289,2025-11-09T22:00:37.743961Z
5c9508f9-4e9b-4bc0-8546-664c996a88ae,e9f5d4ab-8177-46a0-839d-7e7fe0a5cd3d,gracious-jacket,gracious-jacket_v74.parquet,246.1209,24289,2025-10-27T21:21:19.02762Z
5b550743-5910-4616-b991-50515e801904,b62b70c8-5615-4b52-a5f0-dba3f9833f90,kindly-garden,kindly-garden_v63.parquet,246.2117,24289,2025-11-30T20:30:22.808267Z
6d52f1b5-78be-4382-9ada-c42a9983765d,e9f5d4ab-8177-46a0-839d-7e7fe0a5cd3d,gracious-jacket,gracious-jacket_v22.parquet,246.262,24289,2025-10-16T23:17:35.120228Z
352825e9-3aa6-4003-a3da-a77aabee37d9,b62b70c8-5615-4b52-a5f0-dba3f9833f90,kindly-garden,kindly-garden_v39.parquet,246.2743,24289,2025-11-28T12:29:44.584999Z
c492c9d6-139b-48f8-a396-885b9730795e,e81c868f-93fb-429b-9070-9007b6de76c8,bright-lobster,bright-lobster_v112.parquet,246.293,24289,2025-11-11T12:36:00.051293Z
dbcb9559-b010-4b1c-b8ba-8aa4fb2c87d6,d72b8065-c69b-4d99-873d-bbf484d47d3c,polite-gorilla,polite-gorilla_v9.parquet,246.3772,24289,2025-11-30T00:28:24.275128Z
5d0154d6-c675-492e-bccf-1cf6d8d5dad8,43842491-2410-450b-92f7-23595ecc6081,unique-quicksand,unique-quicksand_v25.parquet,246.3852,24289,2025-11-01T23:33:18.45664Z
ce06c7c2-3f5f-4961-9dc0-89fbbef71c8b,cf800513-ba74-4229-88c0-36d4e37c8a14,outspoken-tornado,outspoken-tornado_v3.parquet,246.4086,24289,2025-11-13T21:14:48.435673Z
53e4263a-bc6b-408d-8294-69eb3893a7b3,8a5be54d-007c-42aa-91bd-4069148dc68c,merry-jacket,merry-jacket_v21.parquet,246.437,24289,2025-11-30T17:49:55.013935Z
537c12b7-6b00-4d2d-b4da-51a5a85d8e59,d72b8065-c69b-4d99-873d-bbf484d47d3c,polite-gorilla,polite-gorilla_v7.parquet,246.4739,24289,2025-11-30T00:15:34.379993Z
4b104dd8-c181-4829-8fbf-98de011ec961,e9f5d4ab-8177-46a0-839d-7e7fe0a5cd3d,gracious-jacket,gracious-jacket_v23.parquet,246.5137,24289,2025-10-17T01:36:21.246474Z
8ad31271-7f21-4818-a9ef-d6c638a6859e,9d5ed0b1-e1cb-42e6-af50-5b04a0fd961c,incredible-kiwi,incredible-kiwi_v22.parquet,246.5338,24289,2025-10-18T13:00:07.432094Z
ccdfeb77-2a27-46da-a262-147e9577cb61,68b66eaf-8215-40ca-9aad-64364c2c3d2e,likable-ant,likable-ant_v253.parquet,246.6065,24289,2025-11-30T18:23:43.11865Z
609602f2-8b22-4536-b994-f6fdbdd72786,68b66eaf-8215-40ca-9aad-64364c2c3d2e,likable-ant,likable-ant_v68.parquet,246.6377,24289,2025-10-28T09:54:03.129422Z
3e62b41b-fad5-49cc-8c1a-ee014e0bd203,e81c868f-93fb-429b-9070-9007b6de76c8,bright-lobster,bright-lobster_v101.parquet,246.6639,24289,2025-11-10T12:45:27.662723Z
c9d24e1b-4cfb-42c3-808b-78f3159d6b53,68b66eaf-8215-40ca-9aad-64364c2c3d2e,likable-ant,likable-ant_v202.parquet,246.6801,24289,2025-11-26T20:13:14.004793Z
aecd6b53-da93-4dea-9da7-daca1b77dfbc,7bcdc1d8-b95f-4751-a037-0f34eb4affa0,honest-rose,honest-rose_v43.parquet,246.7186,24289,2025-11-10T09:31:43.877693Z
79f3cdcf-74c0-4b1c-8609-8b2d8ba8511a,cf8d46d2-7d72-4c49-8586-ef4041d44fe6,reliable-jigsaw,reliable-jigsaw_v22.parquet,246.7237,24289,2025-11-02T14:01:20.652781Z
df735bb3-187c-4ac6-b992-794e992b7e77,68b66eaf-8215-40ca-9aad-64364c2c3d2e,likable-ant,likable-ant_v148.parquet,246.7829,24289,2025-11-22T02:26:34.390134Z
80e6116e-d384-4750-9517-8abc21a4ce87,68b66eaf-8215-40ca-9aad-64364c2c3d2e,likable-ant,likable-ant_v214.parquet,246.7861,24289,2025-11-27T14:36:17.0715Z
5be8efaa-4e2d-4278-97aa-33b0d7f7a153,68b66eaf-8215-40ca-9aad-64364c2c3d2e,likable-ant,likable-ant_v164.parquet,246.8441,24289,2025-11-22T22:23:33.80587Z
a9ebac09-bfc8-4cc8-a9c1-23035de22da8,68b66eaf-8215-40ca-9aad-64364c2c3d2e,likable-ant,likable-ant_v203.parquet,246.865,24289,2025-11-26T20:37:53.591513Z
bd5f4f6e-940d-4a1c-b9e0-fd99de5f0e2a,e81c868f-93fb-429b-9070-9007b6de76c8,bright-lobster,bright-lobster_v50.parquet,246.8681,24289,2025-11-06T12:39:24.31693Z
669e090e-657c-4f10-8245-9d8e94da3bc5,46837dc7-445a-43e5-b76d-07d48bfb5960,unique-honey,unique-honey_v25.parquet,246.9034,24289,2025-11-22T17:14:22.790263Z
fb606974-5987-4265-9f62-3737a2da0ccc,14eeb594-591f-4e44-9aaa-350cbb94afde,resourceful-quiver,resourceful-quiver_v127.parquet,246.9049,24289,2025-11-20T22:16:56.242191Z
fe1bbfdc-c46b-453b-a298-19d30009bf6e,9d5ed0b1-e1cb-42e6-af50-5b04a0fd961c,incredible-kiwi,incredible-kiwi_v2.parquet,246.9104,24289,2025-10-17T11:34:42.494299Z
4c078c54-633a-40b5-a0c6-183003311c45,7bcdc1d8-b95f-4751-a037-0f34eb4affa0,honest-rose,honest-rose_v45.parquet,247.0224,24289,2025-11-12T10:27:54.089539Z
ee57c0e0-a6c7-4339-8a34-276075562416,e9f5d4ab-8177-46a0-839d-7e7fe0a5cd3d,gracious-jacket,gracious-jacket_v2.parquet,247.0335,24289,2025-10-15T23:01:07.006544Z
c3d49957-822d-4ded-9b88-6f98c4bcc223,e81c868f-93fb-429b-9070-9007b6de76c8,bright-lobster,bright-lobster_v79.parquet,247.0361,24289,2025-11-07T15:38:35.250889Z
c312c6a8-cdb5-4714-bd35-0dff32db29bc,0fb8ea0a-3880-4639-b056-6829f176b9a8,unique-guitar,unique-guitar_v1.parquet,247.1475,24289,2025-11-03T14:21:07.049656Z
b78778eb-dc63-41a5-905e-78460cacdd7d,b62b70c8-5615-4b52-a5f0-dba3f9833f90,kindly-garden,kindly-garden_v38.parquet,247.2184,24289,2025-11-28T12:29:44.561561Z
8c21d032-2baa-4045-9f6a-0c87e0db071d,68b66eaf-8215-40ca-9aad-64364c2c3d2e,likable-ant,likable-ant_v4.parquet,247.2288,24289,2025-10-14T19:59:00.9036Z
c327d4b4-e10d-4cbd-8929-dc3f2c52ab59,68b66eaf-8215-40ca-9aad-64364c2c3d2e,likable-ant,likable-ant_v243.parquet,247.2992,24289,2025-11-30T06:12:12.917708Z
75de3d1a-e2eb-4d7c-b8de-67b6c9b6d106,68b66eaf-8215-40ca-9aad-64364c2c3d2e,likable-ant,likable-ant_v150.parquet,247.3128,24289,2025-11-22T03:09:33.753478Z
b5706528-10d1-48f5-8461-c0852ea7c216,d72b8065-c69b-4d99-873d-bbf484d47d3c,polite-gorilla,polite-gorilla_v10.parquet,247.4717,24289,2025-11-30T01:50:10.586976Z
a969c0d9-ede9-4e0f-84b4-768e847f838b,d72b8065-c69b-4d99-873d-bbf484d47d3c,polite-gorilla,polite-gorilla_v4.parquet,247.5473,24289,2025-11-29T23:57:20.941419Z
d71912a1-9db4-4b73-b7ac-3a09c0f6237c,46837dc7-445a-43e5-b76d-07d48bfb5960,unique-honey,unique-honey_v41.parquet,247.5624,24289,2025-11-27T00:03:34.175219Z
29ca0f21-08e3-46d6-8279-575ec2efd0bc,68b66eaf-8215-40ca-9aad-64364c2c3d2e,likable-ant,likable-ant_v241.parquet,247.6002,24289,2025-11-30T05:28:55.606892Z
dd60b924-9be4-4e4a-8f14-c567c0897db4,05e93b12-b109-4596-a502-f654422533b5,exuberant-emu,exuberant-emu_v0.parquet,247.6191,24289,2025-10-28T05:05:00.446753Z
3510447e-c08f-45e8-b517-5245fcc773d9,e9f5d4ab-8177-46a0-839d-7e7fe0a5cd3d,gracious-jacket,gracious-jacket_v28.parquet,247.6392,24289,2025-10-19T01:59:57.539596Z
ec672821-c183-45bf-b943-4dd73def3153,68b66eaf-8215-40ca-9aad-64364c2c3d2e,likable-ant,likable-ant_v77.parquet,247.6519,24289,2025-10-30T10:47:30.022199Z
ad2d4e7f-e5c2-4844-9bc5-68cc6ffb4663,d5d48f8c-5c01-4cad-8bac-9bdd95c06718,confident-hedgehog,confident-hedgehog_v51.parquet,247.6848,24289,2025-11-30T18:04:14.19306Z
730f3556-9da7-4bfd-a1a7-be1434f07dc7,e81c868f-93fb-429b-9070-9007b6de76c8,bright-lobster,bright-lobster_v67.parquet,247.7183,24289,2025-11-07T10:37:13.170071Z
d2fa3ba6-e19c-411f-a0e3-043b1066ee78,e81c868f-93fb-429b-9070-9007b6de76c8,bright-lobster,bright-lobster_v68.parquet,247.7183,24289,2025-11-07T10:56:53.549867Z
fdc60ab9-9080-41b0-b846-29a09e3b590c,4da5b007-8d7c-4edc-840f-37747e56f1a2,resourceful-beetle,resourceful-beetle_v20.parquet,247.7444,24289,2025-11-18T01:30:44.051582Z
ba0fd135-cd59-4e9a-8699-9a48abdd3039,4da5b007-8d7c-4edc-840f-37747e56f1a2,resourceful-beetle,resourceful-beetle_v12.parquet,247.7523,24289,2025-11-08T06:23:53.32084Z
2d21cf37-1450-4845-ae9d-02101e0c917f,68b66eaf-8215-40ca-9aad-64364c2c3d2e,likable-ant,likable-ant_v16.parquet,247.7705,24289,2025-10-17T19:52:42.684477Z
d45787f9-1eb2-44c3-b48b-d80e481cb8bd,b62b70c8-5615-4b52-a5f0-dba3f9833f90,kindly-garden,kindly-garden_v50.parquet,247.8294,24289,2025-11-28T12:29:59.313357Z
906d2bf5-90a5-4ba1-aaa6-52fa040d8e12,68b66eaf-8215-40ca-9aad-64364c2c3d2e,likable-ant,likable-ant_v250.parquet,247.8312,24289,2025-11-30T11:55:13.340759Z
309d4a47-b0a6-45e3-8eaa-9b8651ae14db,d5d48f8c-5c01-4cad-8bac-9bdd95c06718,confident-hedgehog,confident-hedgehog_v52.parquet,247.8352,24289,2025-11-30T18:39:09.986557Z
5a189d05-83a5-4ae6-ad23-c0dcad9b0f68,68b66eaf-8215-40ca-9aad-64364c2c3d2e,likable-ant,likable-ant_v229.parquet,247.8465,24289,2025-11-28T10:04:53.736204Z
979cb3d5-54eb-4c0a-b571-036cf1add5a5,e81c868f-93fb-429b-9070-9007b6de76c8,bright-lobster,bright-lobster_v43.parquet,247.8468,24289,2025-11-06T11:46:05.729977Z
bb88cde2-45e2-413c-a9b2-9efd482fc423,cf800513-ba74-4229-88c0-36d4e37c8a14,outspoken-tornado,outspoken-tornado_v14.parquet,247.8558,24289,2025-11-26T20:44:00.640186Z
34276449-dd2a-4d91-a6bd-f8aebb1009a4,e81c868f-93fb-429b-9070-9007b6de76c8,bright-lobster,bright-lobster_v93.parquet,247.8608,24289,2025-11-08T15:21:39.056427Z
566d49f3-4c26-4383-9378-dff2de42839f,46837dc7-445a-43e5-b76d-07d48bfb5960,unique-honey,unique-honey_v20.parquet,247.8621,24289,2025-11-22T14:55:16.243687Z
10d21ccd-b3cc-4fcf-a53a-16e0e1b243b6,030a1edd-d392-432f-9609-50011531bbab,zestful-mango,zestful-mango_v28.parquet,247.8719,24289,2025-11-26T23:53:51.980024Z
e751b04b-6cec-47f9-816a-5780e4a90c62,b62b70c8-5615-4b52-a5f0-dba3f9833f90,kindly-garden,kindly-garden_v46.parquet,247.8819,24289,2025-11-28T12:29:59.332158Z
1faf42ca-4b8b-419c-b28c-b5e8808d26d1,68b66eaf-8215-40ca-9aad-64364c2c3d2e,likable-ant,likable-ant_v53.parquet,247.9152,24289,2025-10-27T20:59:52.107681Z
feb7a399-6420-46f8-9633-584572c4355d,4da5b007-8d7c-4edc-840f-37747e56f1a2,resourceful-beetle,resourceful-beetle_v11.parquet,247.9274,24289,2025-11-08T02:49:25.044665Z
f318fd6b-6cea-42cb-a92c-e77f8e8f3f58,68b66eaf-8215-40ca-9aad-64364c2c3d2e,likable-ant,likable-ant_v237.parquet,247.951,24289,2025-11-29T21:43:14.51568Z
a42698c6-0616-4466-a85c-1493926de3ab,68b66eaf-8215-40ca-9aad-64364c2c3d2e,likable-ant,likable-ant_v238.parquet,247.951,24289,2025-11-29T22:05:44.033643Z
820fd28a-94a6-4744-8f6e-3014b3ed5249,b62b70c8-5615-4b52-a5f0-dba3f9833f90,kindly-garden,kindly-garden_v2.parquet,247.9534,24289,2025-11-27T10:50:45.853707Z
8913410f-4eb3-4110-9055-3c5f5eaf8627,0c6a5825-cf0e-42bc-ae40-88a927db1ccc,genuine-zucchini,genuine-zucchini_v10.parquet,248.0912,24289,2025-10-21T17:31:56.451353Z
48321b17-f3c0-41f6-bc6d-16d497f1349a,1463c574-53df-4b62-ac3a-cdf62a216420,wise-watermelon,wise-watermelon_v2.parquet,248.149,24289,2025-10-27T07:56:06.944789Z
6dd1385b-5edb-4fcc-9824-c8df998b9311,68b66eaf-8215-40ca-9aad-64364c2c3d2e,likable-ant,likable-ant_v149.parquet,248.1609,24289,2025-11-19T21:53:39.186657Z
c4cc0216-4a18-4635-b741-9bb5f4e82a30,e81c868f-93fb-429b-9070-9007b6de76c8,bright-lobster,bright-lobster_v91.parquet,248.1668,24289,2025-11-08T14:34:35.002686Z
86524710-4dcb-4517-9e35-8e9ee25cb224,e81c868f-93fb-429b-9070-9007b6de76c8,bright-lobster,bright-lobster_v92.parquet,248.1668,24289,2025-11-08T15:12:43.788887Z
cd5a01e2-7fbe-40a9-b3ed-f1c50fbb76db,606dc3bc-ca68-44a2-960f-2b9d2fb0de66,zesty-raccoon,zesty-raccoon_v61.parquet,248.1866,24289,2025-11-29T21:42:45.442962Z
3e9a9c88-4275-4bff-9548-add5c3141375,cf8d46d2-7d72-4c49-8586-ef4041d44fe6,reliable-jigsaw,reliable-jigsaw_v24.parquet,248.2149,24289,2025-11-02T14:19:23.516839Z
07113019-6b31-46cf-99fd-7a1985643012,68b66eaf-8215-40ca-9aad-64364c2c3d2e,likable-ant,likable-ant_v128.parquet,248.2729,24289,2025-11-15T19:06:29.280432Z
f9ae5eb6-a323-4a83-ae2d-4f1d2ef1c89d,4ad66ed5-9214-49a9-bea4-0e8c6da82d48,amazing-pillow,amazing-pillow_v12.parquet,248.292,24289,2025-10-26T15:11:37.047291Z
1f6d6289-490f-4dc3-b3ef-925f7d79bbb3,68b66eaf-8215-40ca-9aad-64364c2c3d2e,likable-ant,likable-ant_v236.parquet,248.3933,24289,2025-11-29T21:31:54.003678Z
2f806c14-6025-4c6f-b9ce-3f34d8c0292c,68b66eaf-8215-40ca-9aad-64364c2c3d2e,likable-ant,likable-ant_v15.parquet,248.415,24289,2025-10-17T16:30:01.522828Z
9093f02f-b218-4a94-81a5-5059c1250e87,4da5b007-8d7c-4edc-840f-37747e56f1a2,resourceful-beetle,resourceful-beetle_v14.parquet,248.4191,24289,2025-11-12T11:27:23.706575Z
83fa3937-ee69-4519-8b9f-f183769b9335,43842491-2410-450b-92f7-23595ecc6081,unique-quicksand,unique-quicksand_v26.parquet,248.4229,24289,2025-11-02T11:22:52.610001Z
e5b671a9-dedd-420e-b113-bb744cbb4303,68b66eaf-8215-40ca-9aad-64364c2c3d2e,likable-ant,likable-ant_v118.parquet,248.4276,24289,2025-11-06T12:07:36.781083Z
10d1b0e7-cef6-452c-b85d-29fb927ed12b,0fb8ea0a-3880-4639-b056-6829f176b9a8,unique-guitar,unique-guitar_v3.parquet,248.4382,24289,2025-11-09T09:50:15.448999Z
21e95548-48c6-4a3a-a214-cb3f41b90a51,68b66eaf-8215-40ca-9aad-64364c2c3d2e,likable-ant,likable-ant_v121.parquet,248.4514,24289,2025-11-06T14:07:32.055572Z
4cc449b5-d515-43b0-bc5c-c5beca5fde9b,68b66eaf-8215-40ca-9aad-64364c2c3d2e,likable-ant,likable-ant_v7.parquet,248.4944,24289,2025-10-15T02:04:35.532607Z
053c808d-fcc4-44ed-a918-18a7ce96bec4,9d5ed0b1-e1cb-42e6-af50-5b04a0fd961c,incredible-kiwi,incredible-kiwi_v38.parquet,248.532,24289,2025-11-03T08:37:41.778399Z
c6733ef6-5e09-4532-8a05-ca30aa9310e9,e9f5d4ab-8177-46a0-839d-7e7fe0a5cd3d,gracious-jacket,gracious-jacket_v43.parquet,248.6769,24289,2025-10-21T23:01:03.571538Z
843f297c-e314-472d-acb0-6362f3218185,e81c868f-93fb-429b-9070-9007b6de76c8,bright-lobster,bright-lobster_v123.parquet,248.7056,24289,2025-11-12T08:23:47.318308Z
0a61a025-fb52-4159-ae99-9dc1b5bce706,9d5ed0b1-e1cb-42e6-af50-5b04a0fd961c,incredible-kiwi,incredible-kiwi_v36.parquet,248.727,24289,2025-10-30T13:02:39.676206Z
39cab10d-36de-4f2f-be97-d4954fed6185,68b66eaf-8215-40ca-9aad-64364c2c3d2e,likable-ant,likable-ant_v227.parquet,248.7335,24289,2025-11-28T04:52:49.186606Z
32a7a3a4-78f1-4707-b5a2-7f5475132961,4ad66ed5-9214-49a9-bea4-0e8c6da82d48,amazing-pillow,amazing-pillow_v0.parquet,248.7919,24289,2025-10-20T14:23:09.709522Z
00b45c4c-a0cb-4e22-aecf-2d674a04a808,68b66eaf-8215-40ca-9aad-64364c2c3d2e,likable-ant,likable-ant_v9.parquet,248.7947,24289,2025-10-15T09:02:23.331386Z
24301969-7fc3-4e75-8c61-bb3c14a0fce4,e9f5d4ab-8177-46a0-839d-7e7fe0a5cd3d,gracious-jacket,gracious-jacket_v6.parquet,248.8002,24289,2025-10-16T01:22:36.975272Z
65702cb0-6b07-4e10-963a-e36f3a4b8967,0c6a5825-cf0e-42bc-ae40-88a927db1ccc,genuine-zucchini,genuine-zucchini_v13.parquet,248.8313,24289,2025-10-25T20:17:24.661627Z
6c174b5a-8810-402d-abd4-ef3ff4c42d88,b62b70c8-5615-4b52-a5f0-dba3f9833f90,kindly-garden,kindly-garden_v56.parquet,248.8446,24289,2025-11-30T18:13:23.358611Z
9d015b30-8c33-4227-9ee6-850a8e300709,d4380db0-92a4-43c1-b901-4070b1bd5f8b,zippy-telephone,zippy-telephone_v79.parquet,248.8496,24289,2025-11-30T16:43:58.785849Z
5854edb9-169a-4eaa-b8d8-9a5fa24835d5,68b66eaf-8215-40ca-9aad-64364c2c3d2e,likable-ant,likable-ant_v217.parquet,248.851,24289,2025-11-27T15:16:34.283116Z
e65ce585-b175-4b49-9996-14b222d37542,7bcdc1d8-b95f-4751-a037-0f34eb4affa0,honest-rose,honest-rose_v19.parquet,248.862,24289,2025-10-29T17:00:48.344034Z
91f8ac28-5b47-4f3b-985e-fb691f14636f,e81c868f-93fb-429b-9070-9007b6de76c8,bright-lobster,bright-lobster_v39.parquet,248.8638,24289,2025-11-06T11:46:05.631927Z
bc8d91a6-2e70-4eaf-8d43-6286e9a09825,f49e5b88-351c-49a0-8dce-bf4e5f8ef22b,tiny-zeppelin,tiny-zeppelin_v30.parquet,248.8837,24289,2025-11-28T14:38:41.300611Z
cc6acf10-d7ee-4cd8-915b-7f059dce0d9d,8a5be54d-007c-42aa-91bd-4069148dc68c,merry-jacket,merry-jacket_v20.parquet,248.8942,24289,2025-11-30T17:43:41.927482Z
7f6d221b-c5a8-4fb4-b859-0774acaebd80,0fb8ea0a-3880-4639-b056-6829f176b9a8,unique-guitar,unique-guitar_v9.parquet,248.8969,24289,2025-11-09T15:17:43.897112Z
3d6146ce-46ab-4706-b6fa-be7d26b2b89d,46837dc7-445a-43e5-b76d-07d48bfb5960,unique-honey,unique-honey_v22.parquet,248.9286,24289,2025-11-22T16:42:45.829063Z
c342766f-d2ba-4b0a-912d-db5ab957ecda,f49e5b88-351c-49a0-8dce-bf4e5f8ef22b,tiny-zeppelin,tiny-zeppelin_v27.parquet,248.9437,24289,2025-11-28T13:27:13.035563Z
17583509-1473-4cc6-9b60-e696c1bc6657,503514d7-529b-4927-85c2-1c1a97e2b0d5,affectionate-goblin,affectionate-goblin_v3.parquet,248.959,24289,2025-11-23T18:54:15.138123Z
6e9e157f-8fa3-489e-843b-47a7a212d8fb,f49e5b88-351c-49a0-8dce-bf4e5f8ef22b,tiny-zeppelin,tiny-zeppelin_v29.parquet,248.9623,24289,2025-11-28T13:27:13.07844Z
4ffbc15e-6838-4fc1-a79c-d20b2f3eefbd,4da5b007-8d7c-4edc-840f-37747e56f1a2,resourceful-beetle,resourceful-beetle_v43.parquet,248.9717,24289,2025-11-30T19:32:47.318389Z
0d8dc1b4-bd51-46a5-93b6-b0f7f569a0aa,4da5b007-8d7c-4edc-840f-37747e56f1a2,resourceful-beetle,resourceful-beetle_v22.parquet,248.9937,24289,2025-11-19T00:23:52.962181Z
e8c18434-c0d7-4e6a-b336-6c88dc2fcdec,d72b8065-c69b-4d99-873d-bbf484d47d3c,polite-gorilla,polite-gorilla_v2.parquet,249.0323,24289,2025-11-29T23:40:23.97752Z
f007ea2f-82c9-4b4a-b7e4-6df7a9970abe,4da5b007-8d7c-4edc-840f-37747e56f1a2,resourceful-beetle,resourceful-beetle_v13.parquet,249.067,24289,2025-11-12T11:13:56.858365Z
1f173d17-c648-459d-b9b9-4a6176ff66d1,05e93b12-b109-4596-a502-f654422533b5,exuberant-emu,exuberant-emu_v11.parquet,249.0757,24289,2025-11-21T04:33:56.735375Z
4017aefa-311d-4c8e-ad95-aa5a20c734a8,9d5ed0b1-e1cb-42e6-af50-5b04a0fd961c,incredible-kiwi,incredible-kiwi_v14.parquet,249.0947,24289,2025-10-17T13:41:05.359871Z
5d9b1df7-a9f3-4ad8-b7a3-4b002ce6ed4b,b62b70c8-5615-4b52-a5f0-dba3f9833f90,kindly-garden,kindly-garden_v36.parquet,249.1051,24289,2025-11-28T12:29:44.582882Z
8d70f464-95bd-4309-9377-90488fb0f69c,68b66eaf-8215-40ca-9aad-64364c2c3d2e,likable-ant,likable-ant_v162.parquet,249.1456,24289,2025-11-22T20:14:46.080752Z
37251fa7-d036-42ee-bf57-b7205fa0f232,f49e5b88-351c-49a0-8dce-bf4e5f8ef22b,tiny-zeppelin,tiny-zeppelin_v26.parquet,249.1833,24289,2025-11-28T13:27:13.060332Z
95626359-541f-4d11-9ebe-768cb9a5d333,f49e5b88-351c-49a0-8dce-bf4e5f8ef22b,tiny-zeppelin,tiny-zeppelin_v28.parquet,249.1856,24289,2025-11-28T13:27:13.043592Z
d8c2c004-ec9f-4dd9-81d6-82a3dfecbb4e,e81c868f-93fb-429b-9070-9007b6de76c8,bright-lobster,bright-lobster_v72.parquet,249.19,24289,2025-11-07T12:36:12.638895Z
17e9f525-0317-477c-80b7-8c5612479e6e,b62b70c8-5615-4b52-a5f0-dba3f9833f90,kindly-garden,kindly-garden_v47.parquet,249.2606,24289,2025-11-28T12:30:02.618702Z
8c47b166-cfe2-4976-8e32-d054835c3550,d72b8065-c69b-4d99-873d-bbf484d47d3c,polite-gorilla,polite-gorilla_v8.parquet,249.2717,24289,2025-11-30T00:22:21.716257Z
895d21b5-3259-459b-84f1-59773c19f18d,e81c868f-93fb-429b-9070-9007b6de76c8,bright-lobster,bright-lobster_v98.parquet,249.2972,24289,2025-11-09T09:28:17.226175Z
c316efaf-723b-4d0c-ac79-5ed759f78e35,68b66eaf-8215-40ca-9aad-64364c2c3d2e,likable-ant,likable-ant_v215.parquet,249.3733,24289,2025-11-27T14:44:45.842982Z
63a370d7-6c22-424d-b9d8-be968a35b0f5,68b66eaf-8215-40ca-9aad-64364c2c3d2e,likable-ant,likable-ant_v197.parquet,249.3913,24289,2025-11-26T13:58:45.773122Z
db2fdfb5-00c6-46b7-ab1d-2331ec8428c5,68b66eaf-8215-40ca-9aad-64364c2c3d2e,likable-ant,likable-ant_v8.parquet,249.4046,24289,2025-10-15T06:39:23.99883Z
27880196-8e38-4807-9dbd-ae60d767df58,e81c868f-93fb-429b-9070-9007b6de76c8,bright-lobster,bright-lobster_v102.parquet,249.4625,24289,2025-11-10T13:02:12.971329Z
bf29fb10-0f62-4f32-94d4-c919f3dea7d8,503514d7-529b-4927-85c2-1c1a97e2b0d5,affectionate-goblin,affectionate-goblin_v8.parquet,249.4823,24289,2025-11-30T01:05:31.662096Z
6dd59599-45bb-41fc-b3be-6e06e0183ac6,4da5b007-8d7c-4edc-840f-37747e56f1a2,resourceful-beetle,resourceful-beetle_v21.parquet,249.5352,24289,2025-11-19T00:09:54.624495Z
f0644121-e611-4036-a633-2ad0a066d9d4,68b66eaf-8215-40ca-9aad-64364c2c3d2e,likable-ant,likable-ant_v201.parquet,249.5638,24289,2025-11-26T19:24:47.726351Z
19ceac49-5572-4067-8e06-fe2ca2c024ec,b62b70c8-5615-4b52-a5f0-dba3f9833f90,kindly-garden,kindly-garden_v43.parquet,249.6001,24289,2025-11-28T12:29:38.291752Z
dd3ed98b-a8eb-4ef7-80c9-0ae5f17391dd,8a5be54d-007c-42aa-91bd-4069148dc68c,merry-jacket,merry-jacket_v1.parquet,249.6855,24289,2025-11-23T21:59:37.170055Z
6f7dbce3-c4d3-4a05-a84f-75e6f31cf3ad,43842491-2410-450b-92f7-23595ecc6081,unique-quicksand,unique-quicksand_v28.parquet,249.6902,24289,2025-11-02T21:24:22.169122Z
5d9d03b5-f688-424a-bb05-7636997a51fb,68b66eaf-8215-40ca-9aad-64364c2c3d2e,likable-ant,likable-ant_v6.parquet,249.6955,24289,2025-10-14T20:59:35.005281Z
d3eb4d5d-ecf6-4f31-b923-d5c97abad8ea,35e8ea30-0233-4bd0-b81b-42c432a6140b,trustworthy-telephone,trustworthy-telephone_v10.parquet,249.7878,24289,2025-11-27T22:27:50.675649Z
f6321767-8764-4809-9623-b2e4db554641,606dc3bc-ca68-44a2-960f-2b9d2fb0de66,zesty-raccoon,zesty-raccoon_v55.parquet,249.9694,24289,2025-11-29T16:55:19.153373Z
4db62867-5ec8-4e98-a415-fdef4df8905c,9d5ed0b1-e1cb-42e6-af50-5b04a0fd961c,incredible-kiwi,incredible-kiwi_v26.parquet,250.0254,24289,2025-10-24T08:53:54.52063Z
16568f67-9817-45c7-b08c-9007b1a73746,9d5ed0b1-e1cb-42e6-af50-5b04a0fd961c,incredible-kiwi,incredible-kiwi_v34.parquet,250.0254,24289,2025-10-29T08:22:01.243507Z
9946e6aa-320f-4285-ba3e-23704ff1cdc2,7bcdc1d8-b95f-4751-a037-0f34eb4affa0,honest-rose,honest-rose_v20.parquet,250.1742,24289,2025-11-09T21:18:52.141974Z
6d412367-96c2-402b-8b37-a158dd5b87d7,7bcdc1d8-b95f-4751-a037-0f34eb4affa0,honest-rose,honest-rose_v39.parquet,250.1742,24289,2025-11-09T21:28:33.64405Z
65abe001-9fa5-44f3-aa37-e0d6379d1c7e,43842491-2410-450b-92f7-23595ecc6081,unique-quicksand,unique-quicksand_v22.parquet,250.1852,24289,2025-10-31T23:56:44.392054Z
61d2557b-f91c-4df6-a258-e2f082cde2e3,4da5b007-8d7c-4edc-840f-37747e56f1a2,resourceful-beetle,resourceful-beetle_v16.parquet,250.2211,24289,2025-11-12T11:47:39.642576Z
6dbc58b5-b7f3-4202-83da-57e7e2f058c2,b62b70c8-5615-4b52-a5f0-dba3f9833f90,kindly-garden,kindly-garden_v10.parquet,250.2772,24289,2025-11-27T10:50:47.21251Z
5a388991-4229-4a6f-8d0e-97867d64c66b,b62b70c8-5615-4b52-a5f0-dba3f9833f90,kindly-garden,kindly-garden_v42.parquet,250.3037,24289,2025-11-28T12:29:46.623774Z
96a0afe7-1c04-4244-a94d-7652afc45d6d,b62b70c8-5615-4b52-a5f0-dba3f9833f90,kindly-garden,kindly-garden_v4.parquet,250.312,24289,2025-11-27T10:50:45.792757Z
dfedf429-1771-47c4-bb61-23c8d7bd72d1,4da5b007-8d7c-4edc-840f-37747e56f1a2,resourceful-beetle,resourceful-beetle_v19.parquet,250.3496,24289,2025-11-16T15:26:34.600849Z
84d1f84e-7b7c-47f0-96d0-4bb4244e036d,7bcdc1d8-b95f-4751-a037-0f34eb4affa0,honest-rose,honest-rose_v46.parquet,250.4449,24289,2025-11-12T10:38:32.88437Z
5e1c2614-71d8-4984-ad24-5fb63db47bf3,14eeb594-591f-4e44-9aaa-350cbb94afde,resourceful-quiver,resourceful-quiver_v117.parquet,250.5597,24289,2025-11-16T10:27:35.10143Z
3036088f-99ce-4dee-a2c3-f6f896825d54,4da5b007-8d7c-4edc-840f-37747e56f1a2,resourceful-beetle,resourceful-beetle_v15.parquet,250.633,24289,2025-11-12T11:38:45.395647Z
5fdd07d6-903b-490c-b794-bf6c90dee37f,68b66eaf-8215-40ca-9aad-64364c2c3d2e,likable-ant,likable-ant_v199.parquet,250.6978,24289,2025-11-26T14:39:10.890871Z
5635046d-8b37-4dfa-a043-418e0e958433,cf8d46d2-7d72-4c49-8586-ef4041d44fe6,reliable-jigsaw,reliable-jigsaw_v27.parquet,250.7043,24289,2025-11-02T14:24:01.099181Z
e2b20dd3-2894-43f4-b9f0-6b4775a35b22,d4380db0-92a4-43c1-b901-4070b1bd5f8b,zippy-telephone,zippy-telephone_v76.parquet,250.7379,24289,2025-11-30T14:51:46.156025Z
66671264-b2b8-46d6-a2ad-0cef5df3fe80,d5d48f8c-5c01-4cad-8bac-9bdd95c06718,confident-hedgehog,confident-hedgehog_v39.parquet,250.857,24289,2025-11-28T14:02:42.548186Z
b8a44b73-d076-4025-9983-c33bb017a4e9,68b66eaf-8215-40ca-9aad-64364c2c3d2e,likable-ant,likable-ant_v124.parquet,250.982,24289,2025-11-15T00:33:14.749151Z
97b59475-8ade-47f7-b051-2902ed8262ce,68b66eaf-8215-40ca-9aad-64364c2c3d2e,likable-ant,likable-ant_v43.parquet,250.9982,24289,2025-10-23T17:10:19.861806Z
b5cc13cc-841f-4e12-a148-9d2d3d26522b,43842491-2410-450b-92f7-23595ecc6081,unique-quicksand,unique-quicksand_v24.parquet,251.0663,24289,2025-11-01T22:46:11.979472Z
15b517fe-503d-4387-90c3-cf173a152c5b,68b66eaf-8215-40ca-9aad-64364c2c3d2e,likable-ant,likable-ant_v186.parquet,251.0932,24289,2025-11-24T22:50:56.976461Z
2ac0cc41-6091-4e35-b10a-663ed75518c2,030a1edd-d392-432f-9609-50011531bbab,zestful-mango,zestful-mango_v21.parquet,251.1551,24289,2025-11-26T23:29:33.514394Z
02cd171a-31f9-4b42-bcb2-91213dd3c114,d5d48f8c-5c01-4cad-8bac-9bdd95c06718,confident-hedgehog,confident-hedgehog_v41.parquet,251.1594,24289,2025-11-28T21:40:31.471622Z
a7c2be02-7e19-4bd2-8915-d63fdec9280d,68b66eaf-8215-40ca-9aad-64364c2c3d2e,likable-ant,likable-ant_v248.parquet,251.1809,24289,2025-11-30T10:56:37.681977Z
064135f0-307a-43c7-9716-d01ddee6b8e0,b62b70c8-5615-4b52-a5f0-dba3f9833f90,kindly-garden,kindly-garden_v35.parquet,251.2457,24289,2025-11-28T12:29:30.819631Z
ad835b50-02dc-451b-921b-596ad47c2ea3,e9f5d4ab-8177-46a0-839d-7e7fe0a5cd3d,gracious-jacket,gracious-jacket_v10.parquet,251.2647,24289,2025-10-16T13:19:05.896143Z
c2489615-e307-4312-9b17-fc6dfcd33e74,d5d48f8c-5c01-4cad-8bac-9bdd95c06718,confident-hedgehog,confident-hedgehog_v55.parquet,251.2788,24289,2025-11-30T20:57:31.592799Z
7ebb83a1-45b0-499d-978f-85f779b90bfd,d5d48f8c-5c01-4cad-8bac-9bdd95c06718,confident-hedgehog,confident-hedgehog_v59.parquet,251.353,24289,2025-11-30T22:40:00.717875Z
c777c136-6221-4f44-82e4-4d13b443845b,d5d48f8c-5c01-4cad-8bac-9bdd95c06718,confident-hedgehog,confident-hedgehog_v60.parquet,251.353,24289,2025-11-30T23:16:04.368846Z
7c13cefd-f57f-47bd-abd7-c22d0367f97c,503514d7-529b-4927-85c2-1c1a97e2b0d5,affectionate-goblin,affectionate-goblin_v4.parquet,251.4672,24289,2025-11-23T18:56:32.383564Z
7767914e-a880-4cc8-a012-b147c5e87993,43842491-2410-450b-92f7-23595ecc6081,unique-quicksand,unique-quicksand_v21.parquet,251.4714,24289,2025-10-31T18:01:38.494136Z
1971009f-69b6-4cdd-ba4c-94b2e15d831d,cf8d46d2-7d72-4c49-8586-ef4041d44fe6,reliable-jigsaw,reliable-jigsaw_v25.parquet,251.5278,24289,2025-11-02T14:19:23.492657Z
27bc43ec-0615-4975-8511-35c953f44745,cf8d46d2-7d72-4c49-8586-ef4041d44fe6,reliable-jigsaw,reliable-jigsaw_v8.parquet,251.5281,24289,2025-10-16T07:00:49.244691Z
4f928610-b50d-449e-a351-8d36599aa160,68b66eaf-8215-40ca-9aad-64364c2c3d2e,likable-ant,likable-ant_v144.parquet,251.6252,24289,2025-11-21T06:20:15.142372Z
b1a8d28e-1163-4269-9695-6d8e648b8d4e,43842491-2410-450b-92f7-23595ecc6081,unique-quicksand,unique-quicksand_v23.parquet,251.6268,24289,2025-11-01T18:25:31.398062Z
32a96fdf-eca2-4cec-b464-fc74819a09a6,d5d48f8c-5c01-4cad-8bac-9bdd95c06718,confident-hedgehog,confident-hedgehog_v56.parquet,251.7791,24289,2025-11-30T21:18:43.940837Z
9bc61d4e-b991-4db5-aea0-a6b44098dd4f,46837dc7-445a-43e5-b76d-07d48bfb5960,unique-honey,unique-honey_v39.parquet,251.8921,24289,2025-11-26T17:27:25.566647Z
e2630ebb-2717-4bcc-bde2-cfe56ccaf499,d5d48f8c-5c01-4cad-8bac-9bdd95c06718,confident-hedgehog,confident-hedgehog_v57.parquet,251.9024,24289,2025-11-30T21:38:53.815594Z
e1cd9f2a-afc5-49fa-a89e-d2261ebefe2f,d4380db0-92a4-43c1-b901-4070b1bd5f8b,zippy-telephone,zippy-telephone_v28.parquet,251.9349,24289,2025-11-08T03:24:22.642472Z
57216463-20ad-42bb-9809-1be0d6fef531,d4380db0-92a4-43c1-b901-4070b1bd5f8b,zippy-telephone,zippy-telephone_v88.parquet,251.9705,24289,2025-11-30T16:44:40.268796Z
7e298978-9d44-4357-a6fd-420bc5e1dc68,d4380db0-92a4-43c1-b901-4070b1bd5f8b,zippy-telephone,zippy-telephone_v99.parquet,251.9705,24289,2025-11-30T16:45:07.430337Z
5c8290bf-cf49-4b9b-8f4d-7b66e7ccab75,d4380db0-92a4-43c1-b901-4070b1bd5f8b,zippy-telephone,zippy-telephone_v101.parquet,251.9705,24289,2025-11-30T16:45:26.175519Z
b0a70719-d88f-4952-bccc-6e2bfaaaf47b,d4380db0-92a4-43c1-b901-4070b1bd5f8b,zippy-telephone,zippy-telephone_v106.parquet,251.9705,24289,2025-11-30T16:45:57.827434Z
55ab8cf2-409a-42c9-8da5-ca9633a74cff,cf8d46d2-7d72-4c49-8586-ef4041d44fe6,reliable-jigsaw,reliable-jigsaw_v7.parquet,252.0064,24289,2025-10-16T06:51:12.302446Z
f7d75838-1b7b-4a13-ad2a-b6bd4fd77915,d5d48f8c-5c01-4cad-8bac-9bdd95c06718,confident-hedgehog,confident-hedgehog_v58.parquet,252.0118,24289,2025-11-30T22:04:01.849193Z
457d28be-8b8f-46d4-8fc0-35c34e375b61,68b66eaf-8215-40ca-9aad-64364c2c3d2e,likable-ant,likable-ant_v200.parquet,252.0459,24289,2025-11-26T19:15:11.151352Z
ad67518b-4d07-4ace-981a-26d24b6e3ca5,d4380db0-92a4-43c1-b901-4070b1bd5f8b,zippy-telephone,zippy-telephone_v30.parquet,252.0821,24289,2025-11-08T11:32:14.031868Z
3227bc2e-899d-4682-9481-16257b374f28,d4380db0-92a4-43c1-b901-4070b1bd5f8b,zippy-telephone,zippy-telephone_v31.parquet,252.0821,24289,2025-11-08T11:33:51.397994Z
f82e55ba-ff11-4d2d-9ca5-90be74eb2904,4da5b007-8d7c-4edc-840f-37747e56f1a2,resourceful-beetle,resourceful-beetle_v24.parquet,252.1351,24289,2025-11-20T14:17:37.494324Z
a5f80ed4-2f2b-46fd-a6a6-3d0f0e0be107,503514d7-529b-4927-85c2-1c1a97e2b0d5,affectionate-goblin,affectionate-goblin_v6.parquet,252.19,24289,2025-11-23T19:48:23.821585Z
98714f40-045e-426a-b42e-6dbc613e50c0,e81c868f-93fb-429b-9070-9007b6de76c8,bright-lobster,bright-lobster_v31.parquet,252.1923,24289,2025-11-05T14:59:20.018682Z
4e6af69e-4c10-4e4b-91e6-35bdf1fd27ff,46837dc7-445a-43e5-b76d-07d48bfb5960,unique-honey,unique-honey_v40.parquet,252.2687,24289,2025-11-26T23:17:30.544231Z
08a88e91-6b19-4a57-95a0-d5945f81f289,35e8ea30-0233-4bd0-b81b-42c432a6140b,trustworthy-telephone,trustworthy-telephone_v8.parquet,252.4359,24289,2025-11-27T15:19:10.296523Z
55a1694f-d279-4862-88b1-e5869ac7555d,35e8ea30-0233-4bd0-b81b-42c432a6140b,trustworthy-telephone,trustworthy-telephone_v3.parquet,252.5217,24289,2025-11-25T23:46:12.008067Z
d32d3068-1bed-4f2f-a955-2082a4fcf1e7,d5d48f8c-5c01-4cad-8bac-9bdd95c06718,confident-hedgehog,confident-hedgehog_v54.parquet,252.5532,24289,2025-11-30T20:09:46.280064Z
d968d808-0d40-4554-8e7b-44211fda8699,e81c868f-93fb-429b-9070-9007b6de76c8,bright-lobster,bright-lobster_v138.parquet,252.6939,24289,2025-11-12T12:43:28.978123Z
9f04931f-3149-4316-b3ae-874938eb0be1,46837dc7-445a-43e5-b76d-07d48bfb5960,unique-honey,unique-honey_v42.parquet,252.7098,24289,2025-11-27T02:03:23.205979Z
9613a5ce-1eca-4e4f-a590-efa8035b7145,68b66eaf-8215-40ca-9aad-64364c2c3d2e,likable-ant,likable-ant_v76.parquet,252.7464,24289,2025-10-30T10:19:56.35693Z
d6d91351-a327-4753-acef-0e565a2fd78f,68b66eaf-8215-40ca-9aad-64364c2c3d2e,likable-ant,likable-ant_v151.parquet,252.7527,24289,2025-11-22T03:53:49.108996Z
7d941966-e126-4779-9fcb-477be8880f2e,4da5b007-8d7c-4edc-840f-37747e56f1a2,resourceful-beetle,resourceful-beetle_v2.parquet,252.803,24289,2025-11-05T13:52:03.109876Z
70d5e761-0acf-4659-8166-5b51de07ae97,1ecdc902-d28a-4c7f-830f-e007fa2ceb4a,friendly-raccoon,friendly-raccoon_v5.parquet,252.8551,24289,2025-10-28T19:48:12.65139Z
95677691-3237-45ab-a34a-3082ba768d29,d5d48f8c-5c01-4cad-8bac-9bdd95c06718,confident-hedgehog,confident-hedgehog_v28.parquet,252.8641,24289,2025-11-17T01:38:30.089191Z
90b4378d-d9f4-4aed-a8ae-e110287dea2b,68b66eaf-8215-40ca-9aad-64364c2c3d2e,likable-ant,likable-ant_v54.parquet,252.9097,24289,2025-10-27T22:13:51.024154Z
a0342b97-f376-404a-9c4b-c9a7b5f1fbdf,ea6be75a-6be4-4f68-90ab-5dca51e94d6e,organized-kangaroo,organized-kangaroo_v12.parquet,253.1035,24289,2025-10-21T20:10:55.189524Z
7a51ac1c-56b1-4b30-bea8-ab185cf190a3,606dc3bc-ca68-44a2-960f-2b9d2fb0de66,zesty-raccoon,zesty-raccoon_v15.parquet,253.1384,24289,2025-11-27T08:27:56.836766Z
5dea9a40-2d28-4bbd-96cb-7ba0b91a75da,d4380db0-92a4-43c1-b901-4070b1bd5f8b,zippy-telephone,zippy-telephone_v20.parquet,253.1492,24289,2025-11-07T15:55:45.78152Z
29ba1e52-68e8-4c36-b957-cfa4c5dc5857,d4380db0-92a4-43c1-b901-4070b1bd5f8b,zippy-telephone,zippy-telephone_v21.parquet,253.2008,24289,2025-11-07T17:04:12.919611Z
d913327a-7841-4727-9ec8-a59d24d55590,68b66eaf-8215-40ca-9aad-64364c2c3d2e,likable-ant,likable-ant_v211.parquet,253.2054,24289,2025-11-27T14:14:57.835109Z
cb330497-269b-452d-b707-8b2bd306c365,4da5b007-8d7c-4edc-840f-37747e56f1a2,resourceful-beetle,resourceful-beetle_v7.parquet,253.3236,24289,2025-11-05T20:08:37.336914Z
b5bc9c3f-ede1-465c-ae2b-1b65a0819d4a,b62b70c8-5615-4b52-a5f0-dba3f9833f90,kindly-garden,kindly-garden_v7.parquet,253.3629,24289,2025-11-27T10:50:49.83775Z
af72b612-db27-4a96-aa19-a9358ea0b44f,cf800513-ba74-4229-88c0-36d4e37c8a14,outspoken-tornado,outspoken-tornado_v5.parquet,253.3667,24289,2025-11-15T16:26:35.613168Z
055b38b6-c19e-465e-9982-a176567a44f0,68b66eaf-8215-40ca-9aad-64364c2c3d2e,likable-ant,likable-ant_v168.parquet,253.3829,24289,2025-11-22T23:05:12.373042Z
68745db1-fc03-43a7-90a1-387eb10614e5,66d809ba-f439-448c-a4ef-6bf32b263ac5,confident-insect,confident-insect_v3.parquet,253.3934,24289,2025-11-09T13:21:56.006008Z
c8054aa7-a053-4e81-b839-58f8caae9d5f,29dabcd6-5a77-466a-8894-b6055fe45569,sincere-glacier,sincere-glacier_v0.parquet,253.414,24289,2025-11-23T16:27:35.234173Z
eb9ab008-5292-42e3-b7e2-e0421607dbba,4ad66ed5-9214-49a9-bea4-0e8c6da82d48,amazing-pillow,amazing-pillow_v2.parquet,253.4443,24289,2025-10-24T10:51:50.05073Z
dcdce81d-68d2-4d77-a99b-317f8beaab50,4ad66ed5-9214-49a9-bea4-0e8c6da82d48,amazing-pillow,amazing-pillow_v3.parquet,253.4443,24289,2025-10-24T11:03:04.361004Z
3aebf1bb-8f39-496e-9976-9dc011201c9a,4ad66ed5-9214-49a9-bea4-0e8c6da82d48,amazing-pillow,amazing-pillow_v4.parquet,253.4443,24289,2025-10-24T11:04:47.894803Z
1ab5fa80-d1d6-465f-b0d0-8b293504dacd,4da5b007-8d7c-4edc-840f-37747e56f1a2,resourceful-beetle,resourceful-beetle_v10.parquet,253.4792,24289,2025-11-06T13:04:56.893136Z
7a4b800a-5913-4742-bf4b-782ae8786851,7bcdc1d8-b95f-4751-a037-0f34eb4affa0,honest-rose,honest-rose_v15.parquet,253.52,24289,2025-10-24T05:21:20.190723Z
e954234f-06e0-451f-8fbd-2936dbeb65cb,0fb8ea0a-3880-4639-b056-6829f176b9a8,unique-guitar,unique-guitar_v6.parquet,253.5334,24289,2025-11-09T10:51:32.060272Z
adeccd41-5223-4b3f-b9e3-5aaa6b2e0b81,606dc3bc-ca68-44a2-960f-2b9d2fb0de66,zesty-raccoon,zesty-raccoon_v50.parquet,253.5337,24289,2025-11-29T14:02:42.03885Z
9ca53e57-c8d4-42af-92d4-edd7d9ab6681,4da5b007-8d7c-4edc-840f-37747e56f1a2,resourceful-beetle,resourceful-beetle_v5.parquet,253.618,24289,2025-11-05T17:50:46.459349Z
d632ad79-97f8-4b6f-b535-4533a7fa7097,4da5b007-8d7c-4edc-840f-37747e56f1a2,resourceful-beetle,resourceful-beetle_v1.parquet,253.6486,24289,2025-11-05T09:24:10.540914Z
97496de1-0b76-4ebc-9367-f893ca92432e,d5d48f8c-5c01-4cad-8bac-9bdd95c06718,confident-hedgehog,confident-hedgehog_v37.parquet,253.6491,24289,2025-11-27T22:15:26.262657Z
1e98131b-4195-42d4-bfbc-98e8e837e3b1,d5d48f8c-5c01-4cad-8bac-9bdd95c06718,confident-hedgehog,confident-hedgehog_v36.parquet,253.6498,24289,2025-11-27T21:56:22.943404Z
68d1cd83-23de-4b49-99cd-3f06447f8b93,d4380db0-92a4-43c1-b901-4070b1bd5f8b,zippy-telephone,zippy-telephone_v19.parquet,253.69,24289,2025-11-07T14:32:50.511494Z
1f1bf0e5-d924-4fcb-8bec-6bb772e72716,68b66eaf-8215-40ca-9aad-64364c2c3d2e,likable-ant,likable-ant_v233.parquet,253.7411,24289,2025-11-28T21:24:52.624541Z
92efd6da-0d3a-4d5c-abe1-c8d5dc9aa687,68b66eaf-8215-40ca-9aad-64364c2c3d2e,likable-ant,likable-ant_v204.parquet,253.7479,24289,2025-11-26T20:37:23.312932Z
e2bc1985-63d6-4150-909c-d747f591b96e,d4380db0-92a4-43c1-b901-4070b1bd5f8b,zippy-telephone,zippy-telephone_v46.parquet,253.7923,24289,2025-11-16T01:26:54.511953Z
22d0ea3a-38c9-4465-9f11-db0ca1934638,43842491-2410-450b-92f7-23595ecc6081,unique-quicksand,unique-quicksand_v17.parquet,253.8006,24289,2025-10-29T16:00:33.684212Z
a5d6c2b6-adf1-4e74-882f-90e70d92d77c,f49e5b88-351c-49a0-8dce-bf4e5f8ef22b,tiny-zeppelin,tiny-zeppelin_v25.parquet,253.8153,24289,2025-11-27T07:15:47.749505Z
1985b8e1-7d56-47bd-a829-f5f52a3cd709,f49e5b88-351c-49a0-8dce-bf4e5f8ef22b,tiny-zeppelin,tiny-zeppelin_v24.parquet,253.817,24289,2025-11-27T07:11:03.979529Z
02d1bdf6-1500-4bf9-8e31-070ef696da84,f49e5b88-351c-49a0-8dce-bf4e5f8ef22b,tiny-zeppelin,tiny-zeppelin_v16.parquet,253.8314,24289,2025-11-24T09:25:23.06839Z
c16fd5cd-4449-4c08-92ab-1631f3bcceff,4ad66ed5-9214-49a9-bea4-0e8c6da82d48,amazing-pillow,amazing-pillow_v23.parquet,253.8435,24289,2025-10-31T09:45:32.938728Z
da4a5aa1-928f-450c-b2b0-9c6e132f1697,9d5ed0b1-e1cb-42e6-af50-5b04a0fd961c,incredible-kiwi,incredible-kiwi_v16.parquet,253.914,24289,2025-10-18T11:18:05.260487Z
39131d59-8674-40a2-af3c-418e5f60ec40,d5d48f8c-5c01-4cad-8bac-9bdd95c06718,confident-hedgehog,confident-hedgehog_v38.parquet,253.9409,24289,2025-11-28T02:17:13.235726Z
bd40840d-d671-49de-9874-fb8cd6493c34,7bcdc1d8-b95f-4751-a037-0f34eb4affa0,honest-rose,honest-rose_v32.parquet,253.9788,24289,2025-11-03T22:17:02.36916Z
177266d1-9ee4-4cfe-9a09-01daca930350,43842491-2410-450b-92f7-23595ecc6081,unique-quicksand,unique-quicksand_v15.parquet,254.0679,24289,2025-10-29T11:12:48.502998Z
e8426a49-cb96-4407-8dec-56f1d6e13637,b62b70c8-5615-4b52-a5f0-dba3f9833f90,kindly-garden,kindly-garden_v41.parquet,254.1345,24289,2025-11-28T12:29:36.002534Z
27c93f1c-616e-4a0d-a082-b9587dca465b,e81c868f-93fb-429b-9070-9007b6de76c8,bright-lobster,bright-lobster_v59.parquet,254.1731,24289,2025-11-07T09:06:44.187365Z
726d0930-6f31-4b54-aa39-004df6f950e3,d4380db0-92a4-43c1-b901-4070b1bd5f8b,zippy-telephone,zippy-telephone_v45.parquet,254.2311,24289,2025-11-16T01:22:33.706533Z
6f77c8cf-2f22-4412-9012-b9726c3f0fd2,05e93b12-b109-4596-a502-f654422533b5,exuberant-emu,exuberant-emu_v15.parquet,254.2673,24289,2025-11-30T23:41:41.494708Z
be8accdb-36b3-4559-acbc-de8ed3585d5d,68b66eaf-8215-40ca-9aad-64364c2c3d2e,likable-ant,likable-ant_v23.parquet,254.3072,24289,2025-11-08T23:31:11.014027Z
be674783-5ce6-4d05-9ab9-ab691ec8e18d,d5d48f8c-5c01-4cad-8bac-9bdd95c06718,confident-hedgehog,confident-hedgehog_v45.parquet,254.3167,24289,2025-11-29T16:56:33.652107Z
dad28ec4-6a26-469a-8776-257951e0787d,d4380db0-92a4-43c1-b901-4070b1bd5f8b,zippy-telephone,zippy-telephone_v22.parquet,254.4054,24289,2025-11-07T23:09:14.762417Z
70f08323-0712-4823-b08d-c16223e63a4a,d4380db0-92a4-43c1-b901-4070b1bd5f8b,zippy-telephone,zippy-telephone_v23.parquet,254.4054,24289,2025-11-08T00:08:52.953375Z
2034476d-2b3a-4a6a-91e4-41f42a992d7d,606dc3bc-ca68-44a2-960f-2b9d2fb0de66,zesty-raccoon,zesty-raccoon_v40.parquet,254.5036,24289,2025-11-29T05:58:28.260947Z
a2b05e00-05ce-4a51-baf6-7367825dec18,606dc3bc-ca68-44a2-960f-2b9d2fb0de66,zesty-raccoon,zesty-raccoon_v14.parquet,254.5231,24289,2025-11-27T08:14:52.312Z
ec44fc40-849b-43ec-92ff-a03fd82aac33,e81c868f-93fb-429b-9070-9007b6de76c8,bright-lobster,bright-lobster_v89.parquet,254.5705,24289,2025-11-08T13:11:00.731264Z
d5c89c75-2a16-4b35-a6da-951f05ca9f01,68b66eaf-8215-40ca-9aad-64364c2c3d2e,likable-ant,likable-ant_v91.parquet,254.6547,24289,2025-11-01T22:24:42.474988Z
f7e8b180-71a2-4b76-ac2c-1251a713ffdb,1463c574-53df-4b62-ac3a-cdf62a216420,wise-watermelon,wise-watermelon_v1.parquet,254.6574,24289,2025-10-26T20:06:04.334893Z
12c19369-7fd5-4ad0-882a-4bfd76eaefcc,4ad66ed5-9214-49a9-bea4-0e8c6da82d48,amazing-pillow,amazing-pillow_v9.parquet,254.7089,24289,2025-10-24T15:07:47.309197Z
6f956d75-8bd0-45bf-95ad-818f97d617f7,d4380db0-92a4-43c1-b901-4070b1bd5f8b,zippy-telephone,zippy-telephone_v18.parquet,254.729,24289,2025-11-07T13:40:01.685064Z
ea0dc3a4-7d05-4c4e-b2c0-0773f7c7bc3b,b62b70c8-5615-4b52-a5f0-dba3f9833f90,kindly-garden,kindly-garden_v44.parquet,254.7409,24289,2025-11-28T12:29:51.723061Z
99553221-6ce9-44c5-8ddd-a041765276a1,68b66eaf-8215-40ca-9aad-64364c2c3d2e,likable-ant,likable-ant_v234.parquet,254.7838,24289,2025-11-28T21:54:37.238705Z
a2b785a4-a420-44db-b10b-b67038b06b6d,b62b70c8-5615-4b52-a5f0-dba3f9833f90,kindly-garden,kindly-garden_v61.parquet,254.7905,24289,2025-11-30T20:30:22.681483Z
3fa35aeb-dd53-4eae-b9df-4533ecfec5c2,d4380db0-92a4-43c1-b901-4070b1bd5f8b,zippy-telephone,zippy-telephone_v12.parquet,254.7931,24289,2025-11-07T07:02:12.724292Z
07ef0281-a316-48d6-9024-39979ff05fda,68b66eaf-8215-40ca-9aad-64364c2c3d2e,likable-ant,likable-ant_v185.parquet,254.8089,24289,2025-11-24T20:06:58.45433Z
ffacedea-dd92-4c42-b579-ab2a41111332,43842491-2410-450b-92f7-23595ecc6081,unique-quicksand,unique-quicksand_v14.parquet,254.8592,24289,2025-10-27T21:37:54.52858Z
63161c6f-2050-489b-86da-0119e73bcd54,35e8ea30-0233-4bd0-b81b-42c432a6140b,trustworthy-telephone,trustworthy-telephone_v1.parquet,254.8594,24289,2025-11-25T22:38:49.632722Z
8cf665f2-ec8e-4d30-ac1d-027df42a469f,4ad66ed5-9214-49a9-bea4-0e8c6da82d48,amazing-pillow,amazing-pillow_v8.parquet,254.9046,24289,2025-10-24T15:00:45.502326Z
6ce8ebf1-2016-4a90-8fca-79650528e97c,e9f5d4ab-8177-46a0-839d-7e7fe0a5cd3d,gracious-jacket,gracious-jacket_v27.parquet,254.9127,24289,2025-10-19T01:54:31.570739Z
ad47b655-c541-4e4a-a77c-9b617779e1ab,f49e5b88-351c-49a0-8dce-bf4e5f8ef22b,tiny-zeppelin,tiny-zeppelin_v22.parquet,255.0074,24289,2025-11-24T15:01:22.205483Z
426690e8-f9a3-4f75-9cc5-0bb6ae4f247c,d4380db0-92a4-43c1-b901-4070b1bd5f8b,zippy-telephone,zippy-telephone_v25.parquet,255.0319,24289,2025-11-08T01:41:25.116242Z
5d57f28e-68e2-4be3-9008-6587397b612c,4e534bf9-644c-4c1a-8043-eeceaa76d67f,outgoing-orange,outgoing-orange_v1.parquet,255.0439,24289,2025-11-05T15:41:12.804231Z
0234041e-ac36-4c7a-9708-8a1360e5b3c6,68b66eaf-8215-40ca-9aad-64364c2c3d2e,likable-ant,likable-ant_v232.parquet,255.0668,24289,2025-11-28T19:55:17.811892Z
be0e149d-3bfb-41b9-b6f2-a30f60fbeaa6,68b66eaf-8215-40ca-9aad-64364c2c3d2e,likable-ant,likable-ant_v60.parquet,255.0975,24289,2025-10-29T18:37:54.943471Z
a20db640-908f-45e3-947c-f11a8de1407a,68b66eaf-8215-40ca-9aad-64364c2c3d2e,likable-ant,likable-ant_v61.parquet,255.0975,24289,2025-10-29T18:50:50.970409Z
d35fd17e-7d50-4e4d-a57c-bbb9bb83a1c4,14eeb594-591f-4e44-9aaa-350cbb94afde,resourceful-quiver,resourceful-quiver_v84.parquet,255.1636,24289,2025-11-12T14:51:31.966648Z
a042f3a3-aaa4-4a95-b29a-b61210a43242,d5d48f8c-5c01-4cad-8bac-9bdd95c06718,confident-hedgehog,confident-hedgehog_v27.parquet,255.243,24289,2025-11-17T01:09:16.224809Z
45fca8aa-54cb-4cbd-b58d-4bee5e509e4c,e81c868f-93fb-429b-9070-9007b6de76c8,bright-lobster,bright-lobster_v70.parquet,255.2765,24289,2025-11-07T12:24:00.451159Z
b5a38803-9a4f-4aff-b9ab-bdd9d044a556,d4380db0-92a4-43c1-b901-4070b1bd5f8b,zippy-telephone,zippy-telephone_v10.parquet,255.3031,24289,2025-11-06T22:26:17.631778Z
b24caa73-6b56-427d-a640-e60909426adb,68b66eaf-8215-40ca-9aad-64364c2c3d2e,likable-ant,likable-ant_v125.parquet,255.3484,24289,2025-11-15T01:14:16.834648Z
d8114653-ffba-474b-8a5b-fdb5d4e461d1,68b66eaf-8215-40ca-9aad-64364c2c3d2e,likable-ant,likable-ant_v97.parquet,255.4027,24289,2025-11-03T00:23:04.09605Z
a6111dda-2054-4881-844a-f7689e700c4b,d4380db0-92a4-43c1-b901-4070b1bd5f8b,zippy-telephone,zippy-telephone_v54.parquet,255.4116,24289,2025-11-21T13:01:28.574859Z
7d043fdd-d730-4715-ab2d-3f8968975c0d,606dc3bc-ca68-44a2-960f-2b9d2fb0de66,zesty-raccoon,zesty-raccoon_v43.parquet,255.4211,24289,2025-11-29T08:18:40.635384Z
cdd1bee7-c311-4cbe-8797-941f12d231f6,5b9da4aa-d1e8-44dd-a5a5-ff518b63d0d7,nurturing-utensil,nurturing-utensil_v6.parquet,255.4212,24289,2025-10-21T08:56:03.788536Z
bda642e2-030f-4479-ab4a-beab817262f4,f49e5b88-351c-49a0-8dce-bf4e5f8ef22b,tiny-zeppelin,tiny-zeppelin_v21.parquet,255.4422,24289,2025-11-24T14:52:34.269624Z
a4a4d216-4247-47a5-8137-56ddb8ea0e87,d4380db0-92a4-43c1-b901-4070b1bd5f8b,zippy-telephone,zippy-telephone_v11.parquet,255.4884,24289,2025-11-07T04:37:42.130237Z
4eeb267c-86c2-4976-82da-4b08ffd765b9,66d809ba-f439-448c-a4ef-6bf32b263ac5,confident-insect,confident-insect_v21.parquet,255.5375,24289,2025-11-30T13:30:58.84216Z
327ece8f-5493-46fb-a873-7d5884b5b487,d4380db0-92a4-43c1-b901-4070b1bd5f8b,zippy-telephone,zippy-telephone_v24.parquet,255.5503,24289,2025-11-08T01:21:16.213209Z
46315356-a8cc-4821-88cf-393f1b5fa275,4ad66ed5-9214-49a9-bea4-0e8c6da82d48,amazing-pillow,amazing-pillow_v6.parquet,255.5616,24289,2025-10-24T12:19:46.118765Z
838ce4ad-09b7-41d6-8c8a-05116374b597,43842491-2410-450b-92f7-23595ecc6081,unique-quicksand,unique-quicksand_v18.parquet,255.5981,24289,2025-10-29T18:19:27.703539Z
9f68d83f-b195-4c85-b216-3a7295d7374f,5b9da4aa-d1e8-44dd-a5a5-ff518b63d0d7,nurturing-utensil,nurturing-utensil_v7.parquet,255.609,24289,2025-10-21T09:09:42.470199Z
11321923-1ad0-4275-982f-ef05ab436201,68b66eaf-8215-40ca-9aad-64364c2c3d2e,likable-ant,likable-ant_v25.parquet,255.611,24289,2025-11-08T23:31:17.946951Z
ddbbf26d-7e58-49b9-b8f9-6c4a63af2cf1,68b66eaf-8215-40ca-9aad-64364c2c3d2e,likable-ant,likable-ant_v12.parquet,255.6338,24289,2025-10-15T11:54:25.182964Z
56c043d2-d240-4c7f-b4e9-93750cef6c9a,e81c868f-93fb-429b-9070-9007b6de76c8,bright-lobster,bright-lobster_v22.parquet,255.7216,24289,2025-11-05T10:13:33.578552Z
ccd03db3-506e-448a-9130-d4e1c93a887e,68b66eaf-8215-40ca-9aad-64364c2c3d2e,likable-ant,likable-ant_v163.parquet,255.7335,24289,2025-11-22T20:14:57.923719Z
25c8c973-026d-47ae-bb9e-b75e8605e337,4ad66ed5-9214-49a9-bea4-0e8c6da82d48,amazing-pillow,amazing-pillow_v7.parquet,255.7398,24289,2025-10-24T12:23:26.892763Z
743e68aa-c18a-42fc-95e9-c53701bb0cb3,4ad66ed5-9214-49a9-bea4-0e8c6da82d48,amazing-pillow,amazing-pillow_v5.parquet,255.9308,24289,2025-10-24T11:29:15.169118Z
cf73fa99-85f1-4064-a41e-ae3130c2fc34,43842491-2410-450b-92f7-23595ecc6081,unique-quicksand,unique-quicksand_v27.parquet,256.0027,24289,2025-11-02T21:01:45.88952Z
3dca2c7e-a17b-4fb8-a6ed-ddc8fe62a2d9,e9f5d4ab-8177-46a0-839d-7e7fe0a5cd3d,gracious-jacket,gracious-jacket_v1.parquet,256.0697,24289,2025-10-14T13:07:06.285966Z
383ccf6c-998f-4c6d-a4f6-20a23e9027ef,b62b70c8-5615-4b52-a5f0-dba3f9833f90,kindly-garden,kindly-garden_v52.parquet,256.0959,24289,2025-11-30T18:12:49.616577Z
db54985a-474a-4f08-9905-e66f4d4176f0,b62b70c8-5615-4b52-a5f0-dba3f9833f90,kindly-garden,kindly-garden_v45.parquet,256.132,24289,2025-11-28T12:29:40.204797Z
f0872b7c-a13d-4376-84d0-980e56ed64cc,606dc3bc-ca68-44a2-960f-2b9d2fb0de66,zesty-raccoon,zesty-raccoon_v16.parquet,256.1551,24289,2025-11-27T10:12:30.092594Z
f1958f2e-03fd-4d63-9a3d-a72c811511bd,68b66eaf-8215-40ca-9aad-64364c2c3d2e,likable-ant,likable-ant_v143.parquet,256.2228,24289,2025-11-19T21:53:36.090957Z
96bbb2cb-feb5-486e-8259-febf8b460631,cf800513-ba74-4229-88c0-36d4e37c8a14,outspoken-tornado,outspoken-tornado_v2.parquet,256.2298,24289,2025-11-12T22:06:52.718051Z
39c1fdeb-a636-4d4a-85ec-cba4f4b45c3e,7bcdc1d8-b95f-4751-a037-0f34eb4affa0,honest-rose,honest-rose_v18.parquet,256.2347,24289,2025-10-29T13:16:57.563967Z
a3671e22-4872-4450-8672-e53bf5c53e2c,b62b70c8-5615-4b52-a5f0-dba3f9833f90,kindly-garden,kindly-garden_v34.parquet,256.2796,24289,2025-11-28T12:29:29.920897Z
6578c69c-9e43-4192-ad3b-c74cef3ddba9,b62b70c8-5615-4b52-a5f0-dba3f9833f90,kindly-garden,kindly-garden_v49.parquet,256.305,24289,2025-11-28T12:30:02.657526Z
6570e917-6af4-44cd-a32f-7a9cb9c4792f,4da5b007-8d7c-4edc-840f-37747e56f1a2,resourceful-beetle,resourceful-beetle_v9.parquet,256.3171,24289,2025-11-06T12:45:12.203238Z
e2749c2b-3b41-4412-8657-11c5f1fcec21,0fb8ea0a-3880-4639-b056-6829f176b9a8,unique-guitar,unique-guitar_v7.parquet,256.3522,24289,2025-11-09T11:25:50.027805Z
cd296810-d79e-4552-b29d-d895d583449f,66d809ba-f439-448c-a4ef-6bf32b263ac5,confident-insect,confident-insect_v10.parquet,256.3602,24289,2025-11-29T02:28:22.561262Z
c63b07bb-7e56-4ab7-aac4-227307aa0cbb,e81c868f-93fb-429b-9070-9007b6de76c8,bright-lobster,bright-lobster_v63.parquet,256.4469,24289,2025-11-07T09:48:29.23399Z
0bc842ec-4f3b-47e7-9a2d-c3211a85aa86,05e93b12-b109-4596-a502-f654422533b5,exuberant-emu,exuberant-emu_v10.parquet,256.4925,24289,2025-11-21T04:31:58.208711Z
a307e475-919f-488c-bdab-ae5a09c73c6f,43842491-2410-450b-92f7-23595ecc6081,unique-quicksand,unique-quicksand_v10.parquet,256.4947,24289,2025-10-26T22:49:50.112373Z
05d5edab-a454-4f88-b001-1528213baebf,43842491-2410-450b-92f7-23595ecc6081,unique-quicksand,unique-quicksand_v12.parquet,256.5051,24289,2025-10-26T23:13:29.344421Z
65df7d98-ced1-415c-9272-01272b221b35,43842491-2410-450b-92f7-23595ecc6081,unique-quicksand,unique-quicksand_v11.parquet,256.5257,24289,2025-10-26T23:03:52.597948Z
b11ca763-6a68-4f74-a180-fc4bb8b04943,d4380db0-92a4-43c1-b901-4070b1bd5f8b,zippy-telephone,zippy-telephone_v32.parquet,256.5727,24289,2025-11-08T15:38:56.654158Z
75563087-b48a-4833-a3df-9270751faf80,d4380db0-92a4-43c1-b901-4070b1bd5f8b,zippy-telephone,zippy-telephone_v55.parquet,256.6645,24289,2025-11-21T13:18:11.565834Z
a0f92ba9-e688-4b55-8f9d-d0c1d8c0653e,68b66eaf-8215-40ca-9aad-64364c2c3d2e,likable-ant,likable-ant_v59.parquet,256.7692,24289,2025-10-29T17:17:48.979535Z
b01ff99f-86df-4656-9c3d-67dd4370dd9c,d5d48f8c-5c01-4cad-8bac-9bdd95c06718,confident-hedgehog,confident-hedgehog_v30.parquet,256.7927,24289,2025-11-17T02:26:21.502608Z
9d90e905-6fa1-4361-8cf3-39ac54814a36,d4380db0-92a4-43c1-b901-4070b1bd5f8b,zippy-telephone,zippy-telephone_v26.parquet,256.8212,24289,2025-11-08T02:19:31.903451Z
b990cc23-6dae-43bb-b0c6-8145c9f9089e,b62b70c8-5615-4b52-a5f0-dba3f9833f90,kindly-garden,kindly-garden_v55.parquet,256.9472,24289,2025-11-30T18:13:21.419406Z
a6944fc1-5a02-45d2-afac-dfc3bf36da52,e81c868f-93fb-429b-9070-9007b6de76c8,bright-lobster,bright-lobster_v61.parquet,256.9539,24289,2025-11-07T09:31:01.831738Z
f0f40250-8512-444c-84f7-c8354717ab17,b62b70c8-5615-4b52-a5f0-dba3f9833f90,kindly-garden,kindly-garden_v48.parquet,256.9905,24289,2025-11-28T12:30:02.670018Z
133a03a1-2143-4a92-be1a-e85a2a5b225c,68b66eaf-8215-40ca-9aad-64364c2c3d2e,likable-ant,likable-ant_v79.parquet,257.0192,24289,2025-10-30T15:24:44.100169Z
a8bfcc1b-3b6e-4ad3-bf25-889ad8fe49c5,606dc3bc-ca68-44a2-960f-2b9d2fb0de66,zesty-raccoon,zesty-raccoon_v46.parquet,257.0876,24289,2025-11-29T09:25:41.84136Z
1947ea7b-d5e9-4700-be12-8082411c7b1b,606dc3bc-ca68-44a2-960f-2b9d2fb0de66,zesty-raccoon,zesty-raccoon_v47.parquet,257.0876,24289,2025-11-29T09:27:28.560008Z
d6297f9e-abf3-41e2-bab9-215c0f17fa83,68b66eaf-8215-40ca-9aad-64364c2c3d2e,likable-ant,likable-ant_v135.parquet,257.1009,24289,2025-11-16T21:09:02.500742Z
6435d2d1-da05-43c0-a14e-edee589f76a8,e079036c-aaa0-4a6a-a95c-95180c163625,hardworking-kiwi,hardworking-kiwi_v2.parquet,257.1482,24289,2025-11-08T21:53:08.195605Z
b5c1ee0a-ebd4-4533-88e1-3e5c5962e6b5,4ad66ed5-9214-49a9-bea4-0e8c6da82d48,amazing-pillow,amazing-pillow_v24.parquet,257.1911,24289,2025-10-31T16:50:56.61213Z
194da4fa-af25-428c-8f2d-fa6a2793acdc,d4380db0-92a4-43c1-b901-4070b1bd5f8b,zippy-telephone,zippy-telephone_v75.parquet,257.305,24289,2025-11-30T14:51:53.899194Z
1cfddee8-ca68-440b-967a-cb9a4724cfeb,66d809ba-f439-448c-a4ef-6bf32b263ac5,confident-insect,confident-insect_v9.parquet,257.3917,24289,2025-11-28T09:34:34.989542Z
145587f6-49a2-4b36-9521-f0766ce934e7,43842491-2410-450b-92f7-23595ecc6081,unique-quicksand,unique-quicksand_v20.parquet,257.4485,24289,2025-10-31T17:42:22.00787Z
70f07969-3e47-40e8-92a3-0cf45247893c,68b66eaf-8215-40ca-9aad-64364c2c3d2e,likable-ant,likable-ant_v205.parquet,257.4564,24289,2025-11-26T20:41:13.754961Z
e84d1073-0edd-473c-88e1-3afa9e721f5f,35e8ea30-0233-4bd0-b81b-42c432a6140b,trustworthy-telephone,trustworthy-telephone_v6.parquet,257.6067,24289,2025-11-26T01:29:47.84335Z
5efc4739-3cc2-45b2-9dc3-29f6b14b19ca,43842491-2410-450b-92f7-23595ecc6081,unique-quicksand,unique-quicksand_v3.parquet,257.6279,24289,2025-10-26T21:26:34.186343Z
639693ba-9dbd-4de8-bfeb-66414c1aaaf4,030a1edd-d392-432f-9609-50011531bbab,zestful-mango,zestful-mango_v15.parquet,257.642,24289,2025-11-23T16:37:33.554254Z
0d57d1d9-1d5a-4303-b24d-370a7cdec31a,43842491-2410-450b-92f7-23595ecc6081,unique-quicksand,unique-quicksand_v13.parquet,257.8543,24289,2025-10-26T23:36:21.161438Z
5a6bc87c-2be0-441c-807d-cb8fec4e141a,f49e5b88-351c-49a0-8dce-bf4e5f8ef22b,tiny-zeppelin,tiny-zeppelin_v18.parquet,257.8652,24289,2025-11-24T14:09:44.572636Z
dc179373-0881-44ad-a49f-2315a60a7817,d5d48f8c-5c01-4cad-8bac-9bdd95c06718,confident-hedgehog,confident-hedgehog_v43.parquet,257.926,24289,2025-11-28T23:47:57.837075Z
92706686-5ac9-4f72-801e-bb404a7b597d,68b66eaf-8215-40ca-9aad-64364c2c3d2e,likable-ant,likable-ant_v98.parquet,257.9432,24289,2025-11-03T00:28:57.37471Z
7c767192-9511-4387-9b48-f9c5d85b2fa3,68b66eaf-8215-40ca-9aad-64364c2c3d2e,likable-ant,likable-ant_v30.parquet,258.0212,24289,2025-10-21T17:39:57.926026Z
6041a9f1-65bd-45cd-9d96-960f90c54a05,f49e5b88-351c-49a0-8dce-bf4e5f8ef22b,tiny-zeppelin,tiny-zeppelin_v6.parquet,258.0629,24289,2025-11-07T08:55:10.121842Z
c2776e6f-8aaf-42c1-9391-3bc495024941,68b66eaf-8215-40ca-9aad-64364c2c3d2e,likable-ant,likable-ant_v33.parquet,258.0674,24289,2025-10-22T10:49:17.316913Z
0ce5e3ea-9847-4b17-a446-23a45300cdfb,f49e5b88-351c-49a0-8dce-bf4e5f8ef22b,tiny-zeppelin,tiny-zeppelin_v5.parquet,258.0933,24289,2025-11-07T08:50:19.596176Z
0b7123b7-d556-4d1f-b72b-53748fa7b55e,030a1edd-d392-432f-9609-50011531bbab,zestful-mango,zestful-mango_v8.parquet,258.1093,24289,2025-11-03T08:55:23.544295Z
f6040b8a-a2a1-4fdb-a06a-a6dbb2249212,503514d7-529b-4927-85c2-1c1a97e2b0d5,affectionate-goblin,affectionate-goblin_v9.parquet,258.1215,24289,2025-11-30T01:19:06.590212Z
d3e67816-f319-4573-927e-8ef8f2adc436,d4380db0-92a4-43c1-b901-4070b1bd5f8b,zippy-telephone,zippy-telephone_v98.parquet,258.1825,24289,2025-11-30T16:44:50.134385Z
7b9645d5-2497-4843-836f-6aecfebd2bdd,5b9da4aa-d1e8-44dd-a5a5-ff518b63d0d7,nurturing-utensil,nurturing-utensil_v5.parquet,258.3408,24289,2025-10-20T20:06:14.828996Z
cade3290-9c33-4c00-b3fb-f43cc9509a5f,46837dc7-445a-43e5-b76d-07d48bfb5960,unique-honey,unique-honey_v38.parquet,258.3432,24289,2025-11-26T14:13:45.805782Z
86ede884-ae28-4d9e-b7ee-140c923f0590,e81c868f-93fb-429b-9070-9007b6de76c8,bright-lobster,bright-lobster_v58.parquet,258.4084,24289,2025-11-07T08:33:32.394647Z
24d69f70-6101-42e3-aaee-2114a1e2e8d0,d4380db0-92a4-43c1-b901-4070b1bd5f8b,zippy-telephone,zippy-telephone_v84.parquet,258.4758,24289,2025-11-30T16:44:19.600242Z
5dfa95bd-f22c-4e30-97f8-2b7c29b59062,ea6be75a-6be4-4f68-90ab-5dca51e94d6e,organized-kangaroo,organized-kangaroo_v15.parquet,258.504,24289,2025-10-29T22:10:03.241449Z
0d5df4d7-bca9-4444-bd61-75d4f5a7ee7b,46837dc7-445a-43e5-b76d-07d48bfb5960,unique-honey,unique-honey_v18.parquet,258.5171,24289,2025-11-20T20:02:03.325796Z
287cec86-da8d-4237-ba88-ce04e9ffa16d,14eeb594-591f-4e44-9aaa-350cbb94afde,resourceful-quiver,resourceful-quiver_v96.parquet,258.5735,24289,2025-11-13T09:30:23.106305Z
7f57f1d1-cdf4-496f-b8c3-61bc688206c2,05e93b12-b109-4596-a502-f654422533b5,exuberant-emu,exuberant-emu_v9.parquet,258.6027,24289,2025-11-21T04:30:21.103898Z
8a218870-51d1-46c5-9d17-7794098b5ef6,d4380db0-92a4-43c1-b901-4070b1bd5f8b,zippy-telephone,zippy-telephone_v105.parquet,258.6258,24289,2025-11-30T16:45:53.153425Z
3109dab9-8441-4eb9-9eda-7541b9d30819,f49e5b88-351c-49a0-8dce-bf4e5f8ef22b,tiny-zeppelin,tiny-zeppelin_v19.parquet,258.6415,24289,2025-11-24T14:26:33.894629Z
add3167c-ccee-496f-805b-52c13567f1b1,e81c868f-93fb-429b-9070-9007b6de76c8,bright-lobster,bright-lobster_v69.parquet,258.6666,24289,2025-11-07T11:00:21.741655Z
e8e706ea-f5eb-44bc-8623-429e17c4456d,43842491-2410-450b-92f7-23595ecc6081,unique-quicksand,unique-quicksand_v9.parquet,258.695,24289,2025-10-26T22:50:15.527086Z
929b2009-ae1e-4b75-99f2-6f0dbd8d1e7e,f49e5b88-351c-49a0-8dce-bf4e5f8ef22b,tiny-zeppelin,tiny-zeppelin_v20.parquet,258.7306,24289,2025-11-24T14:41:40.179584Z
293dfc56-e714-4d1f-9d6b-9abe4f6c8554,7bcdc1d8-b95f-4751-a037-0f34eb4affa0,honest-rose,honest-rose_v48.parquet,258.855,24289,2025-11-30T18:50:16.971992Z
73ba0328-e610-44cf-bd4c-6a898df2754a,68b66eaf-8215-40ca-9aad-64364c2c3d2e,likable-ant,likable-ant_v28.parquet,258.9529,24289,2025-10-21T17:39:58.822865Z
b76a6ae7-ecf2-41a4-94db-ffea297b2315,d4380db0-92a4-43c1-b901-4070b1bd5f8b,zippy-telephone,zippy-telephone_v97.parquet,258.9558,24289,2025-11-30T16:45:02.300293Z
12c14a5a-d5e7-48e2-8b92-af61220f5c91,606dc3bc-ca68-44a2-960f-2b9d2fb0de66,zesty-raccoon,zesty-raccoon_v51.parquet,259.1598,24289,2025-11-29T15:00:29.417296Z
b91eb40a-720a-4d18-b677-19edcabab0db,68b66eaf-8215-40ca-9aad-64364c2c3d2e,likable-ant,likable-ant_v137.parquet,259.1706,24289,2025-11-26T03:31:25.268553Z
22f2ba1e-d69a-440c-bd55-72294be40846,606dc3bc-ca68-44a2-960f-2b9d2fb0de66,zesty-raccoon,zesty-raccoon_v52.parquet,259.3134,24289,2025-11-29T15:15:02.706559Z
926e5d76-5a28-4dab-911e-939ebbfce243,e147bfe1-15ef-4b63-91cb-3b988b0caa04,inventive-apple,inventive-apple_v3.parquet,259.3655,24289,2025-11-13T14:27:40.897601Z
bed35068-3c5b-49b8-aef0-7d8441ae7673,46837dc7-445a-43e5-b76d-07d48bfb5960,unique-honey,unique-honey_v17.parquet,259.5261,24289,2025-11-20T19:52:21.530455Z
094c2a45-92c7-4bd8-81b4-e8a12a498fc2,d4380db0-92a4-43c1-b901-4070b1bd5f8b,zippy-telephone,zippy-telephone_v56.parquet,259.6384,24289,2025-11-21T14:01:01.617091Z
feae6008-2dea-41d7-b626-15d27481708d,d4380db0-92a4-43c1-b901-4070b1bd5f8b,zippy-telephone,zippy-telephone_v27.parquet,259.7238,24289,2025-11-08T03:08:31.417969Z
c1559798-38a3-43ad-b11b-d051372afcd3,68b66eaf-8215-40ca-9aad-64364c2c3d2e,likable-ant,likable-ant_v13.parquet,259.7547,24289,2025-10-15T12:39:51.01128Z
8aa62b69-d4d4-4e9f-ad73-7cf14e2baded,68b66eaf-8215-40ca-9aad-64364c2c3d2e,likable-ant,likable-ant_v96.parquet,259.7677,24289,2025-11-03T00:16:34.903004Z
7ab14e26-ffc2-4c89-ae96-986a95d4994a,66d809ba-f439-448c-a4ef-6bf32b263ac5,confident-insect,confident-insect_v7.parquet,259.819,24289,2025-11-27T11:12:35.902517Z
400de541-f463-4244-9e5c-4c9c62196c8f,f49e5b88-351c-49a0-8dce-bf4e5f8ef22b,tiny-zeppelin,tiny-zeppelin_v13.parquet,259.8236,24289,2025-11-21T08:15:07.307817Z
189895e8-a4fa-403c-bc88-6d048bc9a9fe,14eeb594-591f-4e44-9aaa-350cbb94afde,resourceful-quiver,resourceful-quiver_v83.parquet,260.0829,24289,2025-11-12T12:20:40.681268Z
c2d7fbaf-c4c9-4da6-8b19-0395f9690247,d4380db0-92a4-43c1-b901-4070b1bd5f8b,zippy-telephone,zippy-telephone_v100.parquet,260.2902,24289,2025-11-30T16:44:52.243945Z
0ef5cab0-87c8-4460-abd1-de7ddb3cfbdf,14eeb594-591f-4e44-9aaa-350cbb94afde,resourceful-quiver,resourceful-quiver_v97.parquet,260.5097,24289,2025-11-13T09:32:06.97815Z
d017bd41-df6f-4ee2-83c4-40cd013288ea,e9f5d4ab-8177-46a0-839d-7e7fe0a5cd3d,gracious-jacket,gracious-jacket_v79.parquet,260.5723,24289,2025-10-28T22:26:19.135945Z
75285024-aed0-42f9-ba2b-177123b41941,d5d48f8c-5c01-4cad-8bac-9bdd95c06718,confident-hedgehog,confident-hedgehog_v26.parquet,260.6593,24289,2025-11-16T22:53:29.376129Z
7b2e2152-f73c-4932-95b8-6fcf94f49c28,b62b70c8-5615-4b52-a5f0-dba3f9833f90,kindly-garden,kindly-garden_v14.parquet,260.7018,24289,2025-11-27T18:48:58.744822Z
226ff9b4-91a3-4be3-be0a-596cce3a7de6,606dc3bc-ca68-44a2-960f-2b9d2fb0de66,zesty-raccoon,zesty-raccoon_v45.parquet,260.7066,24289,2025-11-29T09:07:12.628947Z
edfa8ced-0bc4-4b85-b5bf-1dac6a98628a,05e93b12-b109-4596-a502-f654422533b5,exuberant-emu,exuberant-emu_v2.parquet,260.7233,24289,2025-10-30T00:16:15.167425Z
9e06f844-eadb-4ca5-9ab5-d88b7a591f95,14eeb594-591f-4e44-9aaa-350cbb94afde,resourceful-quiver,resourceful-quiver_v82.parquet,260.7254,24289,2025-11-12T10:00:19.872627Z
51fd6d70-1e0a-41f8-bf69-5ab2958beeb2,b62b70c8-5615-4b52-a5f0-dba3f9833f90,kindly-garden,kindly-garden_v54.parquet,260.7673,24289,2025-11-30T18:13:23.315936Z
43873955-b562-4b4c-bb2f-783a898f15a4,d5d48f8c-5c01-4cad-8bac-9bdd95c06718,confident-hedgehog,confident-hedgehog_v42.parquet,260.8849,24289,2025-11-28T22:20:57.605498Z
ae73a59e-2291-41c6-9de3-6fc46ff20b41,d4380db0-92a4-43c1-b901-4070b1bd5f8b,zippy-telephone,zippy-telephone_v133.parquet,260.8932,24289,2025-11-30T16:52:33.472697Z
3fe97218-0b0d-427e-99b4-6c5b47c65b5f,d4380db0-92a4-43c1-b901-4070b1bd5f8b,zippy-telephone,zippy-telephone_v81.parquet,260.9085,24289,2025-11-30T16:44:16.155849Z
262da92e-ddc4-4420-9960-c8c58d2b86c5,8a5be54d-007c-42aa-91bd-4069148dc68c,merry-jacket,merry-jacket_v8.parquet,260.9788,24289,2025-11-23T22:41:22.216054Z
56e3a1ed-13dd-4750-8197-216b80699852,503514d7-529b-4927-85c2-1c1a97e2b0d5,affectionate-goblin,affectionate-goblin_v12.parquet,260.9902,24289,2025-11-30T08:35:47.838047Z
0f85fe14-c068-476b-bee8-f2146b7b906c,837bfd4e-6da0-473f-9d7e-e6c13f7053e6,zany-waterfall,zany-waterfall_v2.parquet,261.0203,24289,2025-10-21T06:03:52.748477Z
fe716d26-231b-452a-9eeb-4ff8ed5cb6b7,8a5be54d-007c-42aa-91bd-4069148dc68c,merry-jacket,merry-jacket_v9.parquet,261.0213,24289,2025-11-23T22:49:33.59324Z
d8ec3727-1df8-49ba-936a-52a06d760445,e9f5d4ab-8177-46a0-839d-7e7fe0a5cd3d,gracious-jacket,gracious-jacket_v61.parquet,261.3351,24289,2025-10-24T19:42:48.652674Z
6c9c96fa-5fe4-4e5b-b75c-633aa6c0f65b,66d809ba-f439-448c-a4ef-6bf32b263ac5,confident-insect,confident-insect_v19.parquet,261.5059,24289,2025-11-29T11:59:01.635375Z
e25c3a31-0a34-478f-8389-0aac8c40f6b5,606dc3bc-ca68-44a2-960f-2b9d2fb0de66,zesty-raccoon,zesty-raccoon_v54.parquet,261.7967,24289,2025-11-29T15:53:50.247496Z
31f59364-42da-48f4-a2dd-e50b166268d7,68b66eaf-8215-40ca-9aad-64364c2c3d2e,likable-ant,likable-ant_v187.parquet,261.836,24289,2025-11-25T07:56:41.295958Z
4f997bdc-0f3b-4811-b0af-4b5ad03c8a70,c89eae09-04ab-4cd7-8f49-2a149d6507a5,zany-garden,zany-garden_v2.parquet,261.9198,24289,2025-11-03T22:43:50.015497Z
89675ded-8539-4705-aad8-224104410e6d,7bcdc1d8-b95f-4751-a037-0f34eb4affa0,honest-rose,honest-rose_v6.parquet,262.0423,24289,2025-10-19T23:43:13.291805Z
a299f339-625e-4e59-8542-53da5bbc5769,25495961-c63a-4308-8fb6-fcb617306fe6,honorable-yogurt,honorable-yogurt_v3.parquet,262.0494,24289,2025-10-29T15:26:06.443557Z
52fd7b9a-4753-4ed1-84ba-ef0b9b554967,0c6a5825-cf0e-42bc-ae40-88a927db1ccc,genuine-zucchini,genuine-zucchini_v28.parquet,262.1454,24289,2025-11-04T15:17:14.294963Z
792c4098-0290-427e-a772-a6c61bd6999c,4da5b007-8d7c-4edc-840f-37747e56f1a2,resourceful-beetle,resourceful-beetle_v4.parquet,262.2019,24289,2025-11-05T15:33:46.426276Z
51ab889d-9b47-4360-9afd-558886ce26a3,e9f5d4ab-8177-46a0-839d-7e7fe0a5cd3d,gracious-jacket,gracious-jacket_v20.parquet,262.4294,24289,2025-10-16T21:44:13.016579Z
ed5bf698-517a-48ae-9f9b-1115f7cc9a77,e81c868f-93fb-429b-9070-9007b6de76c8,bright-lobster,bright-lobster_v62.parquet,262.4765,24289,2025-11-07T09:44:57.155726Z
d95a0972-ad2f-42c6-ad1e-fc69d314dcf0,0c6a5825-cf0e-42bc-ae40-88a927db1ccc,genuine-zucchini,genuine-zucchini_v12.parquet,262.6715,24289,2025-10-25T20:04:13.586244Z
d79df069-5995-4ad2-a1d6-689069b38994,68b66eaf-8215-40ca-9aad-64364c2c3d2e,likable-ant,likable-ant_v69.parquet,262.7757,24289,2025-10-29T19:03:38.031096Z
7e1d231f-6ea3-48c9-b72b-63d5e5c0e79f,b62b70c8-5615-4b52-a5f0-dba3f9833f90,kindly-garden,kindly-garden_v57.parquet,262.8236,24289,2025-11-30T18:12:59.504777Z
57ae1101-7dc9-4df7-b258-c89c5f83704a,68b66eaf-8215-40ca-9aad-64364c2c3d2e,likable-ant,likable-ant_v138.parquet,262.8335,24289,2025-11-26T03:34:57.039392Z
2399d8c8-5f42-47aa-b559-073265d1b14d,d5d48f8c-5c01-4cad-8bac-9bdd95c06718,confident-hedgehog,confident-hedgehog_v25.parquet,262.8862,24289,2025-11-16T22:36:54.572341Z
d6ecf01c-32c3-4b2a-8a3c-1131282e88d7,d4380db0-92a4-43c1-b901-4070b1bd5f8b,zippy-telephone,zippy-telephone_v9.parquet,263.0588,24289,2025-11-06T20:04:57.544057Z
59643f25-3d40-493d-a6e8-fc65d648dcc6,d4380db0-92a4-43c1-b901-4070b1bd5f8b,zippy-telephone,zippy-telephone_v8.parquet,263.4427,24289,2025-11-06T15:09:53.543144Z
b87a8fc8-27a4-4081-8e56-7474ef5a0a60,14eeb594-591f-4e44-9aaa-350cbb94afde,resourceful-quiver,resourceful-quiver_v81.parquet,263.4909,24289,2025-11-12T09:51:58.681186Z
68b386b2-98f2-4e08-bb9b-efc688b704b1,e9f5d4ab-8177-46a0-839d-7e7fe0a5cd3d,gracious-jacket,gracious-jacket_v3.parquet,263.574,24289,2025-10-15T23:17:57.583974Z
6c5d173a-b9d0-468d-b2c6-be1b4c0d4ec3,35e8ea30-0233-4bd0-b81b-42c432a6140b,trustworthy-telephone,trustworthy-telephone_v2.parquet,263.5763,24289,2025-11-25T23:22:59.996598Z
c5c14c06-157f-46a8-9781-c50792ab3d54,46837dc7-445a-43e5-b76d-07d48bfb5960,unique-honey,unique-honey_v12.parquet,263.6442,24289,2025-11-19T20:47:53.665949Z
6a7fad65-702d-4512-966f-1bec1aa3d77e,05e93b12-b109-4596-a502-f654422533b5,exuberant-emu,exuberant-emu_v8.parquet,263.7122,24289,2025-11-21T04:27:30.814328Z
6871d234-2c47-4ea4-afac-f3048e903095,d4380db0-92a4-43c1-b901-4070b1bd5f8b,zippy-telephone,zippy-telephone_v7.parquet,263.7363,24289,2025-11-06T14:49:50.079034Z
51a59b18-342e-4683-9dd9-96a384b82c5e,25495961-c63a-4308-8fb6-fcb617306fe6,honorable-yogurt,honorable-yogurt_v6.parquet,263.7846,24289,2025-10-29T16:15:35.182521Z
085c47eb-f533-4362-8d8e-01f622556d52,43842491-2410-450b-92f7-23595ecc6081,unique-quicksand,unique-quicksand_v2.parquet,263.8125,24289,2025-10-26T21:18:20.958611Z
4b27509e-a694-471a-bcb4-b7884cd8be8e,46837dc7-445a-43e5-b76d-07d48bfb5960,unique-honey,unique-honey_v13.parquet,263.8563,24289,2025-11-19T21:02:05.446759Z
8215bcb0-5aaa-42bb-a65d-e3e0b0382b57,46837dc7-445a-43e5-b76d-07d48bfb5960,unique-honey,unique-honey_v31.parquet,263.9024,24289,2025-11-24T13:58:28.821245Z
b436d3bb-dd76-46dc-8b89-28a0d63805d3,0fb8ea0a-3880-4639-b056-6829f176b9a8,unique-guitar,unique-guitar_v5.parquet,263.9342,24289,2025-11-09T10:15:43.646403Z
8eced58b-1483-496b-83fc-7674bce82bb8,606dc3bc-ca68-44a2-960f-2b9d2fb0de66,zesty-raccoon,zesty-raccoon_v42.parquet,263.9381,24289,2025-11-29T07:54:20.538287Z
91420937-7831-400c-9844-ff34cae48b59,b654dd9d-f0e2-4e9b-92cd-8077a0d8dd47,charming-pencil,charming-pencil_v3.parquet,264.0358,24289,2025-11-29T19:37:33.984308Z
336c7dbd-e95c-4264-a538-4bdab7b816a4,14eeb594-591f-4e44-9aaa-350cbb94afde,resourceful-quiver,resourceful-quiver_v116.parquet,264.0964,24289,2025-11-16T10:24:44.990645Z
7cd06299-6fb4-4f08-bb99-109c34104256,b62b70c8-5615-4b52-a5f0-dba3f9833f90,kindly-garden,kindly-garden_v53.parquet,264.1006,24289,2025-11-30T18:12:59.508445Z
4b9ec31c-9964-428e-b998-0323e1e6497b,35e8ea30-0233-4bd0-b81b-42c432a6140b,trustworthy-telephone,trustworthy-telephone_v7.parquet,264.168,24289,2025-11-27T15:23:05.373018Z
7c758d24-ddac-4e2c-aebc-2bde6a07abe7,030a1edd-d392-432f-9609-50011531bbab,zestful-mango,zestful-mango_v1.parquet,264.1853,24289,2025-10-23T06:57:57.173093Z
88a42df6-3921-471b-8554-50b338850438,cf800513-ba74-4229-88c0-36d4e37c8a14,outspoken-tornado,outspoken-tornado_v4.parquet,264.1956,24289,2025-11-15T12:50:35.53115Z
1823e02d-a368-49ad-8394-ba04e0ed1ca6,8a5be54d-007c-42aa-91bd-4069148dc68c,merry-jacket,merry-jacket_v11.parquet,264.2517,24289,2025-11-23T23:09:45.130929Z
65227c7d-3041-4a8d-b6de-2d59cceacad7,46837dc7-445a-43e5-b76d-07d48bfb5960,unique-honey,unique-honey_v16.parquet,264.3124,24289,2025-11-20T19:40:27.900788Z
cdc92f17-25e8-4e05-8ce5-4bc274f615ae,8a5be54d-007c-42aa-91bd-4069148dc68c,merry-jacket,merry-jacket_v10.parquet,264.3125,24289,2025-11-23T22:55:53.380827Z
7f4b8419-a3bb-4523-8464-0113bd1142e4,d4380db0-92a4-43c1-b901-4070b1bd5f8b,zippy-telephone,zippy-telephone_v6.parquet,264.338,24289,2025-11-06T14:37:43.083431Z
da92a5fe-754f-4064-b839-b4c9102dd77a,4da5b007-8d7c-4edc-840f-37747e56f1a2,resourceful-beetle,resourceful-beetle_v6.parquet,264.4568,24289,2025-11-05T19:43:45.811539Z
df303218-cd23-4ec8-acd4-8e2592e05683,25495961-c63a-4308-8fb6-fcb617306fe6,honorable-yogurt,honorable-yogurt_v5.parquet,264.4645,24289,2025-10-29T16:11:36.77592Z
78ccaa4a-d9b3-4bac-aa8c-209d2c248616,9d5ed0b1-e1cb-42e6-af50-5b04a0fd961c,incredible-kiwi,incredible-kiwi_v3.parquet,264.6216,24289,2025-10-17T11:34:45.935093Z
8500fab6-763f-458f-94fa-dfde810cdc3b,cf8d46d2-7d72-4c49-8586-ef4041d44fe6,reliable-jigsaw,reliable-jigsaw_v23.parquet,264.659,24289,2025-11-02T14:06:04.892344Z
0402eb1f-3aee-435c-81ee-0158667169ab,1ecdc902-d28a-4c7f-830f-e007fa2ceb4a,friendly-raccoon,friendly-raccoon_v4.parquet,264.7039,24289,2025-10-24T21:47:26.618758Z
bb4a4e8f-cef2-490d-820b-a4ba41da3560,1ecdc902-d28a-4c7f-830f-e007fa2ceb4a,friendly-raccoon,friendly-raccoon_v3.parquet,264.7105,24289,2025-10-24T16:09:56.166416Z
6712fd3e-9887-48b3-b207-48ce40e81079,46837dc7-445a-43e5-b76d-07d48bfb5960,unique-honey,unique-honey_v14.parquet,264.7735,24289,2025-11-19T21:14:50.569606Z
c61dc0ae-ddfa-4fcb-8be4-c85d8478f8e9,4da5b007-8d7c-4edc-840f-37747e56f1a2,resourceful-beetle,resourceful-beetle_v8.parquet,264.8374,24289,2025-11-05T20:33:07.026776Z
262a0930-d190-4558-90b0-50c639a13aaf,68b66eaf-8215-40ca-9aad-64364c2c3d2e,likable-ant,likable-ant_v116.parquet,265.0096,24289,2025-11-05T10:31:53.196286Z
2bc71abf-534c-463a-84ab-8245298fba51,7bcdc1d8-b95f-4751-a037-0f34eb4affa0,honest-rose,honest-rose_v14.parquet,265.0369,24289,2025-10-22T07:05:44.333961Z
c1326704-ae18-469b-b4ac-997766b80684,d4380db0-92a4-43c1-b901-4070b1bd5f8b,zippy-telephone,zippy-telephone_v5.parquet,265.1334,24289,2025-11-06T14:13:11.454158Z
79889c70-0aae-4755-9ccb-99411a566ef2,66d809ba-f439-448c-a4ef-6bf32b263ac5,confident-insect,confident-insect_v17.parquet,265.152,24289,2025-11-29T07:44:51.204732Z
0a503f99-97b4-4bc6-8c9d-9541f77cbb68,4ad66ed5-9214-49a9-bea4-0e8c6da82d48,amazing-pillow,amazing-pillow_v1.parquet,265.3098,24289,2025-10-23T21:23:46.466363Z
e64d7a82-8fb8-4377-a675-b40c4e1ca80d,b62b70c8-5615-4b52-a5f0-dba3f9833f90,kindly-garden,kindly-garden_v5.parquet,265.3222,24289,2025-11-27T10:50:43.418747Z
e77831a8-d49c-4f05-8656-40e073e6fc54,68b66eaf-8215-40ca-9aad-64364c2c3d2e,likable-ant,likable-ant_v27.parquet,265.4182,24289,2025-10-21T17:27:46.171876Z
21df1356-47d8-404c-ac83-57c0e984d824,68b66eaf-8215-40ca-9aad-64364c2c3d2e,likable-ant,likable-ant_v31.parquet,265.4182,24289,2025-10-21T17:53:47.98424Z
3968ffdb-9345-443f-b5dc-3b8f51a17aa8,606dc3bc-ca68-44a2-960f-2b9d2fb0de66,zesty-raccoon,zesty-raccoon_v44.parquet,265.4518,24289,2025-11-29T12:19:04.24302Z
5be0551b-3d30-4521-81df-c39bef843064,606dc3bc-ca68-44a2-960f-2b9d2fb0de66,zesty-raccoon,zesty-raccoon_v49.parquet,265.4518,24289,2025-11-29T12:20:24.449034Z
587031a5-d24d-489f-896a-f6a37fceefa0,606dc3bc-ca68-44a2-960f-2b9d2fb0de66,zesty-raccoon,zesty-raccoon_v13.parquet,265.477,24289,2025-11-27T06:05:22.381099Z
cfefa403-48a0-4beb-8bbe-c610389dddad,25495961-c63a-4308-8fb6-fcb617306fe6,honorable-yogurt,honorable-yogurt_v8.parquet,265.498,24289,2025-10-30T18:03:41.109878Z
f6f1c8b6-4e5c-4604-ae4d-17b89773473f,030a1edd-d392-432f-9609-50011531bbab,zestful-mango,zestful-mango_v4.parquet,265.5722,24289,2025-10-24T12:20:40.078137Z
cdfe59b6-8d7f-4496-9e3a-a813a733aa16,14eeb594-591f-4e44-9aaa-350cbb94afde,resourceful-quiver,resourceful-quiver_v133.parquet,265.5916,24289,2025-11-21T11:04:28.096062Z
fe42b45f-458b-46f1-a522-27d135022931,68b66eaf-8215-40ca-9aad-64364c2c3d2e,likable-ant,likable-ant_v47.parquet,265.8038,24289,2025-10-26T10:56:02.05486Z
8bfb79be-23a5-4980-8bc0-99caecaae4e8,d5d48f8c-5c01-4cad-8bac-9bdd95c06718,confident-hedgehog,confident-hedgehog_v24.parquet,265.8855,24289,2025-11-16T22:18:48.848342Z
53b48c6a-a2ce-4d4b-a014-9a2a993d824a,606dc3bc-ca68-44a2-960f-2b9d2fb0de66,zesty-raccoon,zesty-raccoon_v48.parquet,265.9691,24289,2025-11-29T09:33:47.508892Z
77e78995-3baf-40ab-a608-5e5dc8ac6311,05e93b12-b109-4596-a502-f654422533b5,exuberant-emu,exuberant-emu_v14.parquet,266.0193,24289,2025-11-21T18:07:52.637619Z
ffb5c744-367a-4b0d-833c-9a3f79cf9a7d,66d809ba-f439-448c-a4ef-6bf32b263ac5,confident-insect,confident-insect_v18.parquet,266.0703,24289,2025-11-29T08:06:04.763943Z
5d2f5980-b2a9-49bd-b93c-949724fd57d1,5b9da4aa-d1e8-44dd-a5a5-ff518b63d0d7,nurturing-utensil,nurturing-utensil_v4.parquet,266.0911,24289,2025-10-16T22:22:32.282194Z
9e982ff9-2d4d-4940-b63d-52d66931c92c,68b66eaf-8215-40ca-9aad-64364c2c3d2e,likable-ant,likable-ant_v239.parquet,266.095,24289,2025-11-30T00:39:39.685964Z
68aa68b4-5cdf-418a-ac08-1a3c9ec69a49,29dabcd6-5a77-466a-8894-b6055fe45569,sincere-glacier,sincere-glacier_v8.parquet,266.1073,24289,2025-11-24T21:30:55.237366Z
6efde35b-91b4-4d44-8e82-9c855f0517c1,66d809ba-f439-448c-a4ef-6bf32b263ac5,confident-insect,confident-insect_v16.parquet,266.2497,24289,2025-11-29T07:22:24.090755Z
00f3ff31-011b-4d7b-9a99-d06baeb68914,46837dc7-445a-43e5-b76d-07d48bfb5960,unique-honey,unique-honey_v26.parquet,266.3392,24289,2025-11-22T20:55:55.978754Z
f736aa74-6af9-4a09-b942-5adfc33d22ca,14eeb594-591f-4e44-9aaa-350cbb94afde,resourceful-quiver,resourceful-quiver_v114.parquet,266.3736,24289,2025-11-15T20:48:02.074034Z
58f76137-1537-47a4-9781-82f26773a232,68b66eaf-8215-40ca-9aad-64364c2c3d2e,likable-ant,likable-ant_v48.parquet,266.461,24289,2025-10-26T10:56:02.769811Z
4d279175-81f0-4c8d-bf89-15f2ad773e7a,e9f5d4ab-8177-46a0-839d-7e7fe0a5cd3d,gracious-jacket,gracious-jacket_v4.parquet,266.5361,24289,2025-10-15T23:50:53.297958Z
946bad87-833f-4ead-848e-df9ff1a01fc4,68b66eaf-8215-40ca-9aad-64364c2c3d2e,likable-ant,likable-ant_v49.parquet,266.5361,24289,2025-10-26T11:33:44.93972Z
874be43f-6e46-4637-8224-44113a58fe52,43842491-2410-450b-92f7-23595ecc6081,unique-quicksand,unique-quicksand_v0.parquet,266.5899,24289,2025-10-17T13:04:21.052499Z
066f76e3-a24e-4e14-92fc-029249914191,e81c868f-93fb-429b-9070-9007b6de76c8,bright-lobster,bright-lobster_v19.parquet,266.6184,24289,2025-11-05T09:34:24.240752Z
792b05c0-64a7-40eb-ad34-23d86611b63d,e81c868f-93fb-429b-9070-9007b6de76c8,bright-lobster,bright-lobster_v21.parquet,266.6184,24289,2025-11-05T09:45:46.370609Z
9202da23-b57e-44af-a042-7ab88af5e87d,14eeb594-591f-4e44-9aaa-350cbb94afde,resourceful-quiver,resourceful-quiver_v130.parquet,267.0329,24289,2025-11-21T10:57:32.330067Z
e0ae103f-de5e-41fc-98b4-8d89e733c1d1,7bcdc1d8-b95f-4751-a037-0f34eb4affa0,honest-rose,honest-rose_v37.parquet,267.0426,24289,2025-11-06T22:51:36.777697Z
76c876bb-9e31-4d52-a8eb-e04e32db8e52,68b66eaf-8215-40ca-9aad-64364c2c3d2e,likable-ant,likable-ant_v132.parquet,267.1064,24289,2025-11-26T03:14:18.339198Z
40e2938b-bbd2-4487-92c6-67b1ba54c86c,68b66eaf-8215-40ca-9aad-64364c2c3d2e,likable-ant,likable-ant_v133.parquet,267.1064,24289,2025-11-26T03:18:40.955447Z
1d6d1201-ac30-4f58-908e-6b3a14fba2e6,68b66eaf-8215-40ca-9aad-64364c2c3d2e,likable-ant,likable-ant_v141.parquet,267.1064,24289,2025-11-26T04:07:04.007447Z
0d1eb8f2-8bda-4d20-a697-c3ddeb676669,d4380db0-92a4-43c1-b901-4070b1bd5f8b,zippy-telephone,zippy-telephone_v73.parquet,267.2655,24289,2025-11-30T14:00:30.913523Z
6df42b58-bb5a-4230-a23e-7eee15f877e8,25495961-c63a-4308-8fb6-fcb617306fe6,honorable-yogurt,honorable-yogurt_v7.parquet,267.3015,24289,2025-10-30T15:35:53.773065Z
730d90fa-8ed5-40cf-856d-ea26430faae0,68b66eaf-8215-40ca-9aad-64364c2c3d2e,likable-ant,likable-ant_v34.parquet,267.358,24289,2025-10-22T11:53:59.921026Z
7071281e-c952-4081-aacd-acc837ed7da1,25495961-c63a-4308-8fb6-fcb617306fe6,honorable-yogurt,honorable-yogurt_v9.parquet,267.4134,24289,2025-10-31T07:08:50.418054Z
be6e00a0-cea7-4a39-8c32-668d14430840,0fb8ea0a-3880-4639-b056-6829f176b9a8,unique-guitar,unique-guitar_v2.parquet,267.9191,24289,2025-11-09T09:09:06.271935Z
5dc4efb9-eb98-4daa-84ba-14b61956bd14,0fb8ea0a-3880-4639-b056-6829f176b9a8,unique-guitar,unique-guitar_v4.parquet,267.9191,24289,2025-11-09T10:13:43.962862Z
76f32c29-0d67-4775-a06c-fbc9b7170587,7bcdc1d8-b95f-4751-a037-0f34eb4affa0,honest-rose,honest-rose_v13.parquet,267.9551,24289,2025-10-22T00:27:10.128428Z
d77ef6ef-2c6a-40d9-b678-ff501ed6e743,66d809ba-f439-448c-a4ef-6bf32b263ac5,confident-insect,confident-insect_v15.parquet,268.0908,24289,2025-11-29T07:04:41.426512Z
c9057223-a05c-4dd2-951a-2cb8a4ac851b,e9f5d4ab-8177-46a0-839d-7e7fe0a5cd3d,gracious-jacket,gracious-jacket_v26.parquet,268.1583,24289,2025-10-19T01:44:31.997763Z
e24d0fb8-95bb-495c-97c2-1e33b670214a,43842491-2410-450b-92f7-23595ecc6081,unique-quicksand,unique-quicksand_v16.parquet,268.3872,24289,2025-10-29T11:48:27.068875Z
f0b3b3c8-2e4f-4169-91da-3fb2f11dd000,e147bfe1-15ef-4b63-91cb-3b988b0caa04,inventive-apple,inventive-apple_v2.parquet,268.6613,24289,2025-11-11T11:38:26.292042Z
cc75cb63-57ca-48ee-bafa-278c3660b8ba,ea6be75a-6be4-4f68-90ab-5dca51e94d6e,organized-kangaroo,organized-kangaroo_v16.parquet,269.0821,24289,2025-11-03T16:27:22.281434Z
40788b21-bb1f-4ba7-92d2-579a8936dab1,606dc3bc-ca68-44a2-960f-2b9d2fb0de66,zesty-raccoon,zesty-raccoon_v31.parquet,269.0829,24289,2025-11-28T04:20:23.732504Z
dc2b2086-4941-4fa5-a78f-f477679d1b5d,14eeb594-591f-4e44-9aaa-350cbb94afde,resourceful-quiver,resourceful-quiver_v85.parquet,269.244,24289,2025-11-12T15:06:59.169569Z
a1b478e1-d623-48e8-988a-72ddeb0d9fbe,8b3b61ca-5597-4220-901c-e9228c12ec1b,jovial-umbrella,jovial-umbrella_v2.parquet,269.397,24289,2025-10-19T07:06:32.236797Z
b0b1e93c-3b6c-427a-8986-ca2fbf4aa128,14eeb594-591f-4e44-9aaa-350cbb94afde,resourceful-quiver,resourceful-quiver_v129.parquet,269.5512,24289,2025-11-21T10:55:43.964336Z
e65c0405-d024-47b5-a565-6d27fd51445c,68b66eaf-8215-40ca-9aad-64364c2c3d2e,likable-ant,likable-ant_v240.parquet,269.7437,24289,2025-11-30T00:51:37.229884Z
bd43d2f5-55cf-4a80-a94b-afca165e2ffe,68b66eaf-8215-40ca-9aad-64364c2c3d2e,likable-ant,likable-ant_v83.parquet,269.8143,24289,2025-10-31T23:16:43.562519Z
52d4c308-2c2e-4938-8567-f8a7d138c68f,e147bfe1-15ef-4b63-91cb-3b988b0caa04,inventive-apple,inventive-apple_v1.parquet,270.0011,24289,2025-11-09T17:25:10.051353Z
156078d1-5d57-4aa0-b257-0c432f96c05f,05e93b12-b109-4596-a502-f654422533b5,exuberant-emu,exuberant-emu_v5.parquet,270.0584,24289,2025-11-10T05:52:04.416166Z
9d9bd261-ec61-4403-8232-25857fd34167,606dc3bc-ca68-44a2-960f-2b9d2fb0de66,zesty-raccoon,zesty-raccoon_v17.parquet,270.1122,24289,2025-11-27T10:21:39.649135Z
8d4ac959-bebf-4135-9c6b-f486b6e383ed,46837dc7-445a-43e5-b76d-07d48bfb5960,unique-honey,unique-honey_v15.parquet,270.1462,24289,2025-11-19T21:31:52.033407Z
6719add8-b78b-47b2-bdd7-b2cecf323985,14eeb594-591f-4e44-9aaa-350cbb94afde,resourceful-quiver,resourceful-quiver_v103.parquet,270.2188,24289,2025-11-13T19:45:46.786315Z
b4b03525-a4de-458a-a7f3-63353af9ac28,606dc3bc-ca68-44a2-960f-2b9d2fb0de66,zesty-raccoon,zesty-raccoon_v37.parquet,270.3478,24289,2025-11-28T13:43:03.585783Z
198cd1c4-791b-45f3-9c3e-3cf943889b78,d4380db0-92a4-43c1-b901-4070b1bd5f8b,zippy-telephone,zippy-telephone_v2.parquet,270.3719,24289,2025-11-06T08:31:28.230977Z
c6c40752-5b1a-46ad-a3e3-254231fc9943,d4380db0-92a4-43c1-b901-4070b1bd5f8b,zippy-telephone,zippy-telephone_v4.parquet,270.3731,24289,2025-11-06T13:04:40.614762Z
cd4ed98c-beda-4736-bde4-c0f3c1292ff0,d5d48f8c-5c01-4cad-8bac-9bdd95c06718,confident-hedgehog,confident-hedgehog_v53.parquet,270.4959,24289,2025-11-30T19:29:15.326132Z
a40b0741-4731-428e-a39b-4e03b2203dba,7bcdc1d8-b95f-4751-a037-0f34eb4affa0,honest-rose,honest-rose_v12.parquet,270.664,24289,2025-10-22T00:20:58.004039Z
658a3032-a407-4333-a5b8-b5b3b709266d,d4380db0-92a4-43c1-b901-4070b1bd5f8b,zippy-telephone,zippy-telephone_v61.parquet,270.7963,24289,2025-11-22T10:55:20.747256Z
0ebcf45b-b40b-4a7f-812c-7284c3fec109,ea6be75a-6be4-4f68-90ab-5dca51e94d6e,organized-kangaroo,organized-kangaroo_v18.parquet,270.8744,24289,2025-11-08T19:19:22.328257Z
03cbc974-6110-4775-8f5e-ebdc4694f352,14eeb594-591f-4e44-9aaa-350cbb94afde,resourceful-quiver,resourceful-quiver_v113.parquet,270.9236,24289,2025-11-15T14:54:56.320171Z
bae54699-b7f5-4d3a-90b0-e06d9473bfa5,030a1edd-d392-432f-9609-50011531bbab,zestful-mango,zestful-mango_v7.parquet,271.2077,24289,2025-11-03T08:02:11.445512Z
4683f717-135d-45b2-b89b-ac8f5f7a16fb,14eeb594-591f-4e44-9aaa-350cbb94afde,resourceful-quiver,resourceful-quiver_v80.parquet,271.405,24289,2025-11-12T09:32:51.563304Z
181af8e4-d64d-4ae8-80bd-2d3b732350c5,14eeb594-591f-4e44-9aaa-350cbb94afde,resourceful-quiver,resourceful-quiver_v95.parquet,271.4189,24289,2025-11-13T09:28:27.219508Z
c47c8f87-5c67-4aee-aa70-f599af9d2b96,d4380db0-92a4-43c1-b901-4070b1bd5f8b,zippy-telephone,zippy-telephone_v68.parquet,271.5273,24289,2025-11-22T17:58:52.459303Z
6d91d04d-7464-49ff-8253-cc9e12628742,cf8d46d2-7d72-4c49-8586-ef4041d44fe6,reliable-jigsaw,reliable-jigsaw_v21.parquet,271.7404,24289,2025-11-02T13:50:33.960073Z
95f7d948-e4c5-4541-b641-1329bf79267e,68b66eaf-8215-40ca-9aad-64364c2c3d2e,likable-ant,likable-ant_v192.parquet,271.8465,24289,2025-11-24T23:13:51.86983Z
2ff7e7de-f5f8-4cc3-9d5f-9b6ad248f114,68b66eaf-8215-40ca-9aad-64364c2c3d2e,likable-ant,likable-ant_v212.parquet,271.8465,24289,2025-11-24T23:19:43.658522Z
1bb62b84-5be3-4bd7-b37c-605b7e67c83f,68b66eaf-8215-40ca-9aad-64364c2c3d2e,likable-ant,likable-ant_v225.parquet,271.8465,24289,2025-11-24T23:19:46.086899Z
f5451f0f-d66b-4694-8c31-b5394b310e63,f49e5b88-351c-49a0-8dce-bf4e5f8ef22b,tiny-zeppelin,tiny-zeppelin_v17.parquet,271.8961,24289,2025-11-24T13:57:36.747792Z
729bdaad-b99e-4bdd-af80-daf906f98400,43842491-2410-450b-92f7-23595ecc6081,unique-quicksand,unique-quicksand_v8.parquet,271.9229,24289,2025-10-26T22:34:41.641221Z
1d755ecf-5250-4f72-973a-f0636790d744,d4380db0-92a4-43c1-b901-4070b1bd5f8b,zippy-telephone,zippy-telephone_v62.parquet,272.1528,24289,2025-11-22T10:58:50.35524Z
aa8db4d2-22eb-4b28-9b62-46881e9673c6,7bcdc1d8-b95f-4751-a037-0f34eb4affa0,honest-rose,honest-rose_v17.parquet,272.4032,24289,2025-10-28T12:49:51.188416Z
e3bd0676-32fd-44a7-bc5f-04aaabec2182,d5d48f8c-5c01-4cad-8bac-9bdd95c06718,confident-hedgehog,confident-hedgehog_v21.parquet,272.4436,24289,2025-11-16T20:30:59.669103Z
8ae68461-fe25-4a93-bf88-ae7cddf820db,14eeb594-591f-4e44-9aaa-350cbb94afde,resourceful-quiver,resourceful-quiver_v104.parquet,272.6431,24289,2025-11-13T19:48:12.078777Z
309db962-ead3-4a5e-8380-d1c8c86b5a66,29dabcd6-5a77-466a-8894-b6055fe45569,sincere-glacier,sincere-glacier_v16.parquet,272.7927,24289,2025-11-25T16:35:25.686923Z
f64017a4-b935-4a48-9677-b07b020677b8,d5d48f8c-5c01-4cad-8bac-9bdd95c06718,confident-hedgehog,confident-hedgehog_v22.parquet,273.3044,24289,2025-11-16T21:09:15.801905Z
57d18a99-ed47-4a3c-b2bf-0e64525b9877,4da5b007-8d7c-4edc-840f-37747e56f1a2,resourceful-beetle,resourceful-beetle_v18.parquet,273.3599,24289,2025-11-12T19:12:36.611531Z
790fa8c3-3be6-4934-a19d-9d5a0363dddd,14eeb594-591f-4e44-9aaa-350cbb94afde,resourceful-quiver,resourceful-quiver_v131.parquet,273.3664,24289,2025-11-21T11:00:33.135919Z
1e07c3ef-4bd6-4d68-a1f4-0f3408a5e73d,4da5b007-8d7c-4edc-840f-37747e56f1a2,resourceful-beetle,resourceful-beetle_v17.parquet,273.4006,24289,2025-11-12T18:35:48.007315Z
f5ded6f3-7d0b-458c-b17e-fcdaf60bdfad,35e8ea30-0233-4bd0-b81b-42c432a6140b,trustworthy-telephone,trustworthy-telephone_v5.parquet,273.4325,24289,2025-11-26T00:44:05.983819Z
3337ee97-a5b9-4954-a637-35e8959a6758,14eeb594-591f-4e44-9aaa-350cbb94afde,resourceful-quiver,resourceful-quiver_v107.parquet,273.9582,24289,2025-11-14T17:22:27.058391Z
22327450-c481-46ee-a152-2308c99bc629,e81c868f-93fb-429b-9070-9007b6de76c8,bright-lobster,bright-lobster_v97.parquet,273.9814,24289,2025-11-09T09:10:51.827957Z
0c61035e-77cf-42cf-bb2a-fb906cf3712f,606dc3bc-ca68-44a2-960f-2b9d2fb0de66,zesty-raccoon,zesty-raccoon_v41.parquet,273.9983,24289,2025-11-29T07:16:46.413635Z
fa4f7577-ced7-41b7-83b8-7a804fcddeb7,14eeb594-591f-4e44-9aaa-350cbb94afde,resourceful-quiver,resourceful-quiver_v128.parquet,274.2998,24289,2025-11-21T10:48:12.563384Z
fb72e8b5-79ec-4d34-89b8-25df6d9288cd,68b66eaf-8215-40ca-9aad-64364c2c3d2e,likable-ant,likable-ant_v246.parquet,274.5685,24289,2025-11-30T09:47:01.539516Z
1ad08104-0349-4822-82f8-dc7f340fdabf,25495961-c63a-4308-8fb6-fcb617306fe6,honorable-yogurt,honorable-yogurt_v1.parquet,274.5843,24289,2025-10-24T23:20:01.546659Z
bb24f3bc-4d53-480c-8116-461fa9ee3d5d,25495961-c63a-4308-8fb6-fcb617306fe6,honorable-yogurt,honorable-yogurt_v2.parquet,274.5843,24289,2025-10-24T23:22:35.107081Z
c1772c49-31b8-47d8-b3d2-86283fa18266,e9f5d4ab-8177-46a0-839d-7e7fe0a5cd3d,gracious-jacket,gracious-jacket_v82.parquet,274.9101,24289,2025-11-20T00:04:17.504708Z
a1ae3ce6-4db1-4230-b840-a288a30f6302,7bcdc1d8-b95f-4751-a037-0f34eb4affa0,honest-rose,honest-rose_v33.parquet,275.5495,24289,2025-11-04T21:43:53.80059Z
33e825a0-152e-41fe-9b14-e41c5af22ee0,66d809ba-f439-448c-a4ef-6bf32b263ac5,confident-insect,confident-insect_v8.parquet,275.6067,24289,2025-11-27T13:11:54.990039Z
4b8e3ba9-a4b1-45a3-ab13-1e12bf25d738,e9f5d4ab-8177-46a0-839d-7e7fe0a5cd3d,gracious-jacket,gracious-jacket_v19.parquet,275.7454,24289,2025-10-16T19:39:26.397263Z
b6378e0b-5088-48b6-b338-e37737fbc8b4,e9f5d4ab-8177-46a0-839d-7e7fe0a5cd3d,gracious-jacket,gracious-jacket_v24.parquet,275.8157,24289,2025-10-17T12:11:26.250674Z
7618e984-afbd-4234-aa1d-499344051e5f,7bcdc1d8-b95f-4751-a037-0f34eb4affa0,honest-rose,honest-rose_v38.parquet,275.9315,24289,2025-11-06T23:50:21.396493Z
058400ce-577e-4b90-aaf1-ccd42cb9bddd,b654dd9d-f0e2-4e9b-92cd-8077a0d8dd47,charming-pencil,charming-pencil_v2.parquet,276.0371,24289,2025-11-29T19:19:13.792648Z
5b08c257-7e55-494d-8261-904c7b0bc0d0,d5d48f8c-5c01-4cad-8bac-9bdd95c06718,confident-hedgehog,confident-hedgehog_v40.parquet,276.0776,24289,2025-11-28T15:05:29.94462Z
496df1cd-0e5c-448d-b020-369f5dff69da,66d809ba-f439-448c-a4ef-6bf32b263ac5,confident-insect,confident-insect_v20.parquet,276.817,24289,2025-11-30T07:17:24.667532Z
44dab820-55af-43be-9c00-3a1de4d3da77,f49e5b88-351c-49a0-8dce-bf4e5f8ef22b,tiny-zeppelin,tiny-zeppelin_v15.parquet,276.9868,24289,2025-11-24T08:50:16.428245Z
bccf609e-0c03-4850-a2dd-e49b55e3948f,cf800513-ba74-4229-88c0-36d4e37c8a14,outspoken-tornado,outspoken-tornado_v1.parquet,277.1618,24289,2025-11-06T20:22:31.611292Z
4f09c276-8930-4a36-9cd9-1e26d62ac4dc,e81c868f-93fb-429b-9070-9007b6de76c8,bright-lobster,bright-lobster_v36.parquet,277.256,24289,2025-11-06T11:27:06.871095Z
cd98492b-88bf-45f1-9aa3-3af6c44d8397,14eeb594-591f-4e44-9aaa-350cbb94afde,resourceful-quiver,resourceful-quiver_v98.parquet,277.8642,24289,2025-11-13T09:34:17.037832Z
da6d37fd-7e79-43e5-b1d8-f7bed4a02fb1,66d809ba-f439-448c-a4ef-6bf32b263ac5,confident-insect,confident-insect_v14.parquet,277.9053,24289,2025-11-29T06:34:42.644291Z
b2cc4577-b902-498a-a24a-5ec266f15437,e147bfe1-15ef-4b63-91cb-3b988b0caa04,inventive-apple,inventive-apple_v4.parquet,278.3785,24289,2025-11-24T01:38:51.521895Z
574bd0af-38d6-4409-a41f-1536eca34e37,4e534bf9-644c-4c1a-8043-eeceaa76d67f,outgoing-orange,outgoing-orange_v3.parquet,278.6272,24289,2025-11-09T17:30:58.59592Z
a8133489-6303-4009-a036-2dbe3d89bd43,68b66eaf-8215-40ca-9aad-64364c2c3d2e,likable-ant,likable-ant_v62.parquet,278.7205,24289,2025-10-28T09:53:42.243913Z
7e181aff-aa2d-4190-935f-06bd8bc0b284,68b66eaf-8215-40ca-9aad-64364c2c3d2e,likable-ant,likable-ant_v193.parquet,278.7605,24289,2025-11-24T23:13:50.714002Z
172855da-b816-4e99-bd09-1ad7bb6ff9bf,68b66eaf-8215-40ca-9aad-64364c2c3d2e,likable-ant,likable-ant_v226.parquet,278.7605,24289,2025-11-24T23:19:54.771282Z
89d1b56a-31a2-46f2-8faf-8e25f1880348,7bcdc1d8-b95f-4751-a037-0f34eb4affa0,honest-rose,honest-rose_v1.parquet,278.9928,24289,2025-10-18T02:43:19.354429Z
d3c7989a-6183-46dd-bbf9-722e2e8bf369,7bcdc1d8-b95f-4751-a037-0f34eb4affa0,honest-rose,honest-rose_v2.parquet,278.9928,24289,2025-10-18T02:50:54.173344Z
c4d7dded-aaba-410f-9ea4-a10648f0de25,14eeb594-591f-4e44-9aaa-350cbb94afde,resourceful-quiver,resourceful-quiver_v109.parquet,279.1133,24289,2025-11-14T17:27:52.956215Z
9d253d8e-0ae2-48a9-b9c3-3eccce233c3c,7bcdc1d8-b95f-4751-a037-0f34eb4affa0,honest-rose,honest-rose_v7.parquet,279.1292,24289,2025-10-20T05:29:21.224549Z
631cfc32-a30a-441a-b5ac-d219c65174d8,606dc3bc-ca68-44a2-960f-2b9d2fb0de66,zesty-raccoon,zesty-raccoon_v11.parquet,279.6147,24289,2025-11-27T04:13:46.622926Z
28d32964-dfae-4a0a-944d-05df158805bb,606dc3bc-ca68-44a2-960f-2b9d2fb0de66,zesty-raccoon,zesty-raccoon_v12.parquet,279.6273,24289,2025-11-27T04:14:55.411914Z
2db4c3c3-efbb-4b35-a49a-02af042e8ae4,f49e5b88-351c-49a0-8dce-bf4e5f8ef22b,tiny-zeppelin,tiny-zeppelin_v14.parquet,279.872,24289,2025-11-21T08:18:51.664987Z
10471d32-bec3-4811-8c71-8af38f947613,dc5d4e8a-bb91-4dea-bbac-26b1f1b5d06a,zesty-hedgehog,zesty-hedgehog_v2.parquet,279.9465,24289,2025-10-15T15:56:22.068247Z
9031d3bf-ea77-4fd6-800e-3e6aec678621,0c6a5825-cf0e-42bc-ae40-88a927db1ccc,genuine-zucchini,genuine-zucchini_v26.parquet,280.2267,24289,2025-11-04T14:42:37.729366Z
c8b18e6a-d849-47f0-aacf-bae7b5ce92ed,0c6a5825-cf0e-42bc-ae40-88a927db1ccc,genuine-zucchini,genuine-zucchini_v9.parquet,280.5924,24289,2025-10-21T17:21:09.879282Z
5019e49b-0ea1-4418-abc5-4239f170b749,66d809ba-f439-448c-a4ef-6bf32b263ac5,confident-insect,confident-insect_v5.parquet,280.9441,24289,2025-11-25T13:34:11.344863Z
a2b471ac-8924-4287-9ac2-374e3b877328,66d809ba-f439-448c-a4ef-6bf32b263ac5,confident-insect,confident-insect_v13.parquet,281.1217,24289,2025-11-29T06:17:59.466204Z
5098b995-9f30-422d-bcca-424a2da1e540,606dc3bc-ca68-44a2-960f-2b9d2fb0de66,zesty-raccoon,zesty-raccoon_v21.parquet,281.2545,24289,2025-11-27T12:13:15.969594Z
b07c9149-fa4c-4672-9d1d-84a9a23d5344,606dc3bc-ca68-44a2-960f-2b9d2fb0de66,zesty-raccoon,zesty-raccoon_v5.parquet,281.2616,24289,2025-11-26T12:01:06.633056Z
62015fad-5468-4031-8f70-7e6c752128bb,cf8d46d2-7d72-4c49-8586-ef4041d44fe6,reliable-jigsaw,reliable-jigsaw_v9.parquet,281.4309,24289,2025-10-16T07:10:52.105234Z
5c4a21d6-2f62-44bc-986b-3acc8bf81dbe,43842491-2410-450b-92f7-23595ecc6081,unique-quicksand,unique-quicksand_v1.parquet,281.5008,24289,2025-10-24T05:37:47.383458Z
fdfdfe75-f091-4dd1-929d-0ad09c1c17ff,26d10cbd-d007-403c-a5ef-f3f68a2cb4c6,exuberant-piano,exuberant-piano_v5.parquet,281.6538,24289,2025-11-03T04:53:31.301823Z
3496c469-f1f2-421d-b5ba-ff212776f767,cce54e3b-a76a-4332-be21-15ca894890b1,unique-dinosaur,unique-dinosaur_v19.parquet,282.0436,24289,2025-11-09T05:15:24.110169Z
2f122144-c4a5-4297-934c-7ee8edb25e40,25495961-c63a-4308-8fb6-fcb617306fe6,honorable-yogurt,honorable-yogurt_v11.parquet,282.0455,24289,2025-11-03T15:08:00.280007Z
261f6dfa-0416-4cd6-9368-9c1b80eb79b9,66d809ba-f439-448c-a4ef-6bf32b263ac5,confident-insect,confident-insect_v4.parquet,282.4076,24289,2025-11-23T07:34:42.492531Z
c42db690-5bf5-421a-a310-3a2ef1c5f500,f49e5b88-351c-49a0-8dce-bf4e5f8ef22b,tiny-zeppelin,tiny-zeppelin_v23.parquet,282.5868,24289,2025-11-25T07:45:39.843709Z
18a57839-7bea-4af8-bb79-a530b163e7c2,43842491-2410-450b-92f7-23595ecc6081,unique-quicksand,unique-quicksand_v19.parquet,282.7714,24289,2025-10-31T17:34:25.11759Z
03238da8-e73b-4821-83d0-3259d7a0608d,d5d48f8c-5c01-4cad-8bac-9bdd95c06718,confident-hedgehog,confident-hedgehog_v23.parquet,283.0412,24289,2025-11-16T21:45:05.322672Z
43e9ea1b-66de-4e98-b74d-bfdfedf725f1,66d809ba-f439-448c-a4ef-6bf32b263ac5,confident-insect,confident-insect_v11.parquet,283.0712,24289,2025-11-29T03:48:53.848257Z
034add95-505e-487b-963e-165d78a3c014,606dc3bc-ca68-44a2-960f-2b9d2fb0de66,zesty-raccoon,zesty-raccoon_v3.parquet,283.2553,24289,2025-11-26T09:08:30.810967Z
36efbfb7-057c-462a-8a9f-68f9eff041e8,46837dc7-445a-43e5-b76d-07d48bfb5960,unique-honey,unique-honey_v10.parquet,283.4132,24289,2025-11-19T14:20:35.687983Z
be59a9e3-b987-4be9-a048-91ac6edf901f,46837dc7-445a-43e5-b76d-07d48bfb5960,unique-honey,unique-honey_v11.parquet,283.4132,24289,2025-11-19T14:26:57.679654Z
262ec58e-8fe5-4693-8925-c964c83665ba,7bcdc1d8-b95f-4751-a037-0f34eb4affa0,honest-rose,honest-rose_v35.parquet,283.576,24289,2025-11-06T22:49:04.852854Z
d3d6cc60-44c7-43ad-8f7a-801dc7ff6a69,7bcdc1d8-b95f-4751-a037-0f34eb4affa0,honest-rose,honest-rose_v36.parquet,283.576,24289,2025-11-06T22:50:17.636442Z
6790ae76-871f-4cf9-9777-6e139dc63033,606dc3bc-ca68-44a2-960f-2b9d2fb0de66,zesty-raccoon,zesty-raccoon_v4.parquet,283.5793,24289,2025-11-26T10:35:24.200432Z
24361d53-e542-40b1-b33f-14b3960578ca,d4380db0-92a4-43c1-b901-4070b1bd5f8b,zippy-telephone,zippy-telephone_v43.parquet,284.0526,24289,2025-11-15T10:52:03.117364Z
3576da8a-30a1-49a7-bfb4-cb021948ce00,68b66eaf-8215-40ca-9aad-64364c2c3d2e,likable-ant,likable-ant_v184.parquet,284.4652,24289,2025-11-24T15:57:46.177813Z
c34f356c-281e-45e9-a7a7-d4bd941d136e,14eeb594-591f-4e44-9aaa-350cbb94afde,resourceful-quiver,resourceful-quiver_v115.parquet,284.5679,24289,2025-11-16T00:17:33.256686Z
e6fd275f-3014-47d7-8aab-790557885b3d,7bcdc1d8-b95f-4751-a037-0f34eb4affa0,honest-rose,honest-rose_v16.parquet,284.6489,24289,2025-10-28T04:01:56.962856Z
6b8146a6-8003-4aa7-8626-d80d3e87d3fe,68b66eaf-8215-40ca-9aad-64364c2c3d2e,likable-ant,likable-ant_v188.parquet,285.0083,24289,2025-11-24T23:06:23.877143Z
2fa5dbb0-6d54-4b15-83ce-adc2ff033f02,606dc3bc-ca68-44a2-960f-2b9d2fb0de66,zesty-raccoon,zesty-raccoon_v32.parquet,285.0737,24289,2025-11-28T06:53:32.657473Z
585ef50f-8c22-443b-921c-9b70f3ab86f7,26d10cbd-d007-403c-a5ef-f3f68a2cb4c6,exuberant-piano,exuberant-piano_v4.parquet,285.1056,24289,2025-11-09T03:42:30.59392Z
10db3ba3-25bd-4b46-803a-da125a80818d,606dc3bc-ca68-44a2-960f-2b9d2fb0de66,zesty-raccoon,zesty-raccoon_v35.parquet,285.1469,24289,2025-11-28T11:33:06.732751Z
47ef129b-f3f6-487a-bbd4-76cf56ef6c7c,606dc3bc-ca68-44a2-960f-2b9d2fb0de66,zesty-raccoon,zesty-raccoon_v38.parquet,285.4231,24289,2025-11-28T14:22:06.760793Z
7db6a521-ccea-4ef0-9e13-ec89533ceb12,606dc3bc-ca68-44a2-960f-2b9d2fb0de66,zesty-raccoon,zesty-raccoon_v36.parquet,285.4246,24289,2025-11-28T12:07:53.238947Z
ce9f86f8-988d-47ae-8659-65b68659df9e,cf8d46d2-7d72-4c49-8586-ef4041d44fe6,reliable-jigsaw,reliable-jigsaw_v4.parquet,285.4495,24289,2025-10-15T19:57:13.100166Z
d124b513-b5c1-4524-bb75-9bf38999ef33,68b66eaf-8215-40ca-9aad-64364c2c3d2e,likable-ant,likable-ant_v191.parquet,285.4909,24289,2025-11-24T23:13:59.81975Z
604f233c-e18d-44d2-80af-e9d2e7fb2c6e,68b66eaf-8215-40ca-9aad-64364c2c3d2e,likable-ant,likable-ant_v224.parquet,285.4909,24289,2025-11-24T23:19:52.563391Z
5ed00e34-7271-40d0-8712-100952f0a70c,68b66eaf-8215-40ca-9aad-64364c2c3d2e,likable-ant,likable-ant_v223.parquet,285.4909,24289,2025-11-24T23:19:56.217557Z
cccd1f18-e43c-47bd-9b05-85f7639191d5,68b66eaf-8215-40ca-9aad-64364c2c3d2e,likable-ant,likable-ant_v196.parquet,285.4951,24289,2025-11-24T23:18:51.667484Z
87db09de-35b8-4843-b4ba-1a9a129e5f37,68b66eaf-8215-40ca-9aad-64364c2c3d2e,likable-ant,likable-ant_v222.parquet,285.4951,24289,2025-11-24T23:19:46.142511Z
f3cc8ae1-d8c8-439d-893c-b1e01098691e,606dc3bc-ca68-44a2-960f-2b9d2fb0de66,zesty-raccoon,zesty-raccoon_v8.parquet,285.999,24289,2025-11-26T13:44:15.765646Z
f892bc30-17c5-4d39-b553-e9f70403bfdd,68b66eaf-8215-40ca-9aad-64364c2c3d2e,likable-ant,likable-ant_v58.parquet,286.7452,24289,2025-10-28T10:00:15.891812Z
6c499e25-cd2c-4a3d-b4f0-560c2130c898,68b66eaf-8215-40ca-9aad-64364c2c3d2e,likable-ant,likable-ant_v78.parquet,286.8232,24289,2025-10-30T11:58:33.352832Z
58a7fcf3-d2ea-49dc-8a62-e181bf4fa5d7,a7b732f2-5e4e-4955-bff0-bea308f07ca4,understated-zucchini,understated-zucchini_v21.parquet,286.9913,24289,2025-11-03T07:06:20.994558Z
23aef3ee-18ad-4734-bed9-8b83df77a541,05e93b12-b109-4596-a502-f654422533b5,exuberant-emu,exuberant-emu_v7.parquet,287.1023,24289,2025-11-14T17:44:06.699754Z
3a5cf1d4-4396-4e47-b2f6-1ef95b79c87f,606dc3bc-ca68-44a2-960f-2b9d2fb0de66,zesty-raccoon,zesty-raccoon_v28.parquet,287.2512,24289,2025-11-27T16:43:06.919933Z
4e6c3493-005e-47a5-b5db-7e1d4155cc7a,e81c868f-93fb-429b-9070-9007b6de76c8,bright-lobster,bright-lobster_v94.parquet,287.4304,24289,2025-11-09T06:50:45.741587Z
cf94a2e9-b313-4468-98da-362c30a57217,e81c868f-93fb-429b-9070-9007b6de76c8,bright-lobster,bright-lobster_v95.parquet,287.4304,24289,2025-11-09T07:28:52.54572Z
bb603814-e212-4aa0-9ae2-c39b79d7bd9e,66d809ba-f439-448c-a4ef-6bf32b263ac5,confident-insect,confident-insect_v12.parquet,287.4777,24289,2025-11-29T04:13:18.011162Z
f08ddf33-84da-4909-b201-d9388bc23d67,d4380db0-92a4-43c1-b901-4070b1bd5f8b,zippy-telephone,zippy-telephone_v44.parquet,287.6043,24289,2025-11-15T11:50:55.161169Z
6686fa3b-3c6e-4c94-978a-ed8eddf210de,e81c868f-93fb-429b-9070-9007b6de76c8,bright-lobster,bright-lobster_v134.parquet,287.7808,24289,2025-11-12T10:12:49.928015Z
af37b786-a371-4f58-a93c-537cda20cb93,030a1edd-d392-432f-9609-50011531bbab,zestful-mango,zestful-mango_v6.parquet,287.7856,24289,2025-10-28T09:25:26.03684Z
032b2e39-1dda-439b-b8ca-16e178a51075,46837dc7-445a-43e5-b76d-07d48bfb5960,unique-honey,unique-honey_v9.parquet,287.8796,24289,2025-11-19T07:59:33.925196Z
c226cb2d-f39d-4008-a726-bd6138f244a2,030a1edd-d392-432f-9609-50011531bbab,zestful-mango,zestful-mango_v2.parquet,287.8852,24289,2025-10-24T08:45:34.787446Z
4a36e58c-7226-449f-baa9-bbe1e38a3e9d,d4380db0-92a4-43c1-b901-4070b1bd5f8b,zippy-telephone,zippy-telephone_v72.parquet,288.921,24289,2025-11-30T11:34:07.79216Z
27297ac3-d924-4d7c-8bc6-b094bb35b09f,68b66eaf-8215-40ca-9aad-64364c2c3d2e,likable-ant,likable-ant_v216.parquet,288.9563,24289,2025-11-27T14:53:28.038366Z
e75ce4aa-88bb-4228-a830-527b9a52bba9,5b9da4aa-d1e8-44dd-a5a5-ff518b63d0d7,nurturing-utensil,nurturing-utensil_v2.parquet,289.1854,24289,2025-10-15T11:56:20.57798Z
d22decea-c059-4934-b6a5-4903011fcdd7,14eeb594-591f-4e44-9aaa-350cbb94afde,resourceful-quiver,resourceful-quiver_v111.parquet,289.6303,24289,2025-11-15T09:02:57.988487Z
ad84351c-9309-470a-be3f-34e9d74fd16f,d5d48f8c-5c01-4cad-8bac-9bdd95c06718,confident-hedgehog,confident-hedgehog_v44.parquet,289.8581,24289,2025-11-29T16:21:12.694561Z
5f7c15ee-2623-4bd6-a2df-b1be263fde7e,030a1edd-d392-432f-9609-50011531bbab,zestful-mango,zestful-mango_v3.parquet,290.0291,24289,2025-10-24T09:13:36.447832Z
6e5d93c3-4832-46d2-af0f-1afb5b33956c,cce54e3b-a76a-4332-be21-15ca894890b1,unique-dinosaur,unique-dinosaur_v20.parquet,290.0464,24289,2025-11-30T15:22:24.209187Z
28517537-293b-49e0-83a0-e9f80e0c53a1,d4380db0-92a4-43c1-b901-4070b1bd5f8b,zippy-telephone,zippy-telephone_v29.parquet,290.2995,24289,2025-11-08T03:53:22.901585Z
65b4f096-0ac6-4a33-878d-fb6b21ea0467,e81c868f-93fb-429b-9070-9007b6de76c8,bright-lobster,bright-lobster_v96.parquet,291.5509,24289,2025-11-09T07:29:48.202253Z
a1e5a07a-de2b-423d-9a2b-6cb658e16ecc,a7b732f2-5e4e-4955-bff0-bea308f07ca4,understated-zucchini,understated-zucchini_v28.parquet,291.6856,24289,2025-11-09T08:11:13.345406Z
5f060734-6c52-4d33-aebf-fbc4aeaf72dd,68b66eaf-8215-40ca-9aad-64364c2c3d2e,likable-ant,likable-ant_v206.parquet,291.746,24289,2025-11-24T23:19:17.540488Z
e0f9b328-8646-4f2d-bb81-3db4e5972a0e,14eeb594-591f-4e44-9aaa-350cbb94afde,resourceful-quiver,resourceful-quiver_v108.parquet,292.2918,24289,2025-11-14T17:25:15.197462Z
ac63175d-410a-44f3-9436-df7cf2e33061,cce54e3b-a76a-4332-be21-15ca894890b1,unique-dinosaur,unique-dinosaur_v15.parquet,292.6249,24289,2025-11-09T04:35:54.854941Z
236e1ec7-fe57-405f-98e4-914a56a85a72,606dc3bc-ca68-44a2-960f-2b9d2fb0de66,zesty-raccoon,zesty-raccoon_v20.parquet,292.7108,24289,2025-11-27T12:07:55.256018Z
e9a09c3b-aa5c-46e0-a80f-22126cc3a324,606dc3bc-ca68-44a2-960f-2b9d2fb0de66,zesty-raccoon,zesty-raccoon_v56.parquet,293.4197,24289,2025-11-29T18:00:59.421058Z
e2e9d1a8-552c-4314-a82d-8d0d1f637c99,ea6be75a-6be4-4f68-90ab-5dca51e94d6e,organized-kangaroo,organized-kangaroo_v11.parquet,294.1676,24289,2025-10-20T11:21:45.76369Z
ad08a21a-3420-4abf-a5e3-be8a6bd42efc,606dc3bc-ca68-44a2-960f-2b9d2fb0de66,zesty-raccoon,zesty-raccoon_v39.parquet,294.2212,24289,2025-11-28T15:49:24.05079Z
21db8ce7-34f3-4944-8807-7aaef67ae87a,606dc3bc-ca68-44a2-960f-2b9d2fb0de66,zesty-raccoon,zesty-raccoon_v33.parquet,294.2532,24289,2025-11-28T06:58:53.044468Z
fd7b67f8-7a12-4ec1-813c-6ccb730ef61a,14eeb594-591f-4e44-9aaa-350cbb94afde,resourceful-quiver,resourceful-quiver_v112.parquet,294.42,24289,2025-11-15T14:17:50.557691Z
5015bfaa-8758-472e-8943-243a7009cfff,68b66eaf-8215-40ca-9aad-64364c2c3d2e,likable-ant,likable-ant_v209.parquet,295.5366,24289,2025-11-27T14:03:45.44384Z
e9d3be09-00e1-48a1-ac93-be7608796c49,cce54e3b-a76a-4332-be21-15ca894890b1,unique-dinosaur,unique-dinosaur_v16.parquet,296.1651,24289,2025-11-09T04:43:33.697839Z
858d8680-be1c-4273-b964-7d022e1bb0fe,68b66eaf-8215-40ca-9aad-64364c2c3d2e,likable-ant,likable-ant_v207.parquet,297.153,24289,2025-11-26T20:55:22.743106Z
8c8dcb13-fd7f-49e8-9a12-343f8bd7be43,cf800513-ba74-4229-88c0-36d4e37c8a14,outspoken-tornado,outspoken-tornado_v17.parquet,297.8765,24289,2025-11-27T10:06:25.732837Z
ff693b9f-bd58-4be6-bf28-f964bc9b046e,0c6a5825-cf0e-42bc-ae40-88a927db1ccc,genuine-zucchini,genuine-zucchini_v27.parquet,298.0205,24289,2025-11-04T15:02:25.781179Z
a3bb4ab9-9749-4f56-af49-0b8b9c3ac18b,68b66eaf-8215-40ca-9aad-64364c2c3d2e,likable-ant,likable-ant_v103.parquet,298.9009,24289,2025-11-14T15:38:28.286717Z
bb0cb7d0-90f1-42b0-ac0e-2cf5aa79deaf,25495961-c63a-4308-8fb6-fcb617306fe6,honorable-yogurt,honorable-yogurt_v10.parquet,299.2545,24289,2025-11-03T13:49:04.024889Z
c332e216-a958-4967-a2fd-84d41d705510,606dc3bc-ca68-44a2-960f-2b9d2fb0de66,zesty-raccoon,zesty-raccoon_v34.parquet,299.9028,24289,2025-11-28T11:29:02.014078Z
15c85163-cd36-49d2-a4ff-925b6780a2c2,606dc3bc-ca68-44a2-960f-2b9d2fb0de66,zesty-raccoon,zesty-raccoon_v9.parquet,300.5776,24289,2025-11-26T15:02:10.913805Z
085eaaea-93f1-4ebd-89e9-7b862b9724f0,05e93b12-b109-4596-a502-f654422533b5,exuberant-emu,exuberant-emu_v6.parquet,300.6314,24289,2025-11-14T13:03:33.181565Z
bc5856f2-9aa3-4fba-aacb-9e3daec0aa27,68b66eaf-8215-40ca-9aad-64364c2c3d2e,likable-ant,likable-ant_v218.parquet,300.7314,24289,2025-11-27T15:16:32.243735Z
106d8093-1cf6-4a47-aedc-54e726cf58bc,855d2583-cb26-42eb-90bb-c637baad7b95,jubilant-vase,jubilant-vase_v3.parquet,300.8676,24289,2025-11-09T20:00:03.985847Z
f23eb6c0-46f7-428b-b1f1-7288c0bb5b1d,855d2583-cb26-42eb-90bb-c637baad7b95,jubilant-vase,jubilant-vase_v2.parquet,300.8723,24289,2025-11-06T17:27:17.163789Z
206b9001-414c-4901-a0c8-17b36232aa37,46837dc7-445a-43e5-b76d-07d48bfb5960,unique-honey,unique-honey_v21.parquet,301.4777,24289,2025-11-22T15:07:11.426916Z
1bc54651-c512-4e7c-a38d-3902ba5af7aa,606dc3bc-ca68-44a2-960f-2b9d2fb0de66,zesty-raccoon,zesty-raccoon_v27.parquet,301.8352,24289,2025-11-27T16:35:07.503235Z
2573a515-83ba-419a-b1a1-5971aa4fe9a5,9d5ed0b1-e1cb-42e6-af50-5b04a0fd961c,incredible-kiwi,incredible-kiwi_v7.parquet,301.9455,24289,2025-10-17T13:00:20.624441Z
94ec63e7-ae7f-4cf4-a6f6-da61fda05e46,43842491-2410-450b-92f7-23595ecc6081,unique-quicksand,unique-quicksand_v7.parquet,302.3297,24289,2025-10-26T22:29:22.043947Z
ae72983f-a93c-4a97-ae51-d6d65f9783c9,cf800513-ba74-4229-88c0-36d4e37c8a14,outspoken-tornado,outspoken-tornado_v19.parquet,302.3342,24289,2025-11-30T13:34:22.775688Z
9c4d3734-67c5-41b5-ba0f-c31480f996eb,68b66eaf-8215-40ca-9aad-64364c2c3d2e,likable-ant,likable-ant_v26.parquet,302.8284,24289,2025-11-08T23:31:15.958792Z
c6b5536e-b832-4235-b164-8cae957a4e67,35e8ea30-0233-4bd0-b81b-42c432a6140b,trustworthy-telephone,trustworthy-telephone_v12.parquet,303.3556,24289,2025-11-28T01:33:47.6801Z
03ac66b5-c137-48c1-a627-01c303ce81d2,0c6a5825-cf0e-42bc-ae40-88a927db1ccc,genuine-zucchini,genuine-zucchini_v7.parquet,303.4586,24289,2025-10-17T01:16:54.599264Z
453b810b-4563-4618-9a3c-1a16342d7903,cf800513-ba74-4229-88c0-36d4e37c8a14,outspoken-tornado,outspoken-tornado_v18.parquet,303.5219,24289,2025-11-28T07:47:27.478236Z
f821ca90-9e42-4904-853e-05db12879a09,68b66eaf-8215-40ca-9aad-64364c2c3d2e,likable-ant,likable-ant_v142.parquet,303.8357,24289,2025-11-26T04:10:01.39721Z
c1474c2c-11b1-4e3f-8fcd-b2c1d96be486,68b66eaf-8215-40ca-9aad-64364c2c3d2e,likable-ant,likable-ant_v208.parquet,303.8506,24289,2025-11-27T13:50:06.348685Z
4ee09032-fca3-4c8b-9843-03a0960666e1,cce54e3b-a76a-4332-be21-15ca894890b1,unique-dinosaur,unique-dinosaur_v18.parquet,304.5388,24289,2025-11-09T05:13:24.27277Z
36efff2d-5aa8-49ba-a7b7-b36e2313675e,68b66eaf-8215-40ca-9aad-64364c2c3d2e,likable-ant,likable-ant_v155.parquet,304.5853,24289,2025-11-22T17:47:39.52197Z
c758adcd-42c2-44b7-944f-2d6fb87238d0,68b66eaf-8215-40ca-9aad-64364c2c3d2e,likable-ant,likable-ant_v154.parquet,304.5853,24289,2025-11-22T17:47:40.353764Z
1a9c10c5-cac1-4b46-9497-7458e8b67c66,68b66eaf-8215-40ca-9aad-64364c2c3d2e,likable-ant,likable-ant_v156.parquet,304.5853,24289,2025-11-22T17:51:25.831426Z
af08f590-f111-45a7-9863-9f21d5a7871e,e81c868f-93fb-429b-9070-9007b6de76c8,bright-lobster,bright-lobster_v162.parquet,304.9342,24289,2025-11-20T13:51:12.226078Z
00a2e541-ac0c-4308-a269-272ceea94836,46837dc7-445a-43e5-b76d-07d48bfb5960,unique-honey,unique-honey_v8.parquet,305.01,24289,2025-11-14T07:19:06.293915Z
f5ba168e-6c3e-4553-bd8d-b2ddea804da3,837bfd4e-6da0-473f-9d7e-e6c13f7053e6,zany-waterfall,zany-waterfall_v1.parquet,305.4695,24289,2025-10-20T17:46:15.668771Z
68463038-dad7-4797-9ad0-be3c27ecba4b,68b66eaf-8215-40ca-9aad-64364c2c3d2e,likable-ant,likable-ant_v181.parquet,305.8004,24289,2025-11-24T15:57:54.736604Z
6ba7a06e-a354-41b2-a6b0-70bc6c080920,606dc3bc-ca68-44a2-960f-2b9d2fb0de66,zesty-raccoon,zesty-raccoon_v2.parquet,306.2108,24289,2025-11-26T09:06:09.681416Z
8497f94d-c0a4-4061-b08a-a25e2eced70a,68b66eaf-8215-40ca-9aad-64364c2c3d2e,likable-ant,likable-ant_v106.parquet,306.2415,24289,2025-11-14T15:47:23.207992Z
e2a21e9c-a547-4232-b56c-96e399042f77,68b66eaf-8215-40ca-9aad-64364c2c3d2e,likable-ant,likable-ant_v108.parquet,306.2415,24289,2025-11-14T15:49:44.320313Z
690588ae-b777-4e9f-9499-9be767f64360,f49e5b88-351c-49a0-8dce-bf4e5f8ef22b,tiny-zeppelin,tiny-zeppelin_v9.parquet,306.3726,24289,2025-11-14T08:40:37.166785Z
c36e3a6f-d235-4e6d-b734-87e143a1ad81,cce54e3b-a76a-4332-be21-15ca894890b1,unique-dinosaur,unique-dinosaur_v14.parquet,307.3765,24289,2025-11-09T03:12:36.516361Z
7cb21a99-d1bd-4798-b352-abdc8701cd9b,43842491-2410-450b-92f7-23595ecc6081,unique-quicksand,unique-quicksand_v5.parquet,308.5286,24289,2025-10-26T21:50:59.707941Z
8de41789-89d3-498c-b976-25a2f222119e,d4380db0-92a4-43c1-b901-4070b1bd5f8b,zippy-telephone,zippy-telephone_v67.parquet,309.5639,24289,2025-11-22T16:47:18.166527Z
3f2c3ca3-a310-487d-88c9-bb8c5141d135,0c6a5825-cf0e-42bc-ae40-88a927db1ccc,genuine-zucchini,genuine-zucchini_v8.parquet,310.8472,24289,2025-10-21T16:15:15.138236Z
34b025ac-ae80-4ce9-8ad0-221ddd2288fd,7bcdc1d8-b95f-4751-a037-0f34eb4affa0,honest-rose,honest-rose_v3.parquet,311.1518,24289,2025-10-18T16:47:32.733589Z
f3dff968-8d3c-4fc3-b59f-cf6b9f30dc42,68b66eaf-8215-40ca-9aad-64364c2c3d2e,likable-ant,likable-ant_v113.parquet,311.6357,24289,2025-11-14T23:41:52.947578Z
5922e97e-bf6a-4777-80a2-e1d2821c9c83,68b66eaf-8215-40ca-9aad-64364c2c3d2e,likable-ant,likable-ant_v111.parquet,311.6428,24289,2025-11-14T23:41:24.594848Z
a4f27ad9-77d3-4b84-85c7-466a9fbe66d0,68b66eaf-8215-40ca-9aad-64364c2c3d2e,likable-ant,likable-ant_v112.parquet,311.6502,24289,2025-11-14T23:41:14.181435Z
da5e67b9-c75a-49b5-829c-ccb4179906e7,68b66eaf-8215-40ca-9aad-64364c2c3d2e,likable-ant,likable-ant_v1.parquet,311.6822,24289,2025-11-09T14:48:59.785161Z
708d33eb-ba32-4975-b373-fe8f41e61d58,43842491-2410-450b-92f7-23595ecc6081,unique-quicksand,unique-quicksand_v6.parquet,311.7112,24289,2025-10-26T22:10:49.412867Z
619fd611-a049-4f2e-851e-b1abeaf3aa7d,68b66eaf-8215-40ca-9aad-64364c2c3d2e,likable-ant,likable-ant_v123.parquet,311.942,24289,2025-11-14T23:04:31.58993Z
fb08b1d1-0852-4fc9-a2a4-1e8c923b26c0,e147bfe1-15ef-4b63-91cb-3b988b0caa04,inventive-apple,inventive-apple_v5.parquet,311.9717,24289,2025-11-24T05:26:23.154389Z
c8f26d14-64f9-4aae-9eea-6b39e290d9ec,46837dc7-445a-43e5-b76d-07d48bfb5960,unique-honey,unique-honey_v6.parquet,312.4235,24289,2025-11-13T15:51:22.324729Z
a8a2f46e-f353-4f89-bfd3-e6d0fd3c0a21,b62b70c8-5615-4b52-a5f0-dba3f9833f90,kindly-garden,kindly-garden_v19.parquet,313.1557,24289,2025-11-27T18:50:05.533028Z
65d292a9-5510-40dd-94c4-1ab7e6f650b2,606dc3bc-ca68-44a2-960f-2b9d2fb0de66,zesty-raccoon,zesty-raccoon_v29.parquet,314.4993,24289,2025-11-27T17:01:40.990713Z
b9a28c05-9224-49ab-8894-4e46d45f4587,46837dc7-445a-43e5-b76d-07d48bfb5960,unique-honey,unique-honey_v19.parquet,314.7375,24289,2025-11-22T14:56:35.528556Z
5d0f862b-e9ee-4ae6-9787-e8267be7b412,9d5ed0b1-e1cb-42e6-af50-5b04a0fd961c,incredible-kiwi,incredible-kiwi_v32.parquet,314.7623,24289,2025-10-27T17:19:52.9642Z
d2bfccee-361f-4266-8744-2a5cad33af56,68b66eaf-8215-40ca-9aad-64364c2c3d2e,likable-ant,likable-ant_v146.parquet,314.7775,24289,2025-11-21T11:43:45.258143Z
617718ee-8955-48a3-a7e6-7677d0dff677,68b66eaf-8215-40ca-9aad-64364c2c3d2e,likable-ant,likable-ant_v147.parquet,314.7775,24289,2025-11-21T11:47:15.060142Z
75636183-29cf-4d3c-baae-760fd4dc5c70,d4380db0-92a4-43c1-b901-4070b1bd5f8b,zippy-telephone,zippy-telephone_v71.parquet,315.8043,24289,2025-11-30T11:13:56.557913Z
53ce3ecc-a577-4872-96a2-48c6c2c58b37,e079036c-aaa0-4a6a-a95c-95180c163625,hardworking-kiwi,hardworking-kiwi_v1.parquet,316.218,24289,2025-11-06T18:45:53.365956Z
65859d44-22e2-458a-9118-e2542870047c,ea6be75a-6be4-4f68-90ab-5dca51e94d6e,organized-kangaroo,organized-kangaroo_v4.parquet,317.2211,24289,2025-10-16T10:19:36.653555Z
57267d84-e987-442f-8ee9-3ab8fe518c2d,ea6be75a-6be4-4f68-90ab-5dca51e94d6e,organized-kangaroo,organized-kangaroo_v5.parquet,317.2211,24289,2025-10-16T10:22:59.856755Z
faaf4add-1c83-4213-8a0e-6d318be774f1,ea6be75a-6be4-4f68-90ab-5dca51e94d6e,organized-kangaroo,organized-kangaroo_v6.parquet,317.2211,24289,2025-10-16T10:33:10.03581Z
47c3ae3b-9e38-4841-ba52-19037a1c1ad6,606dc3bc-ca68-44a2-960f-2b9d2fb0de66,zesty-raccoon,zesty-raccoon_v1.parquet,317.4746,24289,2025-11-26T09:05:42.392937Z
30f3570a-5fba-4a99-a452-97f35178846b,e9f5d4ab-8177-46a0-839d-7e7fe0a5cd3d,gracious-jacket,gracious-jacket_v5.parquet,318.2628,24289,2025-10-16T00:13:12.712792Z
5bb73e2b-16ff-4668-a488-6006017bab57,68b66eaf-8215-40ca-9aad-64364c2c3d2e,likable-ant,likable-ant_v95.parquet,318.297,24289,2025-11-03T00:08:12.64376Z
314a9536-4fc6-4005-a210-d3dce231e8d5,46837dc7-445a-43e5-b76d-07d48bfb5960,unique-honey,unique-honey_v54.parquet,318.3605,24289,2025-11-29T16:51:37.415973Z
01a2eb8d-684b-4604-905d-ec18ee5a7c93,cce54e3b-a76a-4332-be21-15ca894890b1,unique-dinosaur,unique-dinosaur_v10.parquet,318.6432,24289,2025-11-08T18:06:30.949812Z
9f422e25-1b39-450a-8587-85208609f7bc,cce54e3b-a76a-4332-be21-15ca894890b1,unique-dinosaur,unique-dinosaur_v13.parquet,318.6432,24289,2025-11-08T18:13:36.8196Z
6d887396-4759-4a63-945a-32ead4efe5da,e81c868f-93fb-429b-9070-9007b6de76c8,bright-lobster,bright-lobster_v161.parquet,318.7806,24289,2025-11-20T13:51:14.216063Z
2ccd46f1-2ed1-482a-a20a-4a7c46299035,46837dc7-445a-43e5-b76d-07d48bfb5960,unique-honey,unique-honey_v7.parquet,319.8862,24289,2025-11-13T17:51:33.569958Z
1f56093a-6a37-4db9-b8e4-c9caa60957ce,e81c868f-93fb-429b-9070-9007b6de76c8,bright-lobster,bright-lobster_v135.parquet,319.902,24289,2025-11-12T10:17:41.626312Z
8b863bd2-b96e-4d23-97c6-fb212d289fbb,14eeb594-591f-4e44-9aaa-350cbb94afde,resourceful-quiver,resourceful-quiver_v110.parquet,320.3043,24289,2025-11-15T08:57:26.896724Z
44d5b373-3a28-4c24-bcc1-f9d5638d17e1,9d5ed0b1-e1cb-42e6-af50-5b04a0fd961c,incredible-kiwi,incredible-kiwi_v33.parquet,320.552,24289,2025-10-27T17:22:58.977729Z
437b11a1-86a1-4e6c-a1f9-5722685fe8c7,cce54e3b-a76a-4332-be21-15ca894890b1,unique-dinosaur,unique-dinosaur_v4.parquet,320.9498,24289,2025-11-08T09:47:40.425428Z
4ed13b14-7cbe-4b30-9b35-9eb9ab3f071c,35e8ea30-0233-4bd0-b81b-42c432a6140b,trustworthy-telephone,trustworthy-telephone_v4.parquet,321.3331,24289,2025-11-26T00:41:40.090671Z
42c58253-f2c7-4685-b561-4cb147d88916,66d809ba-f439-448c-a4ef-6bf32b263ac5,confident-insect,confident-insect_v6.parquet,322.3444,24289,2025-11-26T10:59:17.652597Z
ea631b6f-3ae9-4e65-8909-3d0d32fe8eb6,46837dc7-445a-43e5-b76d-07d48bfb5960,unique-honey,unique-honey_v23.parquet,322.5534,24289,2025-11-22T16:21:12.709916Z
645bc475-8b03-48c4-bc0e-b718cc7edfd7,68b66eaf-8215-40ca-9aad-64364c2c3d2e,likable-ant,likable-ant_v140.parquet,322.8641,24289,2025-11-26T03:37:24.2161Z
03af31ba-c602-4c72-879d-16ab534be33f,e81c868f-93fb-429b-9070-9007b6de76c8,bright-lobster,bright-lobster_v164.parquet,323.9783,24289,2025-11-20T13:51:13.596841Z
ee829b15-9f6d-4cab-8c5c-7aa55adaac56,a7b732f2-5e4e-4955-bff0-bea308f07ca4,understated-zucchini,understated-zucchini_v22.parquet,326.0406,24289,2025-11-03T08:01:38.308637Z
e54e4e1f-e7bf-4897-be9b-1235ce6bdac2,68b66eaf-8215-40ca-9aad-64364c2c3d2e,likable-ant,likable-ant_v94.parquet,326.1202,24289,2025-11-02T23:54:10.991509Z
b5854c9e-ba50-497e-8e10-592ce0d953e5,606dc3bc-ca68-44a2-960f-2b9d2fb0de66,zesty-raccoon,zesty-raccoon_v19.parquet,327.7161,24289,2025-11-27T12:03:32.009365Z
1ecc3c17-d6f3-4ed7-b4f6-c0be830e2121,e81c868f-93fb-429b-9070-9007b6de76c8,bright-lobster,bright-lobster_v165.parquet,327.7908,24289,2025-11-20T13:51:15.237532Z
b66a47a7-a213-4b9d-9d73-bdaf373cab9c,cce54e3b-a76a-4332-be21-15ca894890b1,unique-dinosaur,unique-dinosaur_v11.parquet,328.242,24289,2025-11-08T18:08:27.049498Z
189f2647-4c9a-4f6b-874a-ce5594ddf46f,cce54e3b-a76a-4332-be21-15ca894890b1,unique-dinosaur,unique-dinosaur_v12.parquet,328.8132,24289,2025-11-08T18:11:04.414971Z
8532541f-227c-4a98-90ec-26a6b9ff62c0,a7b732f2-5e4e-4955-bff0-bea308f07ca4,understated-zucchini,understated-zucchini_v29.parquet,328.9957,24289,2025-11-15T22:59:20.874629Z
0af71297-c1aa-4f38-acee-2a910bc78e5c,68b66eaf-8215-40ca-9aad-64364c2c3d2e,likable-ant,likable-ant_v65.parquet,329.1569,24289,2025-10-28T09:53:56.877056Z
a669b2da-6913-4929-96a4-872d65256060,606dc3bc-ca68-44a2-960f-2b9d2fb0de66,zesty-raccoon,zesty-raccoon_v30.parquet,330.3295,24289,2025-11-27T18:25:27.115921Z
e00d9136-d9bd-4ffa-b481-8977bcf1907f,46837dc7-445a-43e5-b76d-07d48bfb5960,unique-honey,unique-honey_v3.parquet,330.5942,24289,2025-11-11T11:53:04.60199Z
072ba537-04c3-4454-8dc8-5527f9f43409,606dc3bc-ca68-44a2-960f-2b9d2fb0de66,zesty-raccoon,zesty-raccoon_v6.parquet,330.7615,24289,2025-11-26T12:11:48.992259Z
a286aba9-4cfc-4fcb-91a5-42fe5edf139e,a7b732f2-5e4e-4955-bff0-bea308f07ca4,understated-zucchini,understated-zucchini_v10.parquet,334.5756,24289,2025-10-31T17:09:01.750386Z
3cc2abbe-0652-4f44-b8bd-7e2b8a9b4a93,cce54e3b-a76a-4332-be21-15ca894890b1,unique-dinosaur,unique-dinosaur_v9.parquet,334.6843,24289,2025-11-08T18:03:23.133731Z
6567dbdd-0d94-433d-b812-4d7415a51861,68b66eaf-8215-40ca-9aad-64364c2c3d2e,likable-ant,likable-ant_v39.parquet,335.3711,24289,2025-10-23T15:57:44.032045Z
239f61f2-d441-4ce2-b5d1-ef2525f8eeb7,030a1edd-d392-432f-9609-50011531bbab,zestful-mango,zestful-mango_v5.parquet,335.4556,24289,2025-10-28T09:02:24.40852Z
85a57e99-3610-4748-90b2-74413ba76c62,d4380db0-92a4-43c1-b901-4070b1bd5f8b,zippy-telephone,zippy-telephone_v82.parquet,335.9405,24289,2025-11-30T16:44:14.362206Z
a077b695-0a27-403c-ab44-23dbf2ed265c,d4380db0-92a4-43c1-b901-4070b1bd5f8b,zippy-telephone,zippy-telephone_v102.parquet,335.9405,24289,2025-11-30T16:45:16.922156Z
9de0f319-d05a-4422-aa11-ff7f2c7b09e3,606dc3bc-ca68-44a2-960f-2b9d2fb0de66,zesty-raccoon,zesty-raccoon_v18.parquet,336.0256,24289,2025-11-27T11:23:33.91669Z
0b4d4539-592d-442b-8063-761eecee02cf,46837dc7-445a-43e5-b76d-07d48bfb5960,unique-honey,unique-honey_v24.parquet,336.2401,24289,2025-11-22T16:54:41.70206Z
6b0370b6-f193-4aa3-91dd-637156c9a3aa,4da5b007-8d7c-4edc-840f-37747e56f1a2,resourceful-beetle,resourceful-beetle_v48.parquet,337.2174,24289,2025-11-30T22:38:32.99908Z
8686b103-5931-4d02-850e-590fff826c29,68b66eaf-8215-40ca-9aad-64364c2c3d2e,likable-ant,likable-ant_v38.parquet,338.3165,24289,2025-10-23T15:19:27.739159Z
b87d8453-4a96-4c7e-b2b2-1f2f065ace52,68b66eaf-8215-40ca-9aad-64364c2c3d2e,likable-ant,likable-ant_v73.parquet,340.6085,24289,2025-10-30T06:15:16.363652Z
91ec463a-b87b-424d-92ac-63d6a643f166,68b66eaf-8215-40ca-9aad-64364c2c3d2e,likable-ant,likable-ant_v74.parquet,340.6085,24289,2025-10-30T06:20:52.578593Z
dd81e1fd-da46-4172-a3a8-51afaae4574a,68b66eaf-8215-40ca-9aad-64364c2c3d2e,likable-ant,likable-ant_v75.parquet,340.6085,24289,2025-10-30T06:22:41.631726Z
cd919dec-fa49-4fd0-8936-0e857ffa233f,68b66eaf-8215-40ca-9aad-64364c2c3d2e,likable-ant,likable-ant_v11.parquet,342.0002,24289,2025-11-07T09:08:24.831968Z
9063984c-6af0-40dd-a1ea-448b7ab72db9,cf8d46d2-7d72-4c49-8586-ef4041d44fe6,reliable-jigsaw,reliable-jigsaw_v12.parquet,342.5817,24289,2025-10-16T07:20:30.835522Z
cec10135-93e5-4201-9bb3-6f396d4f671a,4da5b007-8d7c-4edc-840f-37747e56f1a2,resourceful-beetle,resourceful-beetle_v47.parquet,343.5914,24289,2025-11-30T22:22:05.082621Z
723c252a-22da-4143-8b95-a3dd3fa6a086,68b66eaf-8215-40ca-9aad-64364c2c3d2e,likable-ant,likable-ant_v66.parquet,343.9103,24289,2025-10-28T09:53:55.782041Z
a5b8558a-6bb8-403b-ac03-fd271e55de49,d5d48f8c-5c01-4cad-8bac-9bdd95c06718,confident-hedgehog,confident-hedgehog_v29.parquet,343.9214,24289,2025-11-17T02:12:17.661442Z
3f1bf9b8-f5ae-48ec-82fd-c7fd99a626e6,68b66eaf-8215-40ca-9aad-64364c2c3d2e,likable-ant,likable-ant_v157.parquet,344.503,24289,2025-11-22T17:51:26.640253Z
a8f4c41a-a265-4894-aff0-bc00f16991c5,68b66eaf-8215-40ca-9aad-64364c2c3d2e,likable-ant,likable-ant_v85.parquet,344.5213,24289,2025-11-01T13:01:46.874948Z
26222ffe-ad06-4c9f-bbea-468cc6ca6e4c,cf8d46d2-7d72-4c49-8586-ef4041d44fe6,reliable-jigsaw,reliable-jigsaw_v14.parquet,345.2549,24289,2025-10-16T07:20:32.826871Z
b5854cef-7efe-4842-9897-b9fec9747a35,cf8d46d2-7d72-4c49-8586-ef4041d44fe6,reliable-jigsaw,reliable-jigsaw_v13.parquet,345.2707,24289,2025-10-16T07:20:31.874231Z
ff330a22-4ecd-4eed-8366-942a0ed38bdd,7bcdc1d8-b95f-4751-a037-0f34eb4affa0,honest-rose,honest-rose_v23.parquet,345.5567,24289,2025-11-01T01:45:28.548852Z
f23d47f9-aaf8-417d-874e-4dbc572cd76e,43842491-2410-450b-92f7-23595ecc6081,unique-quicksand,unique-quicksand_v4.parquet,345.766,24289,2025-10-26T21:35:55.048286Z
03ae152d-4f7e-4408-8ef9-ec00b8bffb3e,d72b8065-c69b-4d99-873d-bbf484d47d3c,polite-gorilla,polite-gorilla_v1.parquet,346.1451,24289,2025-11-29T20:41:20.645197Z
e27bce78-32ce-4e16-a49f-91f0a8860109,46837dc7-445a-43e5-b76d-07d48bfb5960,unique-honey,unique-honey_v2.parquet,347.1348,24289,2025-11-11T08:28:45.043693Z
b921e2ec-5279-4558-adee-5b8f2bd37dea,e81c868f-93fb-429b-9070-9007b6de76c8,bright-lobster,bright-lobster_v163.parquet,347.4255,24289,2025-11-20T13:51:18.587498Z
aa91db44-2418-48c2-9c47-11077ee991d8,68b66eaf-8215-40ca-9aad-64364c2c3d2e,likable-ant,likable-ant_v127.parquet,347.4887,24289,2025-11-09T08:41:01.177673Z
a32fc7a3-4c8d-476a-8001-3dd1564d57dd,68b66eaf-8215-40ca-9aad-64364c2c3d2e,likable-ant,likable-ant_v99.parquet,348.2461,24289,2025-11-03T00:55:17.484399Z
b15d861e-4d4c-49fb-aa0c-2f9a71cdbc2a,a7b732f2-5e4e-4955-bff0-bea308f07ca4,understated-zucchini,understated-zucchini_v20.parquet,348.5089,24289,2025-11-02T22:03:26.64656Z
f54174b1-6be7-47c8-83dd-7bcfaf47bb56,b62b70c8-5615-4b52-a5f0-dba3f9833f90,kindly-garden,kindly-garden_v3.parquet,348.7633,24289,2025-11-27T10:50:45.786145Z
e48b630e-7950-4e68-8c84-b479bf81286d,68b66eaf-8215-40ca-9aad-64364c2c3d2e,likable-ant,likable-ant_v64.parquet,348.8448,24289,2025-10-28T09:53:45.260782Z
246e0e1f-904b-41a8-b00d-b90491cf0f2d,68b66eaf-8215-40ca-9aad-64364c2c3d2e,likable-ant,likable-ant_v63.parquet,348.8448,24289,2025-10-28T09:53:57.772958Z
2ab2d6d2-a453-4120-94a6-033031a9e19e,e81c868f-93fb-429b-9070-9007b6de76c8,bright-lobster,bright-lobster_v2.parquet,351.2727,24289,2025-10-22T12:37:50.976085Z
479de966-342c-42ca-89ec-6c13baef88de,68b66eaf-8215-40ca-9aad-64364c2c3d2e,likable-ant,likable-ant_v101.parquet,351.2814,24289,2025-11-14T15:30:49.267533Z
9d36a3d4-5c3d-45b6-9218-1c2e6673241f,b62b70c8-5615-4b52-a5f0-dba3f9833f90,kindly-garden,kindly-garden_v13.parquet,351.7177,24289,2025-11-27T18:48:46.385889Z
9e796ea5-ff90-4e4b-a152-19a34c34ac33,a7b732f2-5e4e-4955-bff0-bea308f07ca4,understated-zucchini,understated-zucchini_v23.parquet,352.4399,24289,2025-11-03T10:33:16.131014Z
5a6b8e94-a25a-44e6-9cf9-4cd3061ee4e7,68b66eaf-8215-40ca-9aad-64364c2c3d2e,likable-ant,likable-ant_v84.parquet,352.461,24289,2025-11-01T13:01:46.936542Z
2bb831a2-8a48-4163-8752-3b2fb85ea927,a7b732f2-5e4e-4955-bff0-bea308f07ca4,understated-zucchini,understated-zucchini_v32.parquet,354.2863,24289,2025-11-16T06:51:00.84697Z
2a6144bf-8cbf-420d-8c4f-0fdadf51693a,a7b732f2-5e4e-4955-bff0-bea308f07ca4,understated-zucchini,understated-zucchini_v3.parquet,355.5924,24289,2025-10-17T13:06:19.615032Z
2fb0d1e1-0e32-4d91-a3d6-4a21e4891d98,d4380db0-92a4-43c1-b901-4070b1bd5f8b,zippy-telephone,zippy-telephone_v50.parquet,355.9717,24289,2025-11-18T23:12:42.644901Z
06e1e827-27b8-4f98-bd24-a84bd41403f5,a7b732f2-5e4e-4955-bff0-bea308f07ca4,understated-zucchini,understated-zucchini_v4.parquet,356.7271,24289,2025-10-18T04:45:14.100855Z
91fb52e8-2038-45c6-94b1-22d0ac73969a,cce54e3b-a76a-4332-be21-15ca894890b1,unique-dinosaur,unique-dinosaur_v17.parquet,357.9164,24289,2025-11-09T05:05:02.312514Z
1a5e3181-4540-42e3-b24c-fd45133c3037,d4380db0-92a4-43c1-b901-4070b1bd5f8b,zippy-telephone,zippy-telephone_v3.parquet,359.6722,24289,2025-11-06T12:32:31.573859Z
3048ceff-a230-41c7-970c-82e6ac67c186,e81c868f-93fb-429b-9070-9007b6de76c8,bright-lobster,bright-lobster_v23.parquet,360.0038,24289,2025-11-05T11:18:13.972716Z
aeddd526-f6dc-4c02-85ea-41e2c267c769,e81c868f-93fb-429b-9070-9007b6de76c8,bright-lobster,bright-lobster_v323.parquet,361.5554,24289,2025-11-30T13:54:43.391132Z
030014e2-0b91-4213-a85f-d885c4572ee4,a7b732f2-5e4e-4955-bff0-bea308f07ca4,understated-zucchini,understated-zucchini_v17.parquet,361.9855,24289,2025-11-02T19:52:55.644925Z
628594a0-a113-4656-b5a2-c71a9e60ac3d,a7b732f2-5e4e-4955-bff0-bea308f07ca4,understated-zucchini,understated-zucchini_v31.parquet,362.2424,24289,2025-11-16T06:07:43.947225Z
d9f2cc9c-1bd2-41f7-ad79-aefb36dbf6a5,46837dc7-445a-43e5-b76d-07d48bfb5960,unique-honey,unique-honey_v34.parquet,362.2824,24289,2025-11-25T15:11:10.167989Z
c69ec420-3eb9-4dec-9c85-8860e939f80a,e81c868f-93fb-429b-9070-9007b6de76c8,bright-lobster,bright-lobster_v55.parquet,363.7022,24289,2025-11-06T15:18:39.336941Z
cd7a9c6e-5eb6-43a6-9cb9-41410d69e3d8,46837dc7-445a-43e5-b76d-07d48bfb5960,unique-honey,unique-honey_v1.parquet,364.2955,24289,2025-11-10T10:50:09.933658Z
b4937317-89be-413b-87fc-d3ed52aa9cad,a7b732f2-5e4e-4955-bff0-bea308f07ca4,understated-zucchini,understated-zucchini_v35.parquet,365.6356,24289,2025-11-16T09:22:02.659209Z
6c838390-84ae-4a78-88a8-32ae09488b2f,68b66eaf-8215-40ca-9aad-64364c2c3d2e,likable-ant,likable-ant_v67.parquet,366.3035,24289,2025-10-28T09:53:55.790667Z
955ecd80-5121-4fbe-aa8d-8da0df512e3c,68b66eaf-8215-40ca-9aad-64364c2c3d2e,likable-ant,likable-ant_v104.parquet,366.3951,24289,2025-11-14T15:38:30.440374Z
8f1db4d9-25df-418b-bc91-a9d0b2d6e1b8,68b66eaf-8215-40ca-9aad-64364c2c3d2e,likable-ant,likable-ant_v105.parquet,367.4252,24289,2025-11-14T15:47:37.259169Z
0ca823ab-71da-4727-8c90-b4e1ef62be07,68b66eaf-8215-40ca-9aad-64364c2c3d2e,likable-ant,likable-ant_v107.parquet,367.4252,24289,2025-11-14T15:49:41.290061Z
d466ebdc-1872-4d57-aa8b-0a2afad76593,cce54e3b-a76a-4332-be21-15ca894890b1,unique-dinosaur,unique-dinosaur_v8.parquet,369.4871,24289,2025-11-08T18:01:18.107478Z
683b8fa4-cc51-4ab9-ad7a-d7f599a543b8,e81c868f-93fb-429b-9070-9007b6de76c8,bright-lobster,bright-lobster_v319.parquet,370.1648,24289,2025-11-30T11:52:47.441031Z
ba358338-5d6b-440f-b2a8-22b256cbdde5,e81c868f-93fb-429b-9070-9007b6de76c8,bright-lobster,bright-lobster_v321.parquet,370.1648,24289,2025-11-30T12:05:36.541808Z
cd44b5e2-31ee-49be-98f9-8ebb235e9f5e,68b66eaf-8215-40ca-9aad-64364c2c3d2e,likable-ant,likable-ant_v122.parquet,370.399,24289,2025-11-14T23:04:30.763937Z
40a6a171-db4c-47e1-a6d8-bfe9b50a217b,68b66eaf-8215-40ca-9aad-64364c2c3d2e,likable-ant,likable-ant_v115.parquet,372.752,24289,2025-11-14T23:41:30.740118Z
b1ee49d8-2889-49ff-b0a4-110f49cbd9ff,68b66eaf-8215-40ca-9aad-64364c2c3d2e,likable-ant,likable-ant_v114.parquet,372.7712,24289,2025-11-14T23:41:13.090871Z
ed50ab18-d879-4ceb-9ca8-08813819df5e,68b66eaf-8215-40ca-9aad-64364c2c3d2e,likable-ant,likable-ant_v110.parquet,372.7908,24289,2025-11-14T23:41:55.09397Z
4779c7c9-31ec-40a4-922d-942e3e2431a5,68b66eaf-8215-40ca-9aad-64364c2c3d2e,likable-ant,likable-ant_v92.parquet,375.4467,24289,2025-11-02T23:19:11.000902Z
259add9a-b07d-4c26-9319-101536a44544,68b66eaf-8215-40ca-9aad-64364c2c3d2e,likable-ant,likable-ant_v88.parquet,376.549,24289,2025-11-01T18:57:10.890284Z
02d62bd7-95e4-48a8-91f7-8c8f1bdee625,68b66eaf-8215-40ca-9aad-64364c2c3d2e,likable-ant,likable-ant_v93.parquet,379.0013,24289,2025-11-02T23:32:19.291737Z
7619b192-7ef9-4f57-96a6-935be4424ea1,a7b732f2-5e4e-4955-bff0-bea308f07ca4,understated-zucchini,understated-zucchini_v33.parquet,379.2072,24289,2025-11-16T07:03:00.3306Z
97f518ee-976f-4541-ad71-6040143d4720,68b66eaf-8215-40ca-9aad-64364c2c3d2e,likable-ant,likable-ant_v166.parquet,379.9051,24289,2025-11-22T23:02:27.109632Z
39126f3c-5b8b-41f2-99dd-86d35bb110f8,68b66eaf-8215-40ca-9aad-64364c2c3d2e,likable-ant,likable-ant_v167.parquet,379.9528,24289,2025-11-22T23:02:33.371043Z
8a3878c7-f674-4d9e-a2af-086d2e9b2d3a,503514d7-529b-4927-85c2-1c1a97e2b0d5,affectionate-goblin,affectionate-goblin_v7.parquet,380.3269,24289,2025-11-24T11:29:23.589244Z
a64200dc-eb13-4610-8246-59248ca5079d,e81c868f-93fb-429b-9070-9007b6de76c8,bright-lobster,bright-lobster_v325.parquet,381.0478,24289,2025-11-30T18:22:54.100809Z
38f05e15-d824-4607-9523-fec9323f391d,a7b732f2-5e4e-4955-bff0-bea308f07ca4,understated-zucchini,understated-zucchini_v19.parquet,381.4168,24289,2025-11-02T21:37:37.973463Z
886bac23-7ba1-4187-a8d8-ca11bf63dec1,a7b732f2-5e4e-4955-bff0-bea308f07ca4,understated-zucchini,understated-zucchini_v5.parquet,382.9366,24289,2025-10-21T04:42:14.623562Z
190aa037-5223-4010-b207-744b5a7f8adf,68b66eaf-8215-40ca-9aad-64364c2c3d2e,likable-ant,likable-ant_v100.parquet,388.1674,24289,2025-11-03T00:46:08.5747Z
91812ca4-afb3-4bee-964e-5f8ce0ddfe61,d5d48f8c-5c01-4cad-8bac-9bdd95c06718,confident-hedgehog,confident-hedgehog_v4.parquet,389.5282,24289,2025-11-07T23:56:06.746621Z
2b615cfd-1193-49ce-b1d2-37b7e1e7a25e,a7b732f2-5e4e-4955-bff0-bea308f07ca4,understated-zucchini,understated-zucchini_v34.parquet,391.6166,24289,2025-11-16T07:24:22.976674Z
68d4a01e-1e2a-440c-b3bb-984f8c15f7b7,cf8d46d2-7d72-4c49-8586-ef4041d44fe6,reliable-jigsaw,reliable-jigsaw_v11.parquet,392.0666,24289,2025-10-16T07:20:33.740285Z
d9078291-867a-4e0b-ab7a-e901d383367b,a7b732f2-5e4e-4955-bff0-bea308f07ca4,understated-zucchini,understated-zucchini_v14.parquet,394.424,24289,2025-11-01T12:13:33.637868Z
d96ea9e8-a389-45ac-85b1-756b0e3cde41,68b66eaf-8215-40ca-9aad-64364c2c3d2e,likable-ant,likable-ant_v102.parquet,394.5277,24289,2025-11-14T15:30:40.519154Z
45ee06bd-91c3-4bed-941d-1c6f2ef52f24,f49e5b88-351c-49a0-8dce-bf4e5f8ef22b,tiny-zeppelin,tiny-zeppelin_v8.parquet,396.7796,24289,2025-11-07T18:10:12.136683Z
de970b97-28a2-46f3-8f91-a40ee411638f,d4380db0-92a4-43c1-b901-4070b1bd5f8b,zippy-telephone,zippy-telephone_v35.parquet,398.9825,24289,2025-11-08T20:21:15.951709Z
c0823d69-fbfd-45a5-bfab-e960e964451f,46837dc7-445a-43e5-b76d-07d48bfb5960,unique-honey,unique-honey_v5.parquet,399.621,24289,2025-11-12T08:22:01.575494Z
643a6ed1-ef6c-4e3b-8bdb-0fc29e8a0c5a,8a04baf5-b796-4e91-85d3-53885ec570d8,nurturing-telephone,nurturing-telephone_v4.parquet,400.6459,24289,2025-11-28T11:27:36.284531Z
c6affc18-b5bd-4a99-af5a-6c7a256ea707,29dabcd6-5a77-466a-8894-b6055fe45569,sincere-glacier,sincere-glacier_v51.parquet,402.0513,24289,2025-11-27T16:22:22.709472Z
9c67ba95-b005-43b6-a919-7dda914180db,d4380db0-92a4-43c1-b901-4070b1bd5f8b,zippy-telephone,zippy-telephone_v74.parquet,402.9986,24289,2025-11-30T14:19:12.415646Z
789e7c66-5eb0-4ccc-8512-e12fd0576b95,68b66eaf-8215-40ca-9aad-64364c2c3d2e,likable-ant,likable-ant_v81.parquet,403.0602,24289,2025-10-30T16:17:25.142122Z
9d2f154b-9045-4c70-9989-0b939dff2516,e9f5d4ab-8177-46a0-839d-7e7fe0a5cd3d,gracious-jacket,gracious-jacket_v81.parquet,403.4432,24289,2025-11-02T00:08:20.215443Z
6bee8e33-c97f-458c-b3df-f61f2bd3192d,d5d48f8c-5c01-4cad-8bac-9bdd95c06718,confident-hedgehog,confident-hedgehog_v1.parquet,404.3944,24289,2025-11-07T02:26:13.794074Z
cfe57206-d3f2-4e9a-adae-d5542b82f2d2,d5d48f8c-5c01-4cad-8bac-9bdd95c06718,confident-hedgehog,confident-hedgehog_v2.parquet,404.3944,24289,2025-11-07T03:44:10.973155Z
04df2f9a-882b-4f0f-81b3-d6e2e822d056,a7b732f2-5e4e-4955-bff0-bea308f07ca4,understated-zucchini,understated-zucchini_v9.parquet,409.9515,24289,2025-10-31T16:59:02.466133Z
7ff07a5f-c815-4fbf-a17f-805e12d884af,d4380db0-92a4-43c1-b901-4070b1bd5f8b,zippy-telephone,zippy-telephone_v77.parquet,410.1685,24289,2025-11-30T14:58:56.666545Z
05532df8-9c62-4444-ab72-c5ce5111f291,8a04baf5-b796-4e91-85d3-53885ec570d8,nurturing-telephone,nurturing-telephone_v5.parquet,412.3907,24289,2025-11-28T13:59:49.898154Z
6cd2b59d-9017-4b1d-a8fe-a8705e757a0b,8a04baf5-b796-4e91-85d3-53885ec570d8,nurturing-telephone,nurturing-telephone_v6.parquet,412.3907,24289,2025-11-28T14:43:17.170187Z
487516e1-293b-45f7-beb3-833df303c2aa,b62b70c8-5615-4b52-a5f0-dba3f9833f90,kindly-garden,kindly-garden_v16.parquet,412.9372,24289,2025-11-27T18:50:05.540806Z
4f23b393-90b7-428a-b055-4cd328e4fd5e,8b3b61ca-5597-4220-901c-e9228c12ec1b,jovial-umbrella,jovial-umbrella_v1.parquet,414.1584,24289,2025-10-18T18:51:05.450926Z
60b92995-a223-4e7f-8d26-d26e4dd35808,a7b732f2-5e4e-4955-bff0-bea308f07ca4,understated-zucchini,understated-zucchini_v24.parquet,414.6309,24289,2025-11-06T07:59:21.206427Z
cddb8cb4-8657-4d5d-86bd-c0836e8afca4,a7b732f2-5e4e-4955-bff0-bea308f07ca4,understated-zucchini,understated-zucchini_v25.parquet,417.5815,24289,2025-11-06T21:56:00.332079Z
4856d37f-2ed2-4f74-be27-2e9ee3b12bed,0c6a5825-cf0e-42bc-ae40-88a927db1ccc,genuine-zucchini,genuine-zucchini_v15.parquet,418.5203,24289,2025-10-30T19:23:24.303813Z
13dfe750-ac48-4480-ad68-fe4caa8c309c,a7b732f2-5e4e-4955-bff0-bea308f07ca4,understated-zucchini,understated-zucchini_v27.parquet,426.4757,24289,2025-11-06T23:36:23.517687Z
ae1b613f-f4ca-4816-b531-ef9a0993cd01,68b66eaf-8215-40ca-9aad-64364c2c3d2e,likable-ant,likable-ant_v109.parquet,427.718,24289,2025-11-03T12:02:52.325689Z
153ddb81-2d0c-4043-a7e1-fdda758be71a,a7b732f2-5e4e-4955-bff0-bea308f07ca4,understated-zucchini,understated-zucchini_v6.parquet,428.5144,24289,2025-10-26T14:56:42.334157Z
a4ba2b7c-ce12-4c1e-87a2-39dd81b3f1aa,a7b732f2-5e4e-4955-bff0-bea308f07ca4,understated-zucchini,understated-zucchini_v13.parquet,431.0666,24289,2025-11-01T11:43:35.508331Z
dc2353be-656f-4686-beb8-ff1b90f799e0,855d2583-cb26-42eb-90bb-c637baad7b95,jubilant-vase,jubilant-vase_v1.parquet,433.3845,24289,2025-11-05T12:14:25.472824Z
03187bee-4bd8-4918-b957-b2651b4778bc,4da5b007-8d7c-4edc-840f-37747e56f1a2,resourceful-beetle,resourceful-beetle_v45.parquet,433.6096,24289,2025-11-30T21:44:00.624623Z
9de45b72-a31e-4d35-a5bd-b3a3d5207a00,26d10cbd-d007-403c-a5ef-f3f68a2cb4c6,exuberant-piano,exuberant-piano_v1.parquet,434.6556,24289,2025-11-01T21:41:26.402578Z
d210c782-2ae8-4c1d-854d-d603b3501012,a7b732f2-5e4e-4955-bff0-bea308f07ca4,understated-zucchini,understated-zucchini_v26.parquet,436.7149,24289,2025-11-06T22:30:05.600537Z
a0a81e65-1c2f-4347-9e20-15e7c212ab22,ea6be75a-6be4-4f68-90ab-5dca51e94d6e,organized-kangaroo,organized-kangaroo_v3.parquet,437.7278,24289,2025-10-16T08:24:04.417036Z
7824ba76-62fa-4ae1-9654-30cce67efaad,a7b732f2-5e4e-4955-bff0-bea308f07ca4,understated-zucchini,understated-zucchini_v30.parquet,438.6821,24289,2025-11-16T05:47:35.588236Z
9b894743-7eaa-4ad7-adee-fc421626296b,a7b732f2-5e4e-4955-bff0-bea308f07ca4,understated-zucchini,understated-zucchini_v12.parquet,440.134,24289,2025-11-01T11:34:56.369911Z
27e7802b-ce5d-4f68-b0dd-24d4b02f4953,68b66eaf-8215-40ca-9aad-64364c2c3d2e,likable-ant,likable-ant_v82.parquet,441.2039,24289,2025-10-31T23:16:42.547297Z
17306c1e-cf1c-4764-9f38-a3b835ab92d5,4da5b007-8d7c-4edc-840f-37747e56f1a2,resourceful-beetle,resourceful-beetle_v46.parquet,441.7792,24289,2025-11-30T21:56:45.099423Z
97c58752-4fbb-4365-ba53-febbf9249781,68b66eaf-8215-40ca-9aad-64364c2c3d2e,likable-ant,likable-ant_v51.parquet,442.1851,24289,2025-10-27T08:34:30.122852Z
6e44bd67-6f77-4784-8271-2045a9b637fd,e9f5d4ab-8177-46a0-839d-7e7fe0a5cd3d,gracious-jacket,gracious-jacket_v80.parquet,442.554,24289,2025-11-01T22:22:06.506801Z
3bce715d-cbf5-4383-8488-429044e8fd46,c89eae09-04ab-4cd7-8f49-2a149d6507a5,zany-garden,zany-garden_v5.parquet,445.4408,24289,2025-11-04T02:34:28.883777Z
d127eccc-dfeb-4059-bb7c-2a2a634881f9,c89eae09-04ab-4cd7-8f49-2a149d6507a5,zany-garden,zany-garden_v9.parquet,445.5265,24289,2025-11-04T15:29:19.60882Z
75dd3c2d-14ff-4088-ac7d-9d344700943b,0c6a5825-cf0e-42bc-ae40-88a927db1ccc,genuine-zucchini,genuine-zucchini_v2.parquet,447.9116,24289,2025-10-15T11:41:56.747652Z
bbea9cc3-f38b-48fd-9740-9fe0a3ae15d5,dc5d4e8a-bb91-4dea-bbac-26b1f1b5d06a,zesty-hedgehog,zesty-hedgehog_v10.parquet,462.9317,24289,2025-10-24T14:40:53.126778Z
1f898199-5887-4684-8d7a-6380696502ea,dc5d4e8a-bb91-4dea-bbac-26b1f1b5d06a,zesty-hedgehog,zesty-hedgehog_v16.parquet,462.9317,24289,2025-11-05T10:29:36.379406Z
fc2d0db8-07dc-4b24-8ee2-f7808742a058,dc5d4e8a-bb91-4dea-bbac-26b1f1b5d06a,zesty-hedgehog,zesty-hedgehog_v17.parquet,462.9547,24289,2025-11-05T10:49:19.433188Z
920108ab-7b87-438b-a47e-36432db192d9,dc5d4e8a-bb91-4dea-bbac-26b1f1b5d06a,zesty-hedgehog,zesty-hedgehog_v18.parquet,462.9547,24289,2025-11-05T10:55:31.105407Z
6ca85488-b9d1-4b0b-b0bf-86b88793e759,dc5d4e8a-bb91-4dea-bbac-26b1f1b5d06a,zesty-hedgehog,zesty-hedgehog_v21.parquet,462.9547,24289,2025-11-11T17:11:39.897146Z
2937e871-a4a1-4210-a9d3-3a92045c7fde,dc5d4e8a-bb91-4dea-bbac-26b1f1b5d06a,zesty-hedgehog,zesty-hedgehog_v22.parquet,462.9547,24289,2025-11-12T09:25:24.984539Z
9bd2439e-5e61-4ab2-869f-267e1198f4b4,ea6be75a-6be4-4f68-90ab-5dca51e94d6e,organized-kangaroo,organized-kangaroo_v2.parquet,467.1675,24289,2025-10-16T08:11:39.991505Z
fe72a16d-c3a4-4c7b-8618-63061ed935a6,05e93b12-b109-4596-a502-f654422533b5,exuberant-emu,exuberant-emu_v1.parquet,467.9165,24289,2025-10-29T03:20:05.911538Z
e837f20c-e6da-40d5-ae38-1cab103322cc,dc5d4e8a-bb91-4dea-bbac-26b1f1b5d06a,zesty-hedgehog,zesty-hedgehog_v6.parquet,471.9592,24289,2025-10-24T13:18:03.238412Z
08e99be6-a231-4171-86ef-a6c3c0775562,dc5d4e8a-bb91-4dea-bbac-26b1f1b5d06a,zesty-hedgehog,zesty-hedgehog_v4.parquet,471.9874,24289,2025-10-20T15:01:32.367175Z
6367494f-2bd3-4c3d-a0f3-23ebfeea1947,dc5d4e8a-bb91-4dea-bbac-26b1f1b5d06a,zesty-hedgehog,zesty-hedgehog_v19.parquet,476.9215,24289,2025-11-11T16:49:42.531383Z
0e38bdf2-cfac-4fa1-9743-3f0fccebed34,dc5d4e8a-bb91-4dea-bbac-26b1f1b5d06a,zesty-hedgehog,zesty-hedgehog_v11.parquet,477.7021,24289,2025-11-05T09:38:54.53059Z
45b8e410-fd5e-44d4-a921-7f030a1233f2,cb537b0b-6d6e-4ecc-ada7-45e0dd3d7b55,youthful-quilt,youthful-quilt_v12.parquet,480.9551,24289,2025-11-27T16:14:05.233717Z
65bfff38-0fd5-44a4-a6c4-8f418b1cc239,cb537b0b-6d6e-4ecc-ada7-45e0dd3d7b55,youthful-quilt,youthful-quilt_v28.parquet,480.9552,24289,2025-11-29T14:36:56.465278Z
b58f50dd-83e7-4b3f-8f52-114398a00291,cb537b0b-6d6e-4ecc-ada7-45e0dd3d7b55,youthful-quilt,youthful-quilt_v44.parquet,480.9552,24289,2025-11-29T14:41:26.676426Z
da307412-3f05-40d0-87bf-ba49f299af02,cb537b0b-6d6e-4ecc-ada7-45e0dd3d7b55,youthful-quilt,youthful-quilt_v8.parquet,481.3613,24289,2025-11-27T14:20:33.386724Z
2bcbb752-ff15-4144-aa91-0f42cde2b985,cb537b0b-6d6e-4ecc-ada7-45e0dd3d7b55,youthful-quilt,youthful-quilt_v24.parquet,481.3624,24289,2025-11-29T14:37:11.366108Z
d5c432f7-7e13-454a-afd0-edaed8de14f7,cb537b0b-6d6e-4ecc-ada7-45e0dd3d7b55,youthful-quilt,youthful-quilt_v40.parquet,481.3624,24289,2025-11-29T14:41:46.763732Z
4860730b-fa67-4460-b4a0-c4154093e452,cb537b0b-6d6e-4ecc-ada7-45e0dd3d7b55,youthful-quilt,youthful-quilt_v11.parquet,481.6909,24289,2025-11-28T16:11:01.168376Z
f9f69302-a47b-4606-90db-e3b8454913d7,cb537b0b-6d6e-4ecc-ada7-45e0dd3d7b55,youthful-quilt,youthful-quilt_v27.parquet,481.6919,24289,2025-11-29T14:36:52.211455Z
13e11346-c1c4-40c5-94ee-899c14bf6062,cb537b0b-6d6e-4ecc-ada7-45e0dd3d7b55,youthful-quilt,youthful-quilt_v43.parquet,481.6919,24289,2025-11-29T14:41:30.147075Z
a47bb9b1-5239-46ad-8c64-7df8f103c754,6ce05032-d453-4c56-8469-9c7820eb1ec6,helpful-deer,helpful-deer_v0.parquet,484.6893,24289,2025-11-09T05:36:14.521215Z
0a227787-09ee-4720-b369-89b0090deddd,b62b70c8-5615-4b52-a5f0-dba3f9833f90,kindly-garden,kindly-garden_v22.parquet,487.2154,24289,2025-11-27T18:50:30.423708Z
79401021-a22d-46b3-bfa5-839a65fe0047,cb537b0b-6d6e-4ecc-ada7-45e0dd3d7b55,youthful-quilt,youthful-quilt_v17.parquet,487.3649,24289,2025-11-29T14:36:42.908313Z
44ccbeec-3b50-455e-953e-5a2b2795cf6a,cb537b0b-6d6e-4ecc-ada7-45e0dd3d7b55,youthful-quilt,youthful-quilt_v33.parquet,487.3649,24289,2025-11-29T14:41:30.104432Z
712a5a13-1b5b-4a3e-aa79-9d830eca849c,cb537b0b-6d6e-4ecc-ada7-45e0dd3d7b55,youthful-quilt,youthful-quilt_v1.parquet,487.3775,24289,2025-11-26T17:05:44.866802Z
fbeda681-a407-4727-bce7-84e2c8ea694f,b62b70c8-5615-4b52-a5f0-dba3f9833f90,kindly-garden,kindly-garden_v17.parquet,487.4558,24289,2025-11-27T18:50:05.663336Z
192e7f42-9f10-4019-965e-15e0f04f6823,a7b732f2-5e4e-4955-bff0-bea308f07ca4,understated-zucchini,understated-zucchini_v39.parquet,488.6671,24289,2025-11-19T22:17:41.362282Z
60fd6160-29c9-4bef-b716-1415a3d70387,cb537b0b-6d6e-4ecc-ada7-45e0dd3d7b55,youthful-quilt,youthful-quilt_v20.parquet,489.0904,24289,2025-11-29T14:37:09.582766Z
197ca2b4-2dca-4abf-89ce-04172d9e0cf5,cb537b0b-6d6e-4ecc-ada7-45e0dd3d7b55,youthful-quilt,youthful-quilt_v36.parquet,489.0904,24289,2025-11-29T14:41:36.498103Z
9090b7ab-0b99-4489-8d74-d5b2d5de7553,cb537b0b-6d6e-4ecc-ada7-45e0dd3d7b55,youthful-quilt,youthful-quilt_v4.parquet,489.1108,24289,2025-11-27T01:47:35.95231Z
009866b5-458c-417c-9857-ff15110f8f53,cb537b0b-6d6e-4ecc-ada7-45e0dd3d7b55,youthful-quilt,youthful-quilt_v19.parquet,489.1227,24289,2025-11-29T14:37:07.436581Z
86066652-168c-41eb-8922-350e7172d5fe,cb537b0b-6d6e-4ecc-ada7-45e0dd3d7b55,youthful-quilt,youthful-quilt_v35.parquet,489.1227,24289,2025-11-29T14:41:33.395495Z
427f9aa6-963d-4a88-a8d4-15749e8c171b,cb537b0b-6d6e-4ecc-ada7-45e0dd3d7b55,youthful-quilt,youthful-quilt_v3.parquet,489.1302,24289,2025-11-27T00:11:49.586407Z
ca8f3e09-0299-4634-8a64-82dd8840d0fa,cb537b0b-6d6e-4ecc-ada7-45e0dd3d7b55,youthful-quilt,youthful-quilt_v25.parquet,489.8043,24289,2025-11-29T14:36:57.54991Z
92bf20f2-c1a4-45c8-a9d4-965eab78d769,cb537b0b-6d6e-4ecc-ada7-45e0dd3d7b55,youthful-quilt,youthful-quilt_v41.parquet,489.8043,24289,2025-11-29T14:41:50.029087Z
3a8448a8-68a3-44b9-a52d-73130187b3bd,cb537b0b-6d6e-4ecc-ada7-45e0dd3d7b55,youthful-quilt,youthful-quilt_v9.parquet,489.8093,24289,2025-11-27T14:24:37.499339Z
2917b6a0-3175-4ae1-9e79-444cb5efb926,7bcdc1d8-b95f-4751-a037-0f34eb4affa0,honest-rose,honest-rose_v22.parquet,491.2122,24289,2025-11-01T00:10:53.355974Z
a8c56f85-56ba-4307-82ea-102f731d8130,dc5d4e8a-bb91-4dea-bbac-26b1f1b5d06a,zesty-hedgehog,zesty-hedgehog_v15.parquet,492.0619,24289,2025-11-05T10:23:15.998514Z
269084b0-d967-4da8-8bd8-82f90d3bc2db,68b66eaf-8215-40ca-9aad-64364c2c3d2e,likable-ant,likable-ant_v145.parquet,495.2064,24289,2025-11-21T09:10:14.721441Z
c8adee21-aa72-49ec-b6f6-21e10846ffe0,68b66eaf-8215-40ca-9aad-64364c2c3d2e,likable-ant,likable-ant_v50.parquet,496.0577,24289,2025-10-27T06:21:47.83677Z
82ac9ea9-bc33-4220-9b8a-b6147808eb86,a7b732f2-5e4e-4955-bff0-bea308f07ca4,understated-zucchini,understated-zucchini_v7.parquet,497.16,24289,2025-10-27T19:17:12.866636Z
09c97ed2-427f-47da-a0c8-22c18ae39c76,cb537b0b-6d6e-4ecc-ada7-45e0dd3d7b55,youthful-quilt,youthful-quilt_v16.parquet,497.9243,24289,2025-11-28T00:48:31.416503Z
6c9d10c2-6def-4047-ba42-d8fce1e6c3c2,cb537b0b-6d6e-4ecc-ada7-45e0dd3d7b55,youthful-quilt,youthful-quilt_v32.parquet,497.9596,24289,2025-11-29T14:36:53.411183Z
867e4227-8048-4baa-877f-d1967e1302bc,cb537b0b-6d6e-4ecc-ada7-45e0dd3d7b55,youthful-quilt,youthful-quilt_v48.parquet,497.9596,24289,2025-11-29T14:41:34.666424Z
9025fb81-6042-4520-b4d0-6ac8a126ad4d,cce54e3b-a76a-4332-be21-15ca894890b1,unique-dinosaur,unique-dinosaur_v22.parquet,498.4598,24289,2025-11-27T18:55:07.414388Z
b86ec28f-dcce-4f25-8fde-d4b12c52b8ec,cb537b0b-6d6e-4ecc-ada7-45e0dd3d7b55,youthful-quilt,youthful-quilt_v6.parquet,498.5117,24289,2025-11-28T23:42:07.282617Z
f1425cb1-4b19-435f-9505-8dc8113000ee,cb537b0b-6d6e-4ecc-ada7-45e0dd3d7b55,youthful-quilt,youthful-quilt_v22.parquet,498.5117,24289,2025-11-29T14:36:57.5328Z
d7b9060a-485c-4a23-8d97-33c8dc42520e,cb537b0b-6d6e-4ecc-ada7-45e0dd3d7b55,youthful-quilt,youthful-quilt_v38.parquet,498.5117,24289,2025-11-29T14:41:44.759064Z
944cae7d-e735-4ba0-8edf-c36ca682815e,cb537b0b-6d6e-4ecc-ada7-45e0dd3d7b55,youthful-quilt,youthful-quilt_v23.parquet,499.5197,24289,2025-11-29T14:36:58.96347Z
6345e19f-b56d-4b7c-ba35-cd65d2265009,cb537b0b-6d6e-4ecc-ada7-45e0dd3d7b55,youthful-quilt,youthful-quilt_v39.parquet,499.5197,24289,2025-11-29T14:41:45.517948Z
0310b2db-9ee7-42a3-834e-3c39f69d89d9,cb537b0b-6d6e-4ecc-ada7-45e0dd3d7b55,youthful-quilt,youthful-quilt_v7.parquet,499.5303,24289,2025-11-27T11:20:22.258631Z
ba8485cf-cf27-4159-92f7-b2d5c538a36a,6ce05032-d453-4c56-8469-9c7820eb1ec6,helpful-deer,helpful-deer_v5.parquet,501.5942,24289,2025-11-30T19:51:01.327542Z
5756f9ad-a5aa-47e1-bd86-b92b9de0609f,f49e5b88-351c-49a0-8dce-bf4e5f8ef22b,tiny-zeppelin,tiny-zeppelin_v3.parquet,502.7851,24289,2025-11-07T08:35:02.691263Z
bb0ee682-4162-4fc1-94cc-c8472681dc0e,b62b70c8-5615-4b52-a5f0-dba3f9833f90,kindly-garden,kindly-garden_v12.parquet,505.6496,24289,2025-11-27T18:48:56.4316Z
17093aad-9e20-4e39-985b-a7c18ed174a2,68b66eaf-8215-40ca-9aad-64364c2c3d2e,likable-ant,likable-ant_v129.parquet,506.3704,24289,2025-11-26T03:09:13.385151Z
21f4f533-77a7-44b9-8a63-df6c25874ebc,68b66eaf-8215-40ca-9aad-64364c2c3d2e,likable-ant,likable-ant_v130.parquet,506.3704,24289,2025-11-26T03:11:13.665571Z
7da10d12-8add-4f15-b016-90e7ea2cd0f4,6ce05032-d453-4c56-8469-9c7820eb1ec6,helpful-deer,helpful-deer_v4.parquet,507.496,24289,2025-11-30T19:14:04.392013Z
1cbeb955-08a6-436b-8cc0-943e6222a4bd,0c6a5825-cf0e-42bc-ae40-88a927db1ccc,genuine-zucchini,genuine-zucchini_v6.parquet,508.1358,24289,2025-10-16T19:21:37.687441Z
5beab221-a2db-4f2a-9c3a-e712a6db0a43,606dc3bc-ca68-44a2-960f-2b9d2fb0de66,zesty-raccoon,zesty-raccoon_v53.parquet,508.8199,24289,2025-11-29T15:52:35.925702Z
f1f694b3-59e5-43d1-9ef0-b5d9b8ab21e2,d5d48f8c-5c01-4cad-8bac-9bdd95c06718,confident-hedgehog,confident-hedgehog_v46.parquet,509.3724,24289,2025-11-29T19:54:14.953523Z
685da8c5-c430-4a51-aee0-5627bcf3e2c8,d5d48f8c-5c01-4cad-8bac-9bdd95c06718,confident-hedgehog,confident-hedgehog_v47.parquet,509.373,24289,2025-11-29T21:51:40.80043Z
e0331ab4-153d-4169-b1fc-97ec34c773fd,a7b732f2-5e4e-4955-bff0-bea308f07ca4,understated-zucchini,understated-zucchini_v40.parquet,509.5943,24289,2025-11-19T23:47:33.732315Z
8e7ca124-ccbc-4bce-b428-482a4948be54,d5d48f8c-5c01-4cad-8bac-9bdd95c06718,confident-hedgehog,confident-hedgehog_v8.parquet,511.8344,24289,2025-11-09T22:49:21.523443Z
a847667d-f17e-4a1d-8475-7dfa8d4dafaf,d5d48f8c-5c01-4cad-8bac-9bdd95c06718,confident-hedgehog,confident-hedgehog_v32.parquet,512.3424,24289,2025-11-18T05:21:37.492068Z
6c99f199-2ee2-4d24-96fb-47ba3baa0399,d5d48f8c-5c01-4cad-8bac-9bdd95c06718,confident-hedgehog,confident-hedgehog_v33.parquet,512.3424,24289,2025-11-18T05:22:25.894576Z
fb71d1a3-38fc-4ac2-a604-e8db779eb1d5,0c6a5825-cf0e-42bc-ae40-88a927db1ccc,genuine-zucchini,genuine-zucchini_v16.parquet,513.0719,24289,2025-10-30T19:26:20.408344Z
adcb3e6c-854f-4fe7-aef1-beeaf6d18f29,1ecdc902-d28a-4c7f-830f-e007fa2ceb4a,friendly-raccoon,friendly-raccoon_v1.parquet,516.6546,24289,2025-10-23T16:10:32.239062Z
4ba34d8d-76cf-459f-b0c2-83e870c3942b,1ecdc902-d28a-4c7f-830f-e007fa2ceb4a,friendly-raccoon,friendly-raccoon_v2.parquet,516.6546,24289,2025-10-23T16:12:14.509285Z
9a193065-b6cd-4d75-94cc-101d22fec571,a7b732f2-5e4e-4955-bff0-bea308f07ca4,understated-zucchini,understated-zucchini_v45.parquet,518.019,24289,2025-11-25T21:46:48.306156Z
8372b8c5-a294-48cf-acd1-8c7b20e7d9a2,a7b732f2-5e4e-4955-bff0-bea308f07ca4,understated-zucchini,understated-zucchini_v44.parquet,518.3411,24289,2025-11-24T19:11:42.232057Z
e7842c27-e6f1-49c9-9288-8797292f7c80,0c6a5825-cf0e-42bc-ae40-88a927db1ccc,genuine-zucchini,genuine-zucchini_v4.parquet,518.8433,24289,2025-10-15T12:22:09.766063Z
a6d64d25-9c52-4b26-b147-9d5eef43c743,0c6a5825-cf0e-42bc-ae40-88a927db1ccc,genuine-zucchini,genuine-zucchini_v5.parquet,522.4271,24289,2025-10-16T18:09:48.036287Z
d0497bb3-d958-4536-bd19-832a143ecfcc,d5d48f8c-5c01-4cad-8bac-9bdd95c06718,confident-hedgehog,confident-hedgehog_v12.parquet,522.679,24289,2025-11-09T23:21:02.782357Z
176457ca-3e8a-41b9-afdd-93a26f3afc5c,d5d48f8c-5c01-4cad-8bac-9bdd95c06718,confident-hedgehog,confident-hedgehog_v3.parquet,525.9015,24289,2025-11-07T16:22:28.619629Z
29e61b2c-d179-4b6e-9fe7-9f2b4f399be3,d5d48f8c-5c01-4cad-8bac-9bdd95c06718,confident-hedgehog,confident-hedgehog_v9.parquet,527.0282,24289,2025-11-09T22:54:27.776902Z
926b01cb-19f2-46f9-a013-23aa238992bb,68b66eaf-8215-40ca-9aad-64364c2c3d2e,likable-ant,likable-ant_v42.parquet,527.0406,24289,2025-10-23T17:06:25.667191Z
4c2505c7-38e7-4280-adce-1cba33ec680f,d5d48f8c-5c01-4cad-8bac-9bdd95c06718,confident-hedgehog,confident-hedgehog_v10.parquet,527.0821,24289,2025-11-09T23:04:24.331934Z
9cbcbc53-f4f3-4355-85d9-10ddd9977c92,d4380db0-92a4-43c1-b901-4070b1bd5f8b,zippy-telephone,zippy-telephone_v17.parquet,528.9012,24289,2025-11-07T12:34:05.942334Z
0966af53-b7bf-43da-9aa5-84a896012e45,d4380db0-92a4-43c1-b901-4070b1bd5f8b,zippy-telephone,zippy-telephone_v13.parquet,529.0872,24289,2025-11-07T08:37:42.288509Z
cbceab28-6ed0-4ba9-b97d-a8051ce297eb,d4380db0-92a4-43c1-b901-4070b1bd5f8b,zippy-telephone,zippy-telephone_v16.parquet,529.0934,24289,2025-11-07T12:26:57.839621Z
8d039ee2-7b87-48cc-9ba3-d96b948f15e5,d4380db0-92a4-43c1-b901-4070b1bd5f8b,zippy-telephone,zippy-telephone_v15.parquet,529.1727,24289,2025-11-07T12:26:52.297849Z
cf716867-e98b-46b6-8df4-9d2392dd1df1,6ce05032-d453-4c56-8469-9c7820eb1ec6,helpful-deer,helpful-deer_v1.parquet,529.2778,24289,2025-11-09T06:02:54.345107Z
321c1618-af7f-418c-a491-1ef836db32d2,66d809ba-f439-448c-a4ef-6bf32b263ac5,confident-insect,confident-insect_v2.parquet,529.6274,24289,2025-11-07T16:10:14.771862Z
0087c89c-84e5-4bb2-a45f-112e8c403979,cb537b0b-6d6e-4ecc-ada7-45e0dd3d7b55,youthful-quilt,youthful-quilt_v26.parquet,531.8603,24289,2025-11-29T14:36:54.089984Z
7d9a9b52-0c7f-4a91-b98d-197f038750cd,cb537b0b-6d6e-4ecc-ada7-45e0dd3d7b55,youthful-quilt,youthful-quilt_v42.parquet,531.8603,24289,2025-11-29T14:41:28.815017Z
d807f874-e540-422b-bb6f-3e7f6984390a,cb537b0b-6d6e-4ecc-ada7-45e0dd3d7b55,youthful-quilt,youthful-quilt_v10.parquet,531.8778,24289,2025-11-27T14:41:51.522053Z
e5afb059-bf71-4c81-be01-0ea48d84627d,6ce05032-d453-4c56-8469-9c7820eb1ec6,helpful-deer,helpful-deer_v2.parquet,533.6677,24289,2025-11-09T06:39:38.794429Z
8f403782-e6f4-42c2-8731-b9edd1364550,d5d48f8c-5c01-4cad-8bac-9bdd95c06718,confident-hedgehog,confident-hedgehog_v7.parquet,535.1671,24289,2025-11-09T22:40:16.082677Z
4c264252-9ac5-4bbe-8c2d-820e0670b92e,d5d48f8c-5c01-4cad-8bac-9bdd95c06718,confident-hedgehog,confident-hedgehog_v14.parquet,537.0092,24289,2025-11-09T23:40:07.58399Z
2145290e-bfd2-434c-8b54-2ec4bc996d53,d4380db0-92a4-43c1-b901-4070b1bd5f8b,zippy-telephone,zippy-telephone_v14.parquet,538.1757,24289,2025-11-07T12:26:50.038863Z
74877842-a804-4d8e-864d-0e04e424bfa8,d4787726-65f9-4b6d-a6cf-6e9bbc834727,determined-dolphin,determined-dolphin_v0.parquet,541.1026,24289,2025-11-07T14:46:42.168812Z
5fd814f2-e68e-4aaa-be40-902ab7bb1c78,d5d48f8c-5c01-4cad-8bac-9bdd95c06718,confident-hedgehog,confident-hedgehog_v11.parquet,543.7389,24289,2025-11-09T23:18:35.975906Z
9c904152-10db-481e-9e60-7e7247f88ec7,b62b70c8-5615-4b52-a5f0-dba3f9833f90,kindly-garden,kindly-garden_v20.parquet,544.5316,24289,2025-11-27T18:50:05.542453Z
0babdd5b-fe8a-4757-bb0b-66d9e330b719,a7b732f2-5e4e-4955-bff0-bea308f07ca4,understated-zucchini,understated-zucchini_v8.parquet,544.9689,24289,2025-10-31T16:51:54.362855Z
9712e696-83c2-4909-9d5f-c6a088cbca56,6ce05032-d453-4c56-8469-9c7820eb1ec6,helpful-deer,helpful-deer_v3.parquet,545.0315,24289,2025-11-30T16:24:45.492434Z
a55d2fbd-22f3-45b0-ae7f-d755b145a4e0,a7b732f2-5e4e-4955-bff0-bea308f07ca4,understated-zucchini,understated-zucchini_v18.parquet,545.1602,24289,2025-11-02T20:50:11.619584Z
68f096ad-f4a7-48af-99de-67745a894973,e81c868f-93fb-429b-9070-9007b6de76c8,bright-lobster,bright-lobster_v320.parquet,545.3204,24289,2025-11-30T12:00:21.143319Z
03529a0b-c662-43db-96a7-642f379a2702,a7b732f2-5e4e-4955-bff0-bea308f07ca4,understated-zucchini,understated-zucchini_v2.parquet,545.9368,24289,2025-10-17T08:48:38.850609Z
d609d631-d826-43f4-bc9c-c53cd73b2bf7,e81c868f-93fb-429b-9070-9007b6de76c8,bright-lobster,bright-lobster_v4.parquet,548.1813,24289,2025-11-29T19:19:34.115834Z
c916807a-6669-42b1-845e-6c59263d16b5,dc5d4e8a-bb91-4dea-bbac-26b1f1b5d06a,zesty-hedgehog,zesty-hedgehog_v3.parquet,548.4008,24289,2025-10-20T12:07:17.814538Z
3281823e-a2fa-44cf-837b-03a86151c8e0,d5d48f8c-5c01-4cad-8bac-9bdd95c06718,confident-hedgehog,confident-hedgehog_v13.parquet,548.9137,24289,2025-11-09T23:36:16.131909Z
c35caf89-cb58-4dd6-902b-0513cd617065,35e8ea30-0233-4bd0-b81b-42c432a6140b,trustworthy-telephone,trustworthy-telephone_v9.parquet,550.5022,24289,2025-11-27T19:06:49.433948Z
cf79cf47-951e-4ac0-8eb7-794241efbc7d,d5d48f8c-5c01-4cad-8bac-9bdd95c06718,confident-hedgehog,confident-hedgehog_v48.parquet,552.7028,24289,2025-11-29T22:38:34.04377Z
55c90bbd-31bd-4a63-8e15-01c0a9779ffc,0c6a5825-cf0e-42bc-ae40-88a927db1ccc,genuine-zucchini,genuine-zucchini_v3.parquet,552.9163,24289,2025-10-15T11:59:35.145171Z
5893193e-a95f-46ca-abe9-bb505bc8a49b,7bcdc1d8-b95f-4751-a037-0f34eb4affa0,honest-rose,honest-rose_v21.parquet,555.6155,24289,2025-10-31T17:52:44.737371Z
7bdb4c7f-4faa-49f0-8563-489738744e92,e81c868f-93fb-429b-9070-9007b6de76c8,bright-lobster,bright-lobster_v51.parquet,558.6112,24289,2025-11-06T14:29:16.183255Z
3b501ccf-83ce-404d-9532-5479ce6a84ed,d5d48f8c-5c01-4cad-8bac-9bdd95c06718,confident-hedgehog,confident-hedgehog_v49.parquet,558.6844,24289,2025-11-29T23:28:02.926972Z
a5255b52-e615-493e-8c73-6e1337e3d513,cb537b0b-6d6e-4ecc-ada7-45e0dd3d7b55,youthful-quilt,youthful-quilt_v31.parquet,559.7819,24289,2025-11-29T14:36:43.687139Z
11c96cf0-b83a-41cf-9ac2-710afafb372c,cb537b0b-6d6e-4ecc-ada7-45e0dd3d7b55,youthful-quilt,youthful-quilt_v47.parquet,559.7819,24289,2025-11-29T14:41:35.662632Z
f227982a-f443-48c3-950b-7b8c8ed1cb24,d5d48f8c-5c01-4cad-8bac-9bdd95c06718,confident-hedgehog,confident-hedgehog_v6.parquet,560.2062,24289,2025-11-09T22:32:29.707538Z
b2764669-d0a6-43e2-ac06-3831e8d17443,d5d48f8c-5c01-4cad-8bac-9bdd95c06718,confident-hedgehog,confident-hedgehog_v5.parquet,561.2795,24289,2025-11-09T22:23:47.931311Z
577d79cd-a701-4935-b436-657991e0ee9b,e147bfe1-15ef-4b63-91cb-3b988b0caa04,inventive-apple,inventive-apple_v6.parquet,561.7376,24289,2025-11-30T10:02:26.580268Z
be804faa-3f5a-414f-8438-da56d9dd599a,e81c868f-93fb-429b-9070-9007b6de76c8,bright-lobster,bright-lobster_v3.parquet,563.6542,24289,2025-11-29T17:24:46.264082Z
9047db00-5b87-4127-816c-28929db6f239,d4380db0-92a4-43c1-b901-4070b1bd5f8b,zippy-telephone,zippy-telephone_v33.parquet,563.8741,24289,2025-11-08T17:59:05.015257Z
2d98f659-a5ba-4e8d-b2f6-296c9880a825,68b66eaf-8215-40ca-9aad-64364c2c3d2e,likable-ant,likable-ant_v70.parquet,564.2016,24289,2025-10-29T19:26:13.634666Z
2c28a9b1-1018-417d-9406-4b9f7334eb27,cb537b0b-6d6e-4ecc-ada7-45e0dd3d7b55,youthful-quilt,youthful-quilt_v5.parquet,564.6612,24289,2025-11-27T03:13:55.867322Z
50d91518-1f3b-4542-b073-92faf2ada9f1,cb537b0b-6d6e-4ecc-ada7-45e0dd3d7b55,youthful-quilt,youthful-quilt_v21.parquet,564.6717,24289,2025-11-29T14:36:56.470518Z
33e8fb79-e2dc-44f3-a4db-3477199aa1a5,cb537b0b-6d6e-4ecc-ada7-45e0dd3d7b55,youthful-quilt,youthful-quilt_v37.parquet,564.6717,24289,2025-11-29T14:41:53.312181Z
93b84a04-1f85-4a6d-99ec-32d75fb94161,68b66eaf-8215-40ca-9aad-64364c2c3d2e,likable-ant,likable-ant_v71.parquet,569.6561,24289,2025-10-30T05:30:03.600708Z
15da06a5-aac6-4390-8469-aac926df66a0,68b66eaf-8215-40ca-9aad-64364c2c3d2e,likable-ant,likable-ant_v72.parquet,569.6561,24289,2025-10-30T06:15:17.453657Z
15a5210a-6181-4cb1-abae-f5b5e101a9b0,cb537b0b-6d6e-4ecc-ada7-45e0dd3d7b55,youthful-quilt,youthful-quilt_v15.parquet,570.4065,24289,2025-11-27T23:01:53.243285Z
9cbbe38e-aea8-4fd0-bccc-e9f0ff084781,cce54e3b-a76a-4332-be21-15ca894890b1,unique-dinosaur,unique-dinosaur_v7.parquet,575.1908,24289,2025-11-08T15:52:35.883061Z
3bba4db2-2201-499e-a14c-364d736f7b1b,d5d48f8c-5c01-4cad-8bac-9bdd95c06718,confident-hedgehog,confident-hedgehog_v16.parquet,582.9649,24289,2025-11-16T17:07:09.689336Z
942460b0-72a5-47d4-9f3f-edec8c2e2c4c,cb537b0b-6d6e-4ecc-ada7-45e0dd3d7b55,youthful-quilt,youthful-quilt_v49.parquet,587.9906,24289,2025-11-30T18:49:39.584806Z
64d8b788-b013-49b7-bad1-fa908dabf119,a7b732f2-5e4e-4955-bff0-bea308f07ca4,understated-zucchini,understated-zucchini_v43.parquet,589.3519,24289,2025-11-22T19:58:41.644402Z
f58b227d-3edc-48d8-9631-fb796611c34f,9d5ed0b1-e1cb-42e6-af50-5b04a0fd961c,incredible-kiwi,incredible-kiwi_v31.parquet,594.4392,24289,2025-10-27T14:41:31.448189Z
7866b630-4457-442e-b21a-d80e24474f7f,cb537b0b-6d6e-4ecc-ada7-45e0dd3d7b55,youthful-quilt,youthful-quilt_v13.parquet,597.0902,24289,2025-11-28T23:42:07.287493Z
2a323414-f409-4a6f-9dc2-98d71f9a24a1,cb537b0b-6d6e-4ecc-ada7-45e0dd3d7b55,youthful-quilt,youthful-quilt_v29.parquet,597.0902,24289,2025-11-29T14:36:59.975772Z
99445be4-52b2-4788-bbb8-693d2b938fd7,cb537b0b-6d6e-4ecc-ada7-45e0dd3d7b55,youthful-quilt,youthful-quilt_v45.parquet,597.0902,24289,2025-11-29T14:41:26.428328Z
2f22705a-df93-43a1-9568-446da21ac132,cb537b0b-6d6e-4ecc-ada7-45e0dd3d7b55,youthful-quilt,youthful-quilt_v14.parquet,598.1475,24289,2025-11-28T23:41:57.571457Z
0fdff964-13cb-486a-9942-da7140b80746,cb537b0b-6d6e-4ecc-ada7-45e0dd3d7b55,youthful-quilt,youthful-quilt_v30.parquet,598.1475,24289,2025-11-29T14:36:52.097206Z
4cff3fe1-8466-4c7c-8371-9cda7c185a03,cb537b0b-6d6e-4ecc-ada7-45e0dd3d7b55,youthful-quilt,youthful-quilt_v46.parquet,598.1475,24289,2025-11-29T14:41:33.386485Z
3844bd70-f6de-42d4-9da0-c7c29f0718af,cf8d46d2-7d72-4c49-8586-ef4041d44fe6,reliable-jigsaw,reliable-jigsaw_v28.parquet,598.1977,24289,2025-11-02T14:32:36.411599Z
c7ec6845-bb4e-4f8d-874d-ed21e5673c07,68b66eaf-8215-40ca-9aad-64364c2c3d2e,likable-ant,likable-ant_v35.parquet,599.0448,24289,2025-10-23T11:14:41.98938Z
45e95861-57b9-4f5c-803c-115efbb6e80b,68b66eaf-8215-40ca-9aad-64364c2c3d2e,likable-ant,likable-ant_v37.parquet,599.0448,24289,2025-10-23T14:57:33.692819Z
2441d745-cd38-49e4-bd44-d6d2a806497e,b62b70c8-5615-4b52-a5f0-dba3f9833f90,kindly-garden,kindly-garden_v18.parquet,601.186,24289,2025-11-27T18:50:06.132975Z
61a42a51-b9ad-41c3-9f6d-659af0f64bb5,a7b732f2-5e4e-4955-bff0-bea308f07ca4,understated-zucchini,understated-zucchini_v47.parquet,601.6972,24289,2025-11-30T11:41:58.779095Z
bc16f873-770e-4486-8b8a-db0e88b61061,7bcdc1d8-b95f-4751-a037-0f34eb4affa0,honest-rose,honest-rose_v4.parquet,602.0471,24289,2025-10-19T22:44:01.577062Z
9ed650a6-cd1c-4bd5-9064-4b554fa041d0,b62b70c8-5615-4b52-a5f0-dba3f9833f90,kindly-garden,kindly-garden_v21.parquet,602.3581,24289,2025-11-27T18:50:15.699398Z
58807218-dcdf-4d8e-a369-8006fc715cbc,606dc3bc-ca68-44a2-960f-2b9d2fb0de66,zesty-raccoon,zesty-raccoon_v7.parquet,604.623,24289,2025-11-26T13:37:22.359589Z
a4a7d6b8-939f-4566-ac0e-73a2ddb2fead,ea6be75a-6be4-4f68-90ab-5dca51e94d6e,organized-kangaroo,organized-kangaroo_v7.parquet,607.4033,24289,2025-10-19T22:00:07.046078Z
030e592f-5793-40e3-bf31-fac86d9db385,ea6be75a-6be4-4f68-90ab-5dca51e94d6e,organized-kangaroo,organized-kangaroo_v8.parquet,607.4571,24289,2025-10-19T23:02:29.254817Z
d119ca7c-f4a8-4ca6-9546-6e0db023ff02,7bcdc1d8-b95f-4751-a037-0f34eb4affa0,honest-rose,honest-rose_v5.parquet,607.9287,24289,2025-10-19T23:40:01.846802Z
e469c3e5-3fc3-4b26-9d27-97daf56c773c,b62b70c8-5615-4b52-a5f0-dba3f9833f90,kindly-garden,kindly-garden_v28.parquet,611.0748,24289,2025-11-28T07:56:37.085708Z
68e2afcc-24ed-42da-9e1c-bb3e4289a853,e81c868f-93fb-429b-9070-9007b6de76c8,bright-lobster,bright-lobster_v20.parquet,612.6606,24289,2025-11-05T09:44:12.318956Z
59894945-7118-4c6b-b901-e43101b57ecb,a7b732f2-5e4e-4955-bff0-bea308f07ca4,understated-zucchini,understated-zucchini_v36.parquet,615.2332,24289,2025-11-16T10:46:13.562464Z
0b51c61a-95d6-477f-a7cc-13b0264bdbb2,b654dd9d-f0e2-4e9b-92cd-8077a0d8dd47,charming-pencil,charming-pencil_v1.parquet,616.278,24289,2025-11-09T11:36:07.54089Z
42b80134-aec6-4f51-a60a-f80b47b708e8,a7b732f2-5e4e-4955-bff0-bea308f07ca4,understated-zucchini,understated-zucchini_v37.parquet,616.5382,24289,2025-11-16T11:16:45.31151Z
32b09b23-9ad7-4b47-a59d-3bb42e3bb107,e81c868f-93fb-429b-9070-9007b6de76c8,bright-lobster,bright-lobster_v7.parquet,617.74,24289,2025-11-04T12:18:05.162144Z
2c7c6b97-ef1d-4888-8bf5-438e9f542618,cf8d46d2-7d72-4c49-8586-ef4041d44fe6,reliable-jigsaw,reliable-jigsaw_v19.parquet,622.6262,24289,2025-10-16T08:45:07.753812Z
4ff3e55f-1d9e-47f1-804a-79cd5463410f,cf8d46d2-7d72-4c49-8586-ef4041d44fe6,reliable-jigsaw,reliable-jigsaw_v20.parquet,625.4638,24289,2025-10-16T08:48:32.739185Z
a4c34851-a24d-4c03-995d-1c9945661c2f,606dc3bc-ca68-44a2-960f-2b9d2fb0de66,zesty-raccoon,zesty-raccoon_v65.parquet,626.4081,24289,2025-11-30T10:27:27.62029Z
c9684c14-6a9a-4765-9a93-a862be1b4d94,14eeb594-591f-4e44-9aaa-350cbb94afde,resourceful-quiver,resourceful-quiver_v63.parquet,626.8472,24289,2025-11-08T15:54:39.597605Z
bd14ac33-cdb8-4e03-9b64-dd459bead1e6,e81c868f-93fb-429b-9070-9007b6de76c8,bright-lobster,bright-lobster_v8.parquet,629.2819,24289,2025-11-04T12:28:32.750032Z
57f7c2ef-684d-476e-b81f-1fe3214260bf,b62b70c8-5615-4b52-a5f0-dba3f9833f90,kindly-garden,kindly-garden_v15.parquet,632.6369,24289,2025-11-27T18:49:17.07234Z
5f11225d-2433-4cfd-bec3-b51ec1938e71,e81c868f-93fb-429b-9070-9007b6de76c8,bright-lobster,bright-lobster_v13.parquet,636.2073,24289,2025-11-04T13:05:32.779189Z
9842a0a3-83ad-4883-a7c8-fcb910981465,e81c868f-93fb-429b-9070-9007b6de76c8,bright-lobster,bright-lobster_v15.parquet,636.9255,24289,2025-11-04T13:29:45.48422Z
251283ec-de79-43bf-9591-f66dd357417b,e81c868f-93fb-429b-9070-9007b6de76c8,bright-lobster,bright-lobster_v9.parquet,637.3676,24289,2025-11-04T12:41:59.355273Z
39baeb30-e473-40b2-b5ab-ad1bf878ab4b,e81c868f-93fb-429b-9070-9007b6de76c8,bright-lobster,bright-lobster_v12.parquet,637.3676,24289,2025-11-04T12:55:30.388778Z
b0fce1b3-7216-4940-aaf2-12a7567ee17c,d4380db0-92a4-43c1-b901-4070b1bd5f8b,zippy-telephone,zippy-telephone_v34.parquet,638.6629,24289,2025-11-08T19:21:44.77912Z
7a39eb20-e74d-4e68-93c5-f2ae3bc395d8,cce54e3b-a76a-4332-be21-15ca894890b1,unique-dinosaur,unique-dinosaur_v3.parquet,641.2205,24289,2025-11-07T16:20:13.812106Z
50a3ae78-c443-4c5a-b6a2-171b2599f1bd,b62b70c8-5615-4b52-a5f0-dba3f9833f90,kindly-garden,kindly-garden_v26.parquet,642.9534,24289,2025-11-28T07:56:35.464047Z
12978785-a4ed-4214-b5f2-aca9868396b3,a7b732f2-5e4e-4955-bff0-bea308f07ca4,understated-zucchini,understated-zucchini_v38.parquet,646.1191,24289,2025-11-16T12:03:03.850441Z
a8bc3e8a-f4b3-4820-88eb-d6ef89d360b8,d4380db0-92a4-43c1-b901-4070b1bd5f8b,zippy-telephone,zippy-telephone_v39.parquet,648.8679,24289,2025-11-11T08:12:02.981806Z
d5bd441e-331c-4339-a61a-e7ca83e78c10,cce54e3b-a76a-4332-be21-15ca894890b1,unique-dinosaur,unique-dinosaur_v6.parquet,649.1326,24289,2025-11-08T15:33:24.705905Z
75a8015a-b577-406d-bfb9-850dc52fd462,b62b70c8-5615-4b52-a5f0-dba3f9833f90,kindly-garden,kindly-garden_v6.parquet,650.059,24289,2025-11-27T10:50:47.516188Z
97d53ee2-682c-44e0-b66c-457ae5d4a7d7,e81c868f-93fb-429b-9070-9007b6de76c8,bright-lobster,bright-lobster_v14.parquet,650.7741,24289,2025-11-04T13:12:49.822618Z
4e648d72-a461-4f77-a1ba-9243264eb463,855d2583-cb26-42eb-90bb-c637baad7b95,jubilant-vase,jubilant-vase_v5.parquet,651.2852,24289,2025-11-14T21:10:55.572827Z
0d76fb7b-b968-4d70-bd84-a085e1216b9b,cce54e3b-a76a-4332-be21-15ca894890b1,unique-dinosaur,unique-dinosaur_v5.parquet,652.9501,24289,2025-11-08T15:19:33.167583Z
e0131c35-c37a-4dd7-9d3d-e8c96bf262ad,68b66eaf-8215-40ca-9aad-64364c2c3d2e,likable-ant,likable-ant_v55.parquet,653.8468,24289,2025-10-28T09:54:05.294658Z
9746a362-579c-4de9-8150-e7cff0ae0e39,b62b70c8-5615-4b52-a5f0-dba3f9833f90,kindly-garden,kindly-garden_v30.parquet,657.6075,24289,2025-11-28T07:56:43.355437Z
3e3ec60b-8538-424e-8449-7ea4362685e4,503514d7-529b-4927-85c2-1c1a97e2b0d5,affectionate-goblin,affectionate-goblin_v14.parquet,665.662,24289,2025-11-30T18:32:52.733694Z
920c79ee-9759-45b5-82c4-a15050ec09d2,e81c868f-93fb-429b-9070-9007b6de76c8,bright-lobster,bright-lobster_v11.parquet,671.4464,24289,2025-11-04T12:51:27.810487Z
53d2b22e-9a0d-4143-8c06-c568021439d9,d4380db0-92a4-43c1-b901-4070b1bd5f8b,zippy-telephone,zippy-telephone_v49.parquet,672.3066,24289,2025-11-18T18:43:45.703075Z
118454c9-bb40-4be1-9147-92dce92ce8e8,d5d48f8c-5c01-4cad-8bac-9bdd95c06718,confident-hedgehog,confident-hedgehog_v15.parquet,678.0553,24289,2025-11-16T15:39:41.112042Z
496a1cd9-295f-4911-97e9-28e21d8e9ae6,cce54e3b-a76a-4332-be21-15ca894890b1,unique-dinosaur,unique-dinosaur_v1.parquet,679.5794,24289,2025-11-06T17:18:04.861977Z
ca6fddee-cd23-4652-a72e-ac6dfc3605f9,b62b70c8-5615-4b52-a5f0-dba3f9833f90,kindly-garden,kindly-garden_v8.parquet,687.4336,24289,2025-11-27T10:50:49.814507Z
cd8d39ba-4c3c-4f44-9881-892fcd70d275,d5d48f8c-5c01-4cad-8bac-9bdd95c06718,confident-hedgehog,confident-hedgehog_v50.parquet,697.4223,24289,2025-11-30T00:49:43.235931Z
8766b59d-0440-4260-acf2-d89746c128bb,9d5ed0b1-e1cb-42e6-af50-5b04a0fd961c,incredible-kiwi,incredible-kiwi_v10.parquet,701.219,24289,2025-10-27T13:06:03.558234Z
66bad3f2-24a5-4b17-a53c-509900e916a0,9d5ed0b1-e1cb-42e6-af50-5b04a0fd961c,incredible-kiwi,incredible-kiwi_v30.parquet,701.219,24289,2025-10-27T13:07:11.583816Z
ad26a329-83c5-42bf-a7e7-2f88c8806c94,e81c868f-93fb-429b-9070-9007b6de76c8,bright-lobster,bright-lobster_v17.parquet,702.064,24289,2025-11-05T08:32:45.268274Z
28b761db-4a52-424f-ae88-b0f60977db93,dc5d4e8a-bb91-4dea-bbac-26b1f1b5d06a,zesty-hedgehog,zesty-hedgehog_v20.parquet,702.6016,24289,2025-11-11T17:08:27.372155Z
aa91e8f1-ae4f-432f-8cd9-91824ad8a6ec,d4380db0-92a4-43c1-b901-4070b1bd5f8b,zippy-telephone,zippy-telephone_v40.parquet,715.725,24289,2025-11-15T09:10:52.877577Z
c3985217-ee7e-4f16-b5f8-9757f194bc1b,855d2583-cb26-42eb-90bb-c637baad7b95,jubilant-vase,jubilant-vase_v4.parquet,720.9244,24289,2025-11-09T21:37:45.48167Z
3961b13c-4891-464a-891f-aba344b5dc2d,855d2583-cb26-42eb-90bb-c637baad7b95,jubilant-vase,jubilant-vase_v7.parquet,723.2654,24289,2025-11-23T15:10:27.221948Z
52f0ecb7-6714-4761-9ed3-7bfb7661465d,d4380db0-92a4-43c1-b901-4070b1bd5f8b,zippy-telephone,zippy-telephone_v38.parquet,723.3687,24289,2025-11-11T08:11:54.838034Z
f7e71c72-dd81-4522-bead-13b32037b44e,855d2583-cb26-42eb-90bb-c637baad7b95,jubilant-vase,jubilant-vase_v6.parquet,724.7262,24289,2025-11-23T15:09:07.239268Z
8e4f5121-ac7b-4f1a-9c34-9d8d72c941cd,b62b70c8-5615-4b52-a5f0-dba3f9833f90,kindly-garden,kindly-garden_v9.parquet,724.7493,24289,2025-11-27T10:50:49.852172Z
c14d1caf-2a8c-4d38-9ea9-68f63ac2988a,a7b732f2-5e4e-4955-bff0-bea308f07ca4,understated-zucchini,understated-zucchini_v11.parquet,726.4248,24289,2025-11-01T09:14:36.03917Z
9dc4a357-1fba-43e1-b306-05881ca7b135,68b66eaf-8215-40ca-9aad-64364c2c3d2e,likable-ant,likable-ant_v57.parquet,727.0327,24289,2025-10-28T09:53:43.154508Z
9af5ce61-cf29-4cfd-897e-dc5fdffa5888,e81c868f-93fb-429b-9070-9007b6de76c8,bright-lobster,bright-lobster_v1.parquet,735.1109,24289,2025-11-29T16:33:01.74829Z
9887964f-37c3-4247-94d0-e550a5c81cfb,d5d48f8c-5c01-4cad-8bac-9bdd95c06718,confident-hedgehog,confident-hedgehog_v31.parquet,737.9427,24289,2025-11-18T04:35:21.881706Z
3f701260-33f8-45cc-8ab4-6870f952db0d,b62b70c8-5615-4b52-a5f0-dba3f9833f90,kindly-garden,kindly-garden_v24.parquet,747.2681,24289,2025-11-27T18:50:25.77309Z
136dfa89-697d-4e91-bd6e-0781a229f8f5,b62b70c8-5615-4b52-a5f0-dba3f9833f90,kindly-garden,kindly-garden_v27.parquet,748.2446,24289,2025-11-28T07:56:36.325886Z
4e03b6fb-6c2a-4cf3-8195-014d13cc4d72,b62b70c8-5615-4b52-a5f0-dba3f9833f90,kindly-garden,kindly-garden_v25.parquet,748.7593,24289,2025-11-28T07:56:34.235931Z
5645c48b-17e9-41fa-9102-749512a94b2a,d4380db0-92a4-43c1-b901-4070b1bd5f8b,zippy-telephone,zippy-telephone_v48.parquet,748.8332,24289,2025-11-17T16:00:43.772088Z
95b57709-3beb-48b2-bac2-226d2680ee12,d4380db0-92a4-43c1-b901-4070b1bd5f8b,zippy-telephone,zippy-telephone_v36.parquet,751.9343,24289,2025-11-09T15:32:26.457539Z
f67a3b7b-727d-48f3-8f84-6ffa38b18d84,e81c868f-93fb-429b-9070-9007b6de76c8,bright-lobster,bright-lobster_v64.parquet,753.3464,24289,2025-11-07T09:58:46.147942Z
0786b989-cb2f-4af7-bd77-5f479ab87d3a,b62b70c8-5615-4b52-a5f0-dba3f9833f90,kindly-garden,kindly-garden_v23.parquet,757.784,24289,2025-11-27T18:50:30.134042Z
ce87a18b-8389-43db-ba12-089bfacbb938,d4380db0-92a4-43c1-b901-4070b1bd5f8b,zippy-telephone,zippy-telephone_v53.parquet,760.7656,24289,2025-11-21T12:36:44.427839Z
a6b73495-171e-4caa-8512-d32c5e3ca369,b62b70c8-5615-4b52-a5f0-dba3f9833f90,kindly-garden,kindly-garden_v31.parquet,763.3076,24289,2025-11-28T07:56:44.276257Z
4a299f2d-7147-4060-96b2-5818f2024484,a7b732f2-5e4e-4955-bff0-bea308f07ca4,understated-zucchini,understated-zucchini_v42.parquet,764.3581,24289,2025-11-21T14:27:30.086473Z
0408ec1a-4b8e-45bd-a5e0-acb540705125,e81c868f-93fb-429b-9070-9007b6de76c8,bright-lobster,bright-lobster_v6.parquet,765.7265,24289,2025-11-04T10:25:19.224339Z
03e7bdfc-4622-4def-9304-db9404d11dcc,d4380db0-92a4-43c1-b901-4070b1bd5f8b,zippy-telephone,zippy-telephone_v42.parquet,771.6801,24289,2025-11-15T10:09:22.492529Z
6b415573-4f74-4698-89a9-f45cd2b28cf9,cce54e3b-a76a-4332-be21-15ca894890b1,unique-dinosaur,unique-dinosaur_v2.parquet,773.1204,24289,2025-11-07T05:38:56.29183Z
e23082a7-6c2f-468c-8aef-89b3ed52613c,a7b732f2-5e4e-4955-bff0-bea308f07ca4,understated-zucchini,understated-zucchini_v41.parquet,774.1919,24289,2025-11-21T12:33:44.424836Z
80993c74-3a29-4159-83d4-fba20dde9e9d,b62b70c8-5615-4b52-a5f0-dba3f9833f90,kindly-garden,kindly-garden_v29.parquet,778.473,24289,2025-11-28T07:56:43.486503Z
b5c57482-aaa1-428d-b955-04da57eb360e,68b66eaf-8215-40ca-9aad-64364c2c3d2e,likable-ant,likable-ant_v52.parquet,786.5024,24289,2025-10-27T08:34:34.251897Z
d19eb3f1-c23b-40df-85cc-b088fa8de2dd,ea6be75a-6be4-4f68-90ab-5dca51e94d6e,organized-kangaroo,organized-kangaroo_v1.parquet,786.5028,24289,2025-10-14T14:42:46.535749Z
da128168-ecee-446b-985e-8b059332e84e,cb537b0b-6d6e-4ecc-ada7-45e0dd3d7b55,youthful-quilt,youthful-quilt_v18.parquet,786.7738,24289,2025-11-29T14:37:11.153881Z
15836007-abd3-4249-81f8-435fe245f722,cb537b0b-6d6e-4ecc-ada7-45e0dd3d7b55,youthful-quilt,youthful-quilt_v34.parquet,786.7738,24289,2025-11-29T14:41:36.937477Z
7bb6aee4-bab7-4476-b1c4-5eeb312c10c5,cb537b0b-6d6e-4ecc-ada7-45e0dd3d7b55,youthful-quilt,youthful-quilt_v2.parquet,787.9383,24289,2025-11-26T22:59:45.998487Z
5c0409c1-b4d1-474e-8b13-67653702feda,68b66eaf-8215-40ca-9aad-64364c2c3d2e,likable-ant,likable-ant_v189.parquet,790.6911,24289,2025-11-26T12:33:34.242866Z
3468e3b4-4878-4c25-85c1-9db0c94ff727,e81c868f-93fb-429b-9070-9007b6de76c8,bright-lobster,bright-lobster_v120.parquet,792.2253,24289,2025-11-11T20:30:47.080559Z
aac0b82a-e877-4421-9a7f-a6095e43d42d,26d10cbd-d007-403c-a5ef-f3f68a2cb4c6,exuberant-piano,exuberant-piano_v3.parquet,795.0912,24289,2025-11-03T04:23:23.999737Z
811fd37e-097f-4ca1-a778-603460909168,68b66eaf-8215-40ca-9aad-64364c2c3d2e,likable-ant,likable-ant_v56.parquet,800.6869,24289,2025-10-28T09:53:55.772543Z
c151afd0-acd2-4c47-9ba2-6897db9fd093,4da5b007-8d7c-4edc-840f-37747e56f1a2,resourceful-beetle,resourceful-beetle_v29.parquet,801.6649,24289,2025-11-25T19:24:11.961527Z
06763f9f-89a8-4515-9037-374ab8e5320f,d4380db0-92a4-43c1-b901-4070b1bd5f8b,zippy-telephone,zippy-telephone_v41.parquet,802.264,24289,2025-11-15T09:19:13.499676Z
79ce09e2-afa1-448e-a297-b0be061fbaad,68b66eaf-8215-40ca-9aad-64364c2c3d2e,likable-ant,likable-ant_v190.parquet,803.0215,24289,2025-11-26T12:35:33.759447Z
948c2ff8-6b5e-43e3-8eec-20318954affd,d5d48f8c-5c01-4cad-8bac-9bdd95c06718,confident-hedgehog,confident-hedgehog_v17.parquet,805.0272,24289,2025-11-16T18:40:22.384486Z
6ccfd7c4-9551-42e0-b038-1739c0a54cdd,606dc3bc-ca68-44a2-960f-2b9d2fb0de66,zesty-raccoon,zesty-raccoon_v22.parquet,806.4156,24289,2025-11-27T15:58:43.939903Z
8de1a751-9430-4339-8f32-f1b52b1658ac,606dc3bc-ca68-44a2-960f-2b9d2fb0de66,zesty-raccoon,zesty-raccoon_v23.parquet,806.4156,24289,2025-11-27T16:11:45.41968Z
e9d30570-60d1-4775-a08e-e45111233120,606dc3bc-ca68-44a2-960f-2b9d2fb0de66,zesty-raccoon,zesty-raccoon_v24.parquet,806.4156,24289,2025-11-27T16:18:30.945884Z
ab18d14c-567b-45f8-afc3-1c971c913c77,e9f5d4ab-8177-46a0-839d-7e7fe0a5cd3d,gracious-jacket,gracious-jacket_v25.parquet,819.4423,24289,2025-10-19T00:46:59.383199Z
86f3a377-65d4-482d-9eca-3c68c66910b2,e9f5d4ab-8177-46a0-839d-7e7fe0a5cd3d,gracious-jacket,gracious-jacket_v47.parquet,820.4839,24289,2025-10-22T20:10:41.301104Z
41c7f106-c7c6-4ecf-bcb2-92a2b27dfeab,cf8d46d2-7d72-4c49-8586-ef4041d44fe6,reliable-jigsaw,reliable-jigsaw_v1.parquet,825.8968,24289,2025-10-15T19:14:40.603009Z
9f4c2ac0-99ca-47ee-bcea-931db1dc64af,dc676bb2-024b-4485-bdd0-b2c454bb49bd,kindly-kiwi,kindly-kiwi_v1.parquet,843.6343,24289,2025-11-09T20:27:22.87908Z
1c073264-3c03-458c-8dc0-96dabe9f0ccc,4da5b007-8d7c-4edc-840f-37747e56f1a2,resourceful-beetle,resourceful-beetle_v28.parquet,847.4267,24289,2025-11-21T10:55:32.264581Z
dd196ea8-4728-4043-a4c1-23d5cd0b0224,4da5b007-8d7c-4edc-840f-37747e56f1a2,resourceful-beetle,resourceful-beetle_v27.parquet,847.9045,24289,2025-11-20T23:41:43.686275Z
118ca18e-4e5b-41ac-a159-aac36db1105c,d4380db0-92a4-43c1-b901-4070b1bd5f8b,zippy-telephone,zippy-telephone_v65.parquet,855.4462,24289,2025-11-22T14:06:22.533772Z
edfab38d-9c40-4e04-8fff-31bb4fd2614f,c35c6896-0020-47d7-92a1-fbf8c8057bd8,zestful-volcano,zestful-volcano_v1.parquet,862.322,24289,2025-10-14T00:03:40.003169Z
3e1050ef-3414-4c46-93e7-e1ee189c54c2,68b66eaf-8215-40ca-9aad-64364c2c3d2e,likable-ant,likable-ant_v136.parquet,865.0159,24289,2025-11-26T03:26:29.521255Z
3184470a-1c76-4c94-b9ca-41836be59203,c35c6896-0020-47d7-92a1-fbf8c8057bd8,zestful-volcano,zestful-volcano_v5.parquet,865.7596,24289,2025-10-22T09:05:27.21776Z
ff5ab0b0-a74b-471d-8d4e-79fd74146695,c35c6896-0020-47d7-92a1-fbf8c8057bd8,zestful-volcano,zestful-volcano_v3.parquet,868.4758,24289,2025-10-19T18:15:37.763459Z
6223989a-19e9-43e8-9be2-a5b4feb6c1e4,c35c6896-0020-47d7-92a1-fbf8c8057bd8,zestful-volcano,zestful-volcano_v4.parquet,871.3464,24289,2025-10-20T20:22:32.843408Z
4352062a-dc61-4cb0-acd2-ae8378fa88dc,c35c6896-0020-47d7-92a1-fbf8c8057bd8,zestful-volcano,zestful-volcano_v2.parquet,876.3998,24289,2025-10-14T00:03:40.001767Z
b02c919f-2255-49e4-bcf1-c3cbe42ee71e,8a04baf5-b796-4e91-85d3-53885ec570d8,nurturing-telephone,nurturing-telephone_v3.parquet,877.9843,24289,2025-11-28T08:26:49.955339Z
7a34b6fa-4cb3-454f-bd31-e4556b45eb40,d4380db0-92a4-43c1-b901-4070b1bd5f8b,zippy-telephone,zippy-telephone_v47.parquet,878.9903,24289,2025-11-17T15:41:31.943063Z
00a78172-93d5-45bb-982c-8d94741698f1,29dabcd6-5a77-466a-8894-b6055fe45569,sincere-glacier,sincere-glacier_v26.parquet,879.7583,24289,2025-11-26T11:47:54.401336Z
17013cb6-4d6d-4851-bf68-25a537f436b6,68b66eaf-8215-40ca-9aad-64364c2c3d2e,likable-ant,likable-ant_v171.parquet,881.1484,24289,2025-11-23T02:02:08.668441Z
e4580eb7-3f76-4a7d-bfef-84af55d72c2e,cce54e3b-a76a-4332-be21-15ca894890b1,unique-dinosaur,unique-dinosaur_v21.parquet,881.1951,24289,2025-11-15T20:10:02.264959Z
8ae6d5a9-81f6-4db2-952e-c0e70bb80e57,ea6be75a-6be4-4f68-90ab-5dca51e94d6e,organized-kangaroo,organized-kangaroo_v20.parquet,881.1961,24289,2025-11-09T22:45:34.750843Z
b1485ad7-8bb7-40a5-8880-7e65a4ee4714,d4380db0-92a4-43c1-b901-4070b1bd5f8b,zippy-telephone,zippy-telephone_v51.parquet,881.1961,24289,2025-11-19T13:00:19.54727Z
9c596663-1989-4c5b-b571-cfd909c6366d,d4380db0-92a4-43c1-b901-4070b1bd5f8b,zippy-telephone,zippy-telephone_v52.parquet,881.1961,24289,2025-11-19T13:41:42.247532Z
f5a27157-26a1-40b5-ad94-7f0aac05eeee,d4380db0-92a4-43c1-b901-4070b1bd5f8b,zippy-telephone,zippy-telephone_v57.parquet,881.1961,24289,2025-11-21T21:26:13.150774Z
8de28ae7-a951-4c4d-86a7-b7308b99738b,d4380db0-92a4-43c1-b901-4070b1bd5f8b,zippy-telephone,zippy-telephone_v58.parquet,881.1961,24289,2025-11-21T21:26:14.286797Z
86d98a8f-fca1-48ab-81d7-9dae862942dc,d4380db0-92a4-43c1-b901-4070b1bd5f8b,zippy-telephone,zippy-telephone_v59.parquet,881.1961,24289,2025-11-22T09:49:31.430723Z
06da0107-aa8b-4cb2-9298-14d0504b6ca7,d4380db0-92a4-43c1-b901-4070b1bd5f8b,zippy-telephone,zippy-telephone_v63.parquet,881.1961,24289,2025-11-22T13:37:50.636709Z
4bee99a9-20ad-4193-b9ae-cb852cc85524,d4380db0-92a4-43c1-b901-4070b1bd5f8b,zippy-telephone,zippy-telephone_v69.parquet,881.1961,24289,2025-11-30T09:02:13.603797Z
ff88a7ca-7ddc-45a7-b779-6027ee8a2d76,46837dc7-445a-43e5-b76d-07d48bfb5960,unique-honey,unique-honey_v4.parquet,921.3429,24289,2025-11-11T15:04:35.595223Z
4438890b-3a75-43a2-b81a-fb67c2dead52,8a04baf5-b796-4e91-85d3-53885ec570d8,nurturing-telephone,nurturing-telephone_v1.parquet,963.04,24289,2025-11-25T19:24:06.119646Z
29921362-eb92-481b-8a3f-9e0832e58f38,a7b732f2-5e4e-4955-bff0-bea308f07ca4,understated-zucchini,understated-zucchini_v46.parquet,992.3082,24289,2025-11-26T04:26:42.944465Z
5213a15c-c2aa-4c95-952b-09ee94939465,213e79a6-b2df-4542-a4b9-af3f2532c2ad,dependable-xylophone,dependable-xylophone_v10.parquet,996.0798,24289,2025-10-14T22:45:11.11719Z
979b996f-315a-4a15-9732-84f313f73353,213e79a6-b2df-4542-a4b9-af3f2532c2ad,dependable-xylophone,dependable-xylophone_v9.parquet,1008.1093,24289,2025-10-14T02:52:11.057697Z
0fd78ae1-e62e-4578-a864-e8a2c6213700,213e79a6-b2df-4542-a4b9-af3f2532c2ad,dependable-xylophone,dependable-xylophone_v12.parquet,1012.0903,24289,2025-11-07T00:10:36.874327Z
159fcbf6-316a-4b3c-a339-cf243a445858,c89eae09-04ab-4cd7-8f49-2a149d6507a5,zany-garden,zany-garden_v4.parquet,1014.1618,24289,2025-11-04T01:14:25.566646Z
86ca1cb7-34fe-4f20-8988-1697919eee05,c89eae09-04ab-4cd7-8f49-2a149d6507a5,zany-garden,zany-garden_v3.parquet,1015.5396,24289,2025-11-04T01:08:04.973074Z
ed82ab10-0245-4177-9946-d529a247feb4,213e79a6-b2df-4542-a4b9-af3f2532c2ad,dependable-xylophone,dependable-xylophone_v13.parquet,1036.4012,24289,2025-11-07T00:34:55.404516Z
213f47fd-620b-4e19-b23a-24115a78a845,213e79a6-b2df-4542-a4b9-af3f2532c2ad,dependable-xylophone,dependable-xylophone_v2.parquet,1052.2226,24289,2025-10-14T00:03:33.711646Z
b9645aa1-2d71-4a7e-a564-ceb1a9a57125,213e79a6-b2df-4542-a4b9-af3f2532c2ad,dependable-xylophone,dependable-xylophone_v1.parquet,1052.2226,24289,2025-10-14T00:03:35.311625Z
2dce5793-fcdb-452e-bd78-63d8525ea96e,213e79a6-b2df-4542-a4b9-af3f2532c2ad,dependable-xylophone,dependable-xylophone_v3.parquet,1052.2226,24289,2025-10-14T01:45:31.093875Z
f4a9ccae-85fc-4dfa-88ed-98b458c7ba84,213e79a6-b2df-4542-a4b9-af3f2532c2ad,dependable-xylophone,dependable-xylophone_v11.parquet,1052.3069,24289,2025-10-14T23:26:04.178492Z
88cfefd8-fbb7-42d5-ade8-b7edb28bac27,df9c7324-0d78-4547-b3fb-29da3e2b58c1,polite-emu,polite-emu_v0.parquet,1065.0827,24289,2025-11-30T20:03:57.965233Z
92707e62-186b-4543-86f1-3b3f5ed6e57c,14eeb594-591f-4e44-9aaa-350cbb94afde,resourceful-quiver,resourceful-quiver_v99.parquet,1066.6852,24289,2025-11-13T13:45:59.719868Z
a0ae7775-20da-4065-85d7-2be6da7c3306,66d809ba-f439-448c-a4ef-6bf32b263ac5,confident-insect,confident-insect_v1.parquet,1121.9591,24289,2025-11-05T01:24:15.779759Z
d738e33f-cff3-48b0-8f4c-05f338237f15,606dc3bc-ca68-44a2-960f-2b9d2fb0de66,zesty-raccoon,zesty-raccoon_v60.parquet,1293.285,24289,2025-11-29T20:29:06.149743Z
14e5ff6a-070b-444b-859d-fd097bee07ad,d4380db0-92a4-43c1-b901-4070b1bd5f8b,zippy-telephone,zippy-telephone_v70.parquet,1314.474,24289,2025-11-30T09:02:24.510997Z
404f1f54-ffde-42a2-b333-91409b1c24ce,7bcdc1d8-b95f-4751-a037-0f34eb4affa0,honest-rose,honest-rose_v30.parquet,1979.402,24289,2025-11-03T16:38:21.93467Z
9dbaf356-4966-43b5-907d-67b124b7e53d,7bcdc1d8-b95f-4751-a037-0f34eb4affa0,honest-rose,honest-rose_v29.parquet,1980.1859,24289,2025-11-03T04:35:01.897987Z
b10565f3-f065-41e3-bcc8-04409415ad6c,7bcdc1d8-b95f-4751-a037-0f34eb4affa0,honest-rose,honest-rose_v31.parquet,2075.5514,24289,2025-11-03T17:41:02.444147Z
fb7c08a2-9c9a-469e-8d17-9437471f2fc2,05e93b12-b109-4596-a502-f654422533b5,exuberant-emu,exuberant-emu_v3.parquet,2433.291,24289,2025-11-04T03:43:14.122256Z
f6fc5a16-7285-46df-992f-b8e7c51e425d,7bcdc1d8-b95f-4751-a037-0f34eb4affa0,honest-rose,honest-rose_v24.parquet,2550.3597,24289,2025-11-02T12:59:34.732073Z
ae6f1caf-e06c-4ce6-a77f-23eaea44e9bb,7bcdc1d8-b95f-4751-a037-0f34eb4affa0,honest-rose,honest-rose_v26.parquet,2758.74,24289,2025-11-02T23:13:39.990518Z
15321514-bc11-43ac-b544-1e74bc2ea7dd,7bcdc1d8-b95f-4751-a037-0f34eb4affa0,honest-rose,honest-rose_v27.parquet,2758.74,24289,2025-11-02T23:36:24.265042Z
f1a20591-a820-49f6-aace-e76342e91b0f,7bcdc1d8-b95f-4751-a037-0f34eb4affa0,honest-rose,honest-rose_v28.parquet,2758.74,24289,2025-11-02T23:36:51.710779Z
42ee272c-19f3-49d3-9bdc-207bbb3932cb,7bcdc1d8-b95f-4751-a037-0f34eb4affa0,honest-rose,honest-rose_v25.parquet,2807.4425,24289,2025-11-02T21:00:44.773278Z
4a38936d-22cb-4252-9535-742616228159,0c6a5825-cf0e-42bc-ae40-88a927db1ccc,genuine-zucchini,genuine-zucchini_v1.parquet,39532.2636,24289,2025-10-15T03:17:54.666275Z
65dcaa13-9c19-4ee8-9ab1-0ed886d83a82,29dabcd6-5a77-466a-8894-b6055fe45569,sincere-glacier,sincere-glacier_v1.parquet,731252.9088,24289,2025-11-24T11:57:40.517835Z
83b9cab3-9fdd-4e82-b3ec-daf8820e1186,68b66eaf-8215-40ca-9aad-64364c2c3d2e,likable-ant,likable-ant_v134.parquet,16561187087.585,24289,2025-11-26T03:24:41.038304Z
c1c39934-ba1f-4ca6-a407-f980fee81582,68b66eaf-8215-40ca-9aad-64364c2c3d2e,likable-ant,likable-ant_v231.parquet,1.34117703827232e+21,24289,2025-11-28T19:38:37.304309Z